rxn_id	rxn_name	ec_number	equation
EX_12ppd__R_e	EX_12ppd__R_e		(R)-Propane-1,2-diol  -> 
EX_12ppd__S_e	EX_12ppd__S_e		(S)-Propane-1,2-diol  -> 
EX_14glucan_e	EX_14glucan_e		1,4-alpha-D-glucan  -> 
EX_15dap_e	EX_15dap_e		1,5-Diaminopentane  -> 
EX_23camp_e	EX_23camp_e		2',3'-Cyclic AMP  -> 
EX_23ccmp_e	EX_23ccmp_e		2',3'-Cyclic CMP  -> 
EX_23cgmp_e	EX_23cgmp_e		2',3'-Cyclic GMP  -> 
EX_23cump_e	EX_23cump_e		2',3'-Cyclic UMP  -> 
EX_23dappa_e	EX_23dappa_e		2,3-diaminopropionate  -> 
EX_25dkglcn_e	EX_25dkglcn_e		2,5-diketo-D-gluconate  -> 
EX_26dap__M_e	EX_26dap__M_e		Meso-2,6-Diaminoheptanedioate  -> 
EX_2ameph_e	EX_2ameph_e		2-Aminoethylphosphonate  -> 
EX_2ddglcn_e	EX_2ddglcn_e		2-Dehydro-3-deoxy-D-gluconate  -> 
EX_2dhglcn_e	EX_2dhglcn_e		2-Dehydro-D-gluconate  -> 
EX_2hxmp_e	EX_2hxmp_e		2  Hydroxymethyl phenol C7H8O2  -> 
EX_2m35mdntha_e	EX_2m35mdntha_e		N  2 methyl 3 5 dinitrophenyl  4 methyl 3 5 dinitroaniline  -> 
EX_2obut_e	EX_2obut_e		2-Oxobutanoate  -> 
EX_2pg_e	EX_2pg_e		D-Glycerate 2-phosphate  -> 
EX_2pglyc_e	EX_2pglyc_e		2-Phosphoglycolate  -> 
EX_34dhbz_e	EX_34dhbz_e		3,4-Dihydroxybenzoate  -> 
EX_34dhpac_e	EX_34dhpac_e		3,4-Dihydroxyphenylacetaldehyde  -> 
EX_35dnta_e	EX_35dnta_e		N N bis 3 5 dinitrotolyl  amine  -> 
EX_3amp_e	EX_3amp_e		3  AMP C10H12N5O7P  -> 
EX_3cmp_e	EX_3cmp_e		3  CMP C9H12N3O8P  -> 
EX_3gmp_e	EX_3gmp_e		Guanosine 3  phosphate C10H12N5O8P  -> 
EX_3hcinnm_e	EX_3hcinnm_e		3-hydroxycinnamic acid  -> 
EX_3hoxpac_e	EX_3hoxpac_e		3 Hydroxyphenylacetic acid C8H8O3  -> 
EX_3hpppn_e	EX_3hpppn_e		3-(3-hydroxy-phenyl)propionate  -> 
EX_3mb_e	EX_3mb_e		3-Methylbutanoic acid  -> 
EX_3pg_e	EX_3pg_e		3-Phospho-D-glycerate  -> 
EX_3ump_e	EX_3ump_e		3  UMP C9H11N2O9P  -> 
EX_4abut_e	EX_4abut_e		4-Aminobutanoate  -> 
EX_4hba_e	EX_4hba_e		4-Hydroxy-benzyl alcohol  -> 
EX_4hbald_e	EX_4hbald_e		4-Hydroxybenzaldehyde  -> 
EX_4hbz_e	EX_4hbz_e		4-Hydroxybenzoate  -> 
EX_4hoxpacd_e	EX_4hoxpacd_e		4-Hydroxyphenylacetaldehyde  -> 
EX_4hphac_e	EX_4hphac_e		4-Hydroxyphenylacetate  -> 
EX_4hthr_e	EX_4hthr_e		4-Hydroxy-L-threonine  -> 
EX_4oxptn_e	EX_4oxptn_e		4 Oxopentanoate  -> 
EX_5dglcn_e	EX_5dglcn_e		5-Dehydro-D-gluconate  -> 
EX_5mtr_e	EX_5mtr_e		5-Methylthio-D-ribose  -> 
EX_6apa_e	EX_6apa_e		6 Aminopenicillanic acid C8H12N2O3S  -> 
EX_LalaDgluMdapDala_e	EX_LalaDgluMdapDala_e		L-alanine-D-glutamate-meso-2,6-diaminoheptanedioate-D-alanine  -> 
EX_LalaDgluMdap_e	EX_LalaDgluMdap_e		L-alanine-D-glutamate-meso-2,6-diaminoheptanedioate  -> 
EX_LalaDglu_e	EX_LalaDglu_e		L-alanine-D-glutamate  -> 
EX_LalaLglu_e	EX_LalaLglu_e		L-alanine-L-glutamate  -> 
EX_Lcyst_e	EX_Lcyst_e		L-Cysteate  -> 
EX_R3hdec4e_e	EX_R3hdec4e_e		 3 Hydroxy 4Z decenic acid  -> 
EX_ac_e	EX_ac_e		Acetate  -> 
EX_acac_e	EX_acac_e		Acetoacetate  -> 
EX_acald_e	EX_acald_e		Acetaldehyde  -> 
EX_acgal1p_e	EX_acgal1p_e		N-Acetyl-D-galactosamine 1-phosphate  -> 
EX_acgal_e	EX_acgal_e		N-Acetyl-D-galactosamine  -> 
EX_acgam1p_e	EX_acgam1p_e		N-Acetyl-D-glucosamine 1-phosphate  -> 
EX_acgam_e	EX_acgam_e		N-Acetyl-D-glucosamine  -> 
EX_acmana_e	EX_acmana_e		N-Acetyl-D-mannosamine  -> 
EX_acmum_e	EX_acmum_e		N-Acetylmuramate  -> 
EX_acnam_e	EX_acnam_e		N-Acetylneuraminate  -> 
EX_acon_C_e	EX_acon_C_e		Cis-Aconitate  -> 
EX_acser_e	EX_acser_e		O-Acetyl-L-serine  -> 
EX_actn__R_e	EX_actn__R_e		 R  Acetoin C4H8O2  -> 
EX_ad_e	EX_ad_e		Acetamide  -> 
EX_ade_e	EX_ade_e		Adenine  -> 
EX_adn_e	EX_adn_e		Adenosine  -> 
EX_agm_e	EX_agm_e		Agmatine  -> 
EX_airs_e	EX_airs_e		Aminoimidazole-riboside  -> 
EX_akg_e	EX_akg_e		2-Oxoglutarate  -> 
EX_ala_B_e	EX_ala_B_e		Beta-Alanine  -> 
EX_ala_L_asp__L_e	EX_ala_L_asp__L_e		Ala L asp L C7H11N2O5  -> 
EX_ala_L_glu__L_e	EX_ala_L_glu__L_e		Ala L glu L C8H13N2O5  -> 
EX_ala_L_thr__L_e	EX_ala_L_thr__L_e		Ala-L-Thr-L  -> 
EX_ala__D_e	EX_ala__D_e		D-Alanine  -> 
EX_ala__L_e	EX_ala__L_e		L-Alanine  -> 
EX_ala_gln_e	EX_ala_gln_e		Ala-Gln  -> 
EX_ala_his_e	EX_ala_his_e		Ala-His  -> 
EX_ala_leu_e	EX_ala_leu_e		Ala-Leu  -> 
EX_alaala_e	EX_alaala_e		D-Alanyl-D-alanine  -> 
EX_alagly_e	EX_alagly_e		L-alanylglycine  -> 
EX_all__D_e	EX_all__D_e		D-Allose  -> 
EX_alltn_e	EX_alltn_e		Allantoin  -> 
EX_amp_e	EX_amp_e		AMP C10H12N5O7P  -> 
EX_anhgm_e	EX_anhgm_e		N-Acetyl-D-glucosamine(anhydrous)N-Acetylmuramic acid  -> 
EX_apc_e	EX_apc_e		Ampicillin  -> 
EX_arab__D_e	EX_arab__D_e		D Arabinose C5H10O5  -> 
EX_arab__L_e	EX_arab__L_e		L-Arabinose  -> 
EX_arbt6p_e	EX_arbt6p_e		Arbutin 6-phosphate  -> 
EX_arbt_e	EX_arbt_e		Arbutin C12H16O7  -> 
EX_arg__L_e	EX_arg__L_e		L-Arginine  -> 
EX_ascb__L_e	EX_ascb__L_e		L-Ascorbate  -> 
EX_asn__L_e	EX_asn__L_e		L-Asparagine  -> 
EX_aso3_e	EX_aso3_e		Arsenite  -> 
EX_aso4_e	EX_aso4_e		Arsenate  -> 
EX_asp__L_e	EX_asp__L_e		L-Aspartate  -> 
EX_btn_e	EX_btn_e		Biotin  -> 
EX_btoh_e	EX_btoh_e		Butanol  -> 
EX_but_e	EX_but_e		Butyrate (n-C4:0)  -> 
EX_butso3_e	EX_butso3_e		Butanesulfonate  -> 
EX_bz_e	EX_bz_e		Benzoate  -> 
EX_bzal_e	EX_bzal_e		Benzaldehyde  -> 
EX_bzalc_e	EX_bzalc_e		Benzyl alcohol  -> 
EX_ca2_e	EX_ca2_e		Calcium  <=> 
EX_carn_e	EX_carn_e		L-Carnosine  -> 
EX_cd2_e	EX_cd2_e		Cadmium  -> 
EX_cellb_e	EX_cellb_e		Cellobiose  -> 
EX_cgly_e	EX_cgly_e		Cys Gly C5H10N2O3S  -> 
EX_chol_e	EX_chol_e		Choline C5H14NO  -> 
EX_chols_e	EX_chols_e		Choline sulfate  -> 
EX_chsterol_e	EX_chsterol_e		Chsterol c  -> 
EX_chtbs_e	EX_chtbs_e		N,N'-diacetylchitobiose  -> 
EX_cit_e	EX_cit_e		Citrate  -> 
EX_cl_e	EX_cl_e		Chloride  <=> 
EX_cm_e	EX_cm_e		Chloramphenicol  -> 
EX_cmcbtt_e	EX_cmcbtt_e		Carboxymycobactin T (R=8 carbon, final carbon is carboxyl group)  -> 
EX_cmp_e	EX_cmp_e		CMP C9H12N3O8P  -> 
EX_co2_e	EX_co2_e		CO2 CO2  <=> 
EX_cobalt2_e	EX_cobalt2_e		Co2+  <=> 
EX_creat_e	EX_creat_e		Creatine cytosol  -> 
EX_crn_e	EX_crn_e		L-Carnitine  -> 
EX_cro4_e	EX_cro4_e		Chromate  -> 
EX_csn_e	EX_csn_e		Cytosine  -> 
EX_cu2_e	EX_cu2_e		Copper  <=> 
EX_cu_e	EX_cu_e		Cu+  -> 
EX_cyan_e	EX_cyan_e		Hydrogen cyanide  -> 
EX_cynt_e	EX_cynt_e		Cyanate  -> 
EX_cys__D_e	EX_cys__D_e		D-Cysteine  -> 
EX_cys__L_e	EX_cys__L_e		L-Cysteine  -> 
EX_cytd_e	EX_cytd_e		Cytidine  -> 
EX_dad_2_e	EX_dad_2_e		Deoxyadenosine  -> 
EX_damp_e	EX_damp_e		DAMP C10H12N5O6P  -> 
EX_dca_e	EX_dca_e		Decanoate (n-C10:0)  -> 
EX_dcmp_e	EX_dcmp_e		DCMP C9H12N3O7P  -> 
EX_dcyt_e	EX_dcyt_e		Deoxycytidine  -> 
EX_ddca_e	EX_ddca_e		Dodecanoate (n-C12:0)  -> 
EX_dgmp_e	EX_dgmp_e		DGMP C10H12N5O7P  -> 
EX_dgsn_e	EX_dgsn_e		Deoxyguanosine  -> 
EX_dha_e	EX_dha_e		Dihydroxyacetone  -> 
EX_dimp_e	EX_dimp_e		DIMP C10H12N4O7P  -> 
EX_din_e	EX_din_e		Deoxyinosine  -> 
EX_dms_e	EX_dms_e		Dimethyl sulfide  -> 
EX_dmso_e	EX_dmso_e		Dimethyl sulfoxide  -> 
EX_dopa_e	EX_dopa_e		Dopamine  -> 
EX_doxrbcn_e	EX_doxrbcn_e		Doxorubicin  -> 
EX_drib_e	EX_drib_e		Deoxyribose C5H10O4  -> 
EX_dtmp_e	EX_dtmp_e		DTMP C10H13N2O8P  -> 
EX_dump_e	EX_dump_e		DUMP C9H11N2O8P  -> 
EX_duri_e	EX_duri_e		Deoxyuridine  -> 
EX_dxyl_e	EX_dxyl_e		1-deoxy-D-xylulose  -> 
EX_enter_e	EX_enter_e		Enterochelin  -> 
EX_etha_e	EX_etha_e		Ethanolamine  -> 
EX_ethso3_e	EX_ethso3_e		Ethanesulfonate  -> 
EX_etoh_e	EX_etoh_e		Ethanol  -> 
EX_f6p_e	EX_f6p_e		D-Fructose 6-phosphate  -> 
EX_fad_e	EX_fad_e		Flavin adenine dinucleotide oxidized  -> 
EX_fald_e	EX_fald_e		Formaldehyde  -> 
EX_fcmcbtt_e	EX_fcmcbtt_e		Iron(III) chelated carboxymycobactin T (R=8 carbon, final carbon is carboxyl group)  -> 
EX_fe2_e	EX_fe2_e		Fe2+ mitochondria  <=> 
EX_fe3_e	EX_fe3_e		Iron (Fe3+)  <=> 
EX_fe3dcit_e	EX_fe3dcit_e		Fe(III)dicitrate  -> 
EX_fe3dhbzs3_e	EX_fe3dhbzs3_e		2-3-dihydroxybenzoylserine trimer-Fe-III  -> 
EX_fe3dhbzs_e	EX_fe3dhbzs_e		Ferric 2,3-dihydroxybenzoylserine  -> 
EX_fe3pyovd_kt_e	EX_fe3pyovd_kt_e		Ferrypyoverdine  P putida KT2440 specific  -> 
EX_feenter_e	EX_feenter_e		Fe-enterobactin  -> 
EX_feoxam_e	EX_feoxam_e		Generic ferrioxamine-Fe-III  -> 
EX_feoxam_un_e	EX_feoxam_un_e		Ferroxamine minus Fe(3)  -> 
EX_fmn_e	EX_fmn_e		FMN C17H19N4O9P  -> 
EX_fol_e	EX_fol_e		Folate  -> 
EX_for_e	EX_for_e		Formate  -> 
EX_frmd_e	EX_frmd_e		Formamide  -> 
EX_fru_e	EX_fru_e		D-Fructose  -> 
EX_frulys_e	EX_frulys_e		Fructoselysine  -> 
EX_fruur_e	EX_fruur_e		D-Fructuronate  -> 
EX_fuc__L_e	EX_fuc__L_e		L-Fucose  -> 
EX_fum_e	EX_fum_e		Fumarate  -> 
EX_fusa_e	EX_fusa_e		Fusidic acid  -> 
EX_g1p_e	EX_g1p_e		D-Glucose 1-phosphate  -> 
EX_g3pc_e	EX_g3pc_e		Sn-Glycero-3-phosphocholine  -> 
EX_g3pe_e	EX_g3pe_e		Sn-Glycero-3-phosphoethanolamine  -> 
EX_g3pg_e	EX_g3pg_e		Glycerophosphoglycerol  -> 
EX_g3pi_e	EX_g3pi_e		Sn-Glycero-3-phospho-1-inositol  -> 
EX_g3ps_e	EX_g3ps_e		Glycerophosphoserine  -> 
EX_g6p_e	EX_g6p_e		D-Glucose 6-phosphate  -> 
EX_gal1p_e	EX_gal1p_e		Alpha-D-Galactose 1-phosphate  -> 
EX_gal_bD_e	EX_gal_bD_e		Beta D-Galactose  -> 
EX_gal_e	EX_gal_e		D-Galactose  -> 
EX_galam_e	EX_galam_e		D Galactosamine C6H13NO5  -> 
EX_galct__D_e	EX_galct__D_e		D-Galactarate  -> 
EX_galctn__D_e	EX_galctn__D_e		D-Galactonate  -> 
EX_galctn__L_e	EX_galctn__L_e		L-Galactonate  -> 
EX_galman4_e	EX_galman4_e		Galactomannan(n=4 repeat units mannose, alpha-1,4 man)  -> 
EX_galman6_e	EX_galman6_e		Galactomannan(n=6 repeat units mannose, alpha-1,4 man)  -> 
EX_galt_e	EX_galt_e		Galactitol  -> 
EX_galur_e	EX_galur_e		D-Galacturonate  -> 
EX_gam6p_e	EX_gam6p_e		D-Glucosamine 6-phosphate  -> 
EX_gam_e	EX_gam_e		D-Glucosamine  -> 
EX_gbbtn_e	EX_gbbtn_e		Gamma-butyrobetaine  -> 
EX_gdp_e	EX_gdp_e		GDP C10H12N5O11P2  -> 
EX_glc__D_e	EX_glc__D_e		D-Glucose  <=> 
EX_glc__aD_e	EX_glc__aD_e		Alpha D-glucose  -> 
EX_glcman4_e	EX_glcman4_e		Glucomannan (n=4 repeat units, glc beta-1,4 man)  -> 
EX_glcman6_e	EX_glcman6_e		Glucomannan (n=6 repeat units, glc beta-1,4 man)  -> 
EX_glcn_e	EX_glcn_e		D-Gluconate  -> 
EX_glcr_e	EX_glcr_e		D-Glucarate  -> 
EX_glcur1p_e	EX_glcur1p_e		D-Glucuronate 1-phosphate  -> 
EX_glcur_e	EX_glcur_e		D-Glucuronate  -> 
EX_gln__L_e	EX_gln__L_e		L-Glutamine  -> 
EX_glu__L_e	EX_glu__L_e		L-Glutamate  -> 
EX_gly_asn__L_e	EX_gly_asn__L_e		Gly asn L C6H11N3O4  -> 
EX_gly_asp__L_e	EX_gly_asp__L_e		Gly asp L C6H9N2O5  -> 
EX_gly_cys_e	EX_gly_cys_e		Gly-Cys  -> 
EX_gly_e	EX_gly_e		Glycine  -> 
EX_gly_gln_e	EX_gly_gln_e		Gly-Gln  -> 
EX_gly_glu__L_e	EX_gly_glu__L_e		Gly glu L C7H11N2O5  -> 
EX_gly_leu_e	EX_gly_leu_e		Gly-Leu  -> 
EX_gly_met_e	EX_gly_met_e		Gly-Met  -> 
EX_gly_phe_e	EX_gly_phe_e		Gly-Phe  -> 
EX_gly_pro__L_e	EX_gly_pro__L_e		Gly pro L C7H12N2O3  -> 
EX_gly_tyr_e	EX_gly_tyr_e		Gly-Tyr  -> 
EX_glyald_e	EX_glyald_e		D-Glyceraldehyde  -> 
EX_glyb_e	EX_glyb_e		Glycine betaine  -> 
EX_glyc2p_e	EX_glyc2p_e		Glycerol 2-phosphate  -> 
EX_glyc3p_e	EX_glyc3p_e		Glycerol 3-phosphate  -> 
EX_glyc__R_e	EX_glyc__R_e		(R)-Glycerate  -> 
EX_glyc_e	EX_glyc_e		Glycerol  -> 
EX_glyclt_e	EX_glyclt_e		Glycolate C2H3O3  -> 
EX_glygly_e	EX_glygly_e		Glycylglycine C4H8N2O3  -> 
EX_gmp_e	EX_gmp_e		GMP C10H12N5O8P  -> 
EX_gsn_e	EX_gsn_e		Guanosine  -> 
EX_gthrd_e	EX_gthrd_e		Reduced glutathione  -> 
EX_gtp_e	EX_gtp_e		GTP C10H12N5O14P3  -> 
EX_gua_e	EX_gua_e		Guanine  -> 
EX_guln__L_e	EX_guln__L_e		L-gulonate  -> 
EX_h2_e	EX_h2_e		Hydrogen  -> 
EX_h2o2_e	EX_h2o2_e		Hydrogen peroxide  -> 
EX_h2o_e	EX_h2o_e		H2O H2O  <=> 
EX_h2s_e	EX_h2s_e		Hydrogen sulfide  -> 
EX_h_e	EX_h_e		H+  <=> 
EX_ham_e	EX_ham_e		Hydroxylamine  -> 
EX_hco3_e	EX_hco3_e		Bicarbonate  -> 
EX_hdca_e	EX_hdca_e		Hexadecanoate (n-C16:0)  -> 
EX_hdcea_e	EX_hdcea_e		Hexadecenoate (n-C16:1)  -> 
EX_hg2_e	EX_hg2_e		Mercury  charged 2  Hg  -> 
EX_hia_e	EX_hia_e		3-[(3aS,4S,5R,7aS)-5-hydroxy-7a-methyl-1-oxo-octahydro-1H-indene-4-carboxylate  -> 
EX_his__L_e	EX_his__L_e		L-Histidine  -> 
EX_hom__L_e	EX_hom__L_e		L-Homoserine  -> 
EX_hqn_e	EX_hqn_e		Hydroquinone  -> 
EX_hxa_e	EX_hxa_e		Hexanoate (n-C6:0)  -> 
EX_hxan_e	EX_hxan_e		Hypoxanthine  -> 
EX_ibt_e	EX_ibt_e		Isobutyrate  -> 
EX_icit_e	EX_icit_e		Isocitrate  -> 
EX_id3acald_e	EX_id3acald_e		Indole 3 acetaldehyde C10H9NO  -> 
EX_idon__L_e	EX_idon__L_e		L-Idonate  -> 
EX_ile__L_e	EX_ile__L_e		L-Isoleucine  -> 
EX_imp_e	EX_imp_e		IMP C10H11N4O8P  -> 
EX_ind3ac_e	EX_ind3ac_e		Indole 3 acetate C10H8NO2  -> 
EX_indole_e	EX_indole_e		Indole  -> 
EX_inost_e	EX_inost_e		Myo-Inositol  -> 
EX_ins_e	EX_ins_e		Inosine  -> 
EX_isetac_e	EX_isetac_e		Isethionic acid  -> 
EX_istfrnA_e	EX_istfrnA_e		Iron bound extracellular staphyloferrin A  -> 
EX_istfrnB_e	EX_istfrnB_e		Iron bound extracellular staphyloferrin B  -> 
EX_k_e	EX_k_e		Potassium  <=> 
EX_lac__D_e	EX_lac__D_e		D-Lactate  -> 
EX_lac__L_e	EX_lac__L_e		L-Lactate  -> 
EX_lcts_e	EX_lcts_e		Lactose C12H22O11  -> 
EX_leu__L_e	EX_leu__L_e		L-Leucine  -> 
EX_leuleu_e	EX_leuleu_e		Leucylleucine  -> 
EX_lipoate_e	EX_lipoate_e		Lipoate  -> 
EX_lys__D_e	EX_lys__D_e		D-Lysine  -> 
EX_lys__L_e	EX_lys__L_e		L-Lysine  -> 
EX_lyx__L_e	EX_lyx__L_e		L-Lyxose  -> 
EX_m_xyl_e	EX_m_xyl_e		M-Xylene  -> 
EX_madg_e	EX_madg_e		Alpha Methyl D glucoside C7H14O6  -> 
EX_mal__D_e	EX_mal__D_e		D-Malate  -> 
EX_mal__L_e	EX_mal__L_e		L-Malate  -> 
EX_malt_e	EX_malt_e		Maltose C12H22O11  -> 
EX_malthp_e	EX_malthp_e		Maltoheptaose  -> 
EX_malthx_e	EX_malthx_e		Maltohexaose  -> 
EX_maltpt_e	EX_maltpt_e		Maltopentaose  -> 
EX_malttr_e	EX_malttr_e		Maltotriose C18H32O16  -> 
EX_maltttr_e	EX_maltttr_e		Maltotetraose  -> 
EX_man6p_e	EX_man6p_e		D-Mannose 6-phosphate  -> 
EX_man_e	EX_man_e		D-Mannose  -> 
EX_manglyc_e	EX_manglyc_e		2(alpha-D-Mannosyl)-D-glycerate  -> 
EX_manttr_e	EX_manttr_e		Mannotetraose  -> 
EX_mbdg_e	EX_mbdg_e		Beta Methylglucoside C7H14O6  -> 
EX_melib_e	EX_melib_e		Melibiose C12H22O11  -> 
EX_meoh_e	EX_meoh_e		Methanol  -> 
EX_met_L_ala__L_e	EX_met_L_ala__L_e		Met L ala L C8H16N2O3S  -> 
EX_met__D_e	EX_met__D_e		D-Methionine  -> 
EX_met__L_e	EX_met__L_e		L-Methionine  -> 
EX_metglcur_e	EX_metglcur_e		1-O-methyl-Beta-D-glucuronate  -> 
EX_metox__R_e	EX_metox__R_e		L methionine R oxide C5H11NO3S  -> 
EX_metox_e	EX_metox_e		L Methionine S oxide C5H11NO3S  -> 
EX_metsox_R__L_e	EX_metsox_R__L_e		L-methionine-R-sulfoxide  -> 
EX_metsox_S__L_e	EX_metsox_S__L_e		L-Methionine Sulfoxide  -> 
EX_mg2_e	EX_mg2_e		Magnesium  <=> 
EX_mmet_e	EX_mmet_e		S-Methyl-L-methionine  -> 
EX_mn2_e	EX_mn2_e		Manganese  <=> 
EX_mnl1p_e	EX_mnl1p_e		D-Mannitol 1-phosphate  -> 
EX_mnl_e	EX_mnl_e		D-Mannitol  -> 
EX_mobd_e	EX_mobd_e		Molybdate  -> 
EX_mso3_e	EX_mso3_e		Methanesulfonate  -> 
EX_mththf_e	EX_mththf_e		(2R,4S)-2-methyl-2,3,3,4-tetrahydroxytetrahydrofuran  <=> 
EX_n2_e	EX_n2_e		Nitrogen  -> 
EX_n2o_e	EX_n2o_e		Nitrous oxide  -> 
EX_na1_e	EX_na1_e		Sodium  -> 
EX_nac_e	EX_nac_e		Nicotinate  -> 
EX_nh4_e	EX_nh4_e		Ammonium  <=> 
EX_ni2_e	EX_ni2_e		Nickel  -> 
EX_nmn_e	EX_nmn_e		NMN C11H14N2O8P  -> 
EX_no2_e	EX_no2_e		Nitrite  -> 
EX_no3_e	EX_no3_e		Nitrate  -> 
EX_no_e	EX_no_e		Nitric oxide  -> 
EX_novbcn_e	EX_novbcn_e		Novobiocin  -> 
EX_o2_e	EX_o2_e		O2 O2  <=> 
EX_o2s_e	EX_o2s_e		Superoxide anion  -> 
EX_oaa_e	EX_oaa_e		Oxaloacetate  -> 
EX_ocdca_e	EX_ocdca_e		Octadecanoate (n-C18:0)  -> 
EX_ocdcea_e	EX_ocdcea_e		Octadecenoate (n-C18:1)  -> 
EX_octa_e	EX_octa_e		Octanoate (n-C8:0)  -> 
EX_orn__L_e	EX_orn__L_e		L Ornithine C5H13N2O2  -> 
EX_orn_e	EX_orn_e		Ornithine  -> 
EX_orot_e	EX_orot_e		Orotate C5H3N2O4  -> 
EX_oxa_e	EX_oxa_e		Oxalate  -> 
EX_p_xyl_e	EX_p_xyl_e		P-methyltoluene  -> 
EX_pac_e	EX_pac_e		Phenylacetic acid  -> 
EX_pacald_e	EX_pacald_e		Phenylacetaldehyde  -> 
EX_peamn_e	EX_peamn_e		Phenethylamine  -> 
EX_peng_e	EX_peng_e		Penicillin G C16H18N2O4S  -> 
EX_pep_e	EX_pep_e		Phosphoenolpyruvate  -> 
EX_phe__L_e	EX_phe__L_e		L-Phenylalanine  -> 
EX_pheme_e	EX_pheme_e		Protoheme C34H30FeN4O4  -> 
EX_pi_e	EX_pi_e		Phosphate  <=> 
EX_pime_e	EX_pime_e		Pimelate  -> 
EX_pnto__R_e	EX_pnto__R_e		(R)-Pantothenate  -> 
EX_ppa_e	EX_ppa_e		Propionate (n-C3:0)  -> 
EX_ppal_e	EX_ppal_e		Propanal  -> 
EX_ppap_e	EX_ppap_e		Propanoyl phosphate  -> 
EX_ppoh_e	EX_ppoh_e		1-Propanol  -> 
EX_pppn_e	EX_pppn_e		Phenylpropanoate  -> 
EX_ppt_e	EX_ppt_e		Phosphonate  -> 
EX_pro__L_e	EX_pro__L_e		L-Proline  -> 
EX_progly_e	EX_progly_e		L-Prolinylglycine  -> 
EX_prohisglu_e	EX_prohisglu_e		Proline-histidine-glutamine tripeptide  -> 
EX_psclys_e	EX_psclys_e		Psicoselysine  -> 
EX_pser__L_e	EX_pser__L_e		O-Phospho-L-serine  -> 
EX_psuri_e	EX_psuri_e		Pseudouridine  -> 
EX_pta_e	EX_pta_e		Pentanoate  -> 
EX_ptrc_e	EX_ptrc_e		Putrescine  -> 
EX_pydam_e	EX_pydam_e		Pyridoxamine  -> 
EX_pydx_e	EX_pydx_e		Pyridoxal  -> 
EX_pydxn_e	EX_pydxn_e		Pyridoxine  -> 
EX_pyovd_kt_e	EX_pyovd_kt_e		Pyoverdine  P putida specific  -> 
EX_pyr_e	EX_pyr_e		Pyruvate  -> 
EX_quin_e	EX_quin_e		Quinate  -> 
EX_r5p_e	EX_r5p_e		Alpha-D-Ribose 5-phosphate  -> 
EX_raffin_e	EX_raffin_e		Raffinose C18H32O16  -> 
EX_rbt_e	EX_rbt_e		Ribitol  -> 
EX_rib__D_e	EX_rib__D_e		D-Ribose  -> 
EX_rmn_e	EX_rmn_e		L-Rhamnose  -> 
EX_rnam_e	EX_rnam_e		N Ribosylnicotinamide C11H15N2O5  -> 
EX_s_e	EX_s_e		Sulfur  -> 
EX_salchs2_e	EX_salchs2_e		Salmochelin-S2  -> 
EX_salchs4fe_e	EX_salchs4fe_e		Salmochelin-S4-Fe-III  -> 
EX_salchsx_e	EX_salchsx_e		Salmochelin-SX  -> 
EX_salcn_e	EX_salcn_e		Salicin C13H18O7  -> 
EX_sbt__D_e	EX_sbt__D_e		D-Sorbitol  -> 
EX_sel_e	EX_sel_e		Selenate  -> 
EX_ser__D_e	EX_ser__D_e		D-Serine  -> 
EX_ser__L_e	EX_ser__L_e		L-Serine  -> 
EX_serglugly_e	EX_serglugly_e		Serine-glutamine-glycine tripeptide  -> 
EX_sheme_e	EX_sheme_e		Siroheme C42H36FeN4O16  -> 
EX_skm_e	EX_skm_e		Shikimate  -> 
EX_slnt_e	EX_slnt_e		Selenite  -> 
EX_so3_e	EX_so3_e		Sulfite  -> 
EX_so4_e	EX_so4_e		Sulfate  <=> 
EX_spmd_e	EX_spmd_e		Spermidine  -> 
EX_stfrnA_e	EX_stfrnA_e		Staphyloferrin A  -> 
EX_stfrnB_e	EX_stfrnB_e		Staphyloferrin B  -> 
EX_succ_e	EX_succ_e		Succinate  -> 
EX_sucr_e	EX_sucr_e		Sucrose C12H22O11  -> 
EX_sulfac_e	EX_sulfac_e		Sulfoacetate  -> 
EX_tag__D_e	EX_tag__D_e		D-Tagatose  -> 
EX_tagur_e	EX_tagur_e		D-Tagaturonate  -> 
EX_tartr__D_e	EX_tartr__D_e		D-tartrate  -> 
EX_tartr__L_e	EX_tartr__L_e		L-tartrate  -> 
EX_taur_e	EX_taur_e		Taurine C2H7NO3S  -> 
EX_tcynt_e	EX_tcynt_e		Thiocyanate  -> 
EX_tet_e	EX_tet_e		Tetrathionate  -> 
EX_thm_e	EX_thm_e		Thiamin  -> 
EX_thr__L_e	EX_thr__L_e		L-Threonine  -> 
EX_thrp_e	EX_thrp_e		L-Threonine O-3-phosphate  -> 
EX_thym_e	EX_thym_e		Thymine C5H6N2O2  -> 
EX_thymd_e	EX_thymd_e		Thymidine C10H14N2O5  -> 
EX_tma_e	EX_tma_e		Trimethylamine  -> 
EX_tmao_e	EX_tmao_e		Trimethylamine N-oxide  -> 
EX_tnt_e	EX_tnt_e		2 4 6 Trinitrotoluene  -> 
EX_tol_e	EX_tol_e		Toluene  -> 
EX_tre_e	EX_tre_e		Trehalose  -> 
EX_trp__L_e	EX_trp__L_e		L-Tryptophan  -> 
EX_tsul_e	EX_tsul_e		Thiosulfate  -> 
EX_ttdca_e	EX_ttdca_e		Tetradecanoate (n-C14:0)  -> 
EX_ttdcea_e	EX_ttdcea_e		Tetradecenoate (n-C14:1)  -> 
EX_tton_e	EX_tton_e		Trithionate  -> 
EX_ttrcyc_e	EX_ttrcyc_e		Tetracycline  -> 
EX_tym_e	EX_tym_e		Tyramine  -> 
EX_tyr__L_e	EX_tyr__L_e		L-Tyrosine  -> 
EX_tyrp_e	EX_tyrp_e		Phosphotyrosine  -> 
EX_uacgam_e	EX_uacgam_e		UDP-N-acetyl-D-glucosamine  -> 
EX_udpacgal_e	EX_udpacgal_e		UDP-N-acetyl-D-galactosamine  -> 
EX_udpg_e	EX_udpg_e		UDPglucose  -> 
EX_udpgal_e	EX_udpgal_e		UDPgalactose  -> 
EX_udpglcur_e	EX_udpglcur_e		UDP-D-glucuronate  -> 
EX_ump_e	EX_ump_e		UMP C9H11N2O9P  -> 
EX_ura_e	EX_ura_e		Uracil  -> 
EX_urate_e	EX_urate_e		Urate C5H4N4O3  -> 
EX_urea_e	EX_urea_e		Urea CH4N2O  -> 
EX_uri_e	EX_uri_e		Uridine  -> 
EX_val__L_e	EX_val__L_e		L-Valine  -> 
EX_vanln_e	EX_vanln_e		Vanillin  -> 
EX_vanlt_e	EX_vanlt_e		Vanillate  -> 
EX_xan_e	EX_xan_e		Xanthine  -> 
EX_xmp_e	EX_xmp_e		Xanthosine 5'-phosphate  -> 
EX_xtsn_e	EX_xtsn_e		Xanthosine  -> 
EX_xyl__D_e	EX_xyl__D_e		D-Xylose  -> 
EX_xylan4_e	EX_xylan4_e		Xylan (4 backbone units, 1 glcur side chain)  -> 
EX_xylb_e	EX_xylb_e		Xylobiose  -> 
EX_xylu__L_e	EX_xylu__L_e		L-Xylulose  -> 
EX_zn2_e	EX_zn2_e		Zinc  <=> 
12DGR140tipp	1,2 diacylglycerol transport via flipping (periplasm to cytoplasm, n-C14:0)		1,2-Diacyl-sn-glycerol (ditetradecanoyl, n-C14:0)  -> 1,2-Diacyl-sn-glycerol (ditetradecanoyl, n-C14:0) 
12DGR160tipp	1,2 diacylglycerol transport via flipping (periplasm to cytoplasm, n-C16:0)		1,2-Diacyl-sn-glycerol (dihexadecanoyl, n-C16:0)  -> 1,2-Diacyl-sn-glycerol (dihexadecanoyl, n-C16:0) 
12DGR180tipp	1,2 diacylglycerol transport via flipping (periplasm to cytoplasm, n-C18:0)		1,2-Diacyl-sn-glycerol (dioctadecanoyl, n-C18:0)  -> 1,2-Diacyl-sn-glycerol (dioctadecanoyl, n-C18:0) 
12DGR181tipp	1,2 diacylglycerol transport via flipping (periplasm to cytoplasm, n-C18:1)		1,2-Diacyl-sn-glycerol (dioctadec-11-enoyl, n-C18:1)  -> 1,2-Diacyl-sn-glycerol (dioctadec-11-enoyl, n-C18:1) 
12PPDRte	Assumed Passive Diffusion into Extracellular Space		(R)-Propane-1,2-diol  <=> (R)-Propane-1,2-diol 
12PPDRtex	(R)-Propane-1,2-diol transport via diffusion (extracellular to periplasm)		(R)-Propane-1,2-diol  -> (R)-Propane-1,2-diol 
12PPDRtpp	(R)-Propane-1,2-diol facilitated transport (periplasm)		(R)-Propane-1,2-diol  -> (R)-Propane-1,2-diol 
12PPDStex	(S)-Propane-1,2-diol transport via diffusion (extracellular to periplasm)		(S)-Propane-1,2-diol  -> (S)-Propane-1,2-diol 
12PPDStpp	(S)-Propane-1,2-diol facilitated transport (periplasm)		(S)-Propane-1,2-diol  -> (S)-Propane-1,2-diol 
13PPDH	1,3-propanediol dehydrogenase	1.1.1.202	3-Hydroxypropanal + H+ + Nicotinamide adenine dinucleotide - reduced  <=> 1,3-Propanediol + Nicotinamide adenine dinucleotide 
13PPDH2	1,3-propanediol dehydrogenase		3-Hydroxypropanal + H+ + Nicotinamide adenine dinucleotide phosphate - reduced  <=> 1,3-Propanediol + Nicotinamide adenine dinucleotide phosphate 
14GLUCANabcpp	1,4-alpha-D-glucan transport via ABC system (periplasm)		1,4-alpha-D-glucan + ATP C10H12N5O13P3 + H2O H2O  -> 1,4-alpha-D-glucan + ADP C10H12N5O10P2 + H+ + Phosphate 
14GLUCANtexi	1,4-alpha-D-glucan transport via diffusion (extracellular to periplasm) irreversible	2.4.1.161	1,4-alpha-D-glucan  -> 1,4-alpha-D-glucan 
23CAMPtex	23cAMP transport via diffusion (extracellular to periplasm)		2',3'-Cyclic AMP  -> 2',3'-Cyclic AMP 
23CCMPtex	23cCMP transport via diffusion (extracellular to periplasm)		2',3'-Cyclic CMP  -> 2',3'-Cyclic CMP 
23CGMPtex	23cGMP transport via diffusion (extracellular to periplasm)		2',3'-Cyclic GMP  -> 2',3'-Cyclic GMP 
23CUMPtex	23cUMP transport via diffusion (extracellular to periplasm)		2',3'-Cyclic UMP  -> 2',3'-Cyclic UMP 
23DAPPAt2pp	2,3-diaminopropionate transport in via proton symport		2,3-diaminopropionate + H+  -> 2,3-diaminopropionate + H+ 
23DAPPAtex	2,3-diaminopropionate transport via diffusion		2,3-diaminopropionate  -> 2,3-diaminopropionate 
23PDE2pp	2',3'-cyclic-nucleotide phosphodiesterase (UMP) (periplasm)	3.1.4.16	2',3'-Cyclic UMP + H2O H2O  -> 3  UMP C9H11N2O9P + H+ 
23PDE4pp	2',3'-cyclic-nucleotide phosphodiesterase (CMP) (periplasm)	3.1.4.16	2',3'-Cyclic CMP + H2O H2O  -> 3  CMP C9H12N3O8P + H+ 
23PDE7pp	2',3'-cyclic-nucleotide phosphodiesterase (AMP) (periplasm)	3.1.4.16	2',3'-Cyclic AMP + H2O H2O  -> 3  AMP C10H12N5O7P + H+ 
23PDE9pp	2',3'-cyclic-nucleotide phosphodiesterase (GMP) (periplasm)	3.1.4.16	2',3'-Cyclic GMP + H2O H2O  -> Guanosine 3  phosphate C10H12N5O8P + H+ 
24DECOAR	2 4 dienoyl CoA reductase		2 trans 4 cis decadienoyl CoA + H+ + Nicotinamide adenine dinucleotide phosphate - reduced  -> Trans-Dec-2-enoyl-CoA + Nicotinamide adenine dinucleotide phosphate 
25DKGLCNt2rpp	2 5 diketo D gluconate transport via proton symport  reversible  periplasm		2,5-diketo-D-gluconate + H+  -> 2,5-diketo-D-gluconate + H+ 
25DKGLCNtex	2 5 diketo D gluconate transport via diffusion  extracellular to periplasm		2,5-diketo-D-gluconate  -> 2,5-diketo-D-gluconate 
26DAHtex	Meso-2,6-Diaminoheptanedioate transport via diffusion (extracellular to periplasm)		Meso-2,6-Diaminoheptanedioate  -> Meso-2,6-Diaminoheptanedioate 
2AGPA120tipp	2-Acyl-sn-glycero-3-phosphatidate (n-C12:0) transporter via facilitated diffusion (periplasm)		2-dodecanoyl-sn-glycerol 3-phosphate  -> 2-dodecanoyl-sn-glycerol 3-phosphate 
2AGPA141tipp	2-Acyl-sn-glycero-3-phosphatidate (n-C14:1) transporter via facilitated diffusion (periplasm)		2-tetradec-7-enoyl-sn-glycerol 3-phosphate  -> 2-tetradec-7-enoyl-sn-glycerol 3-phosphate 
2AGPA161tipp	2-Acyl-sn-glycero-3-phosphatidate (n-C16:1) transporter via facilitated diffusion (periplasm)		2-hexadec-9-enoyl-sn-glycerol 3-phosphate  -> 2-hexadec-9-enoyl-sn-glycerol 3-phosphate 
2AGPE120tipp	2-Acyl-sn-glycero-3-phosphoethanolamine (n-C12:0) transporter via facilitated diffusion (periplasm)		2-Acyl-sn-glycero-3-phosphoethanolamine (n-C12:0)  -> 2-Acyl-sn-glycero-3-phosphoethanolamine (n-C12:0) 
2AGPE140tipp	2-Acyl-sn-glycero-3-phosphoethanolamine (n-C14:0) transporter via facilitated diffusion (periplasm)		2-Acyl-sn-glycero-3-phosphoethanolamine (n-C14:0)  -> 2-Acyl-sn-glycero-3-phosphoethanolamine (n-C14:0) 
2AGPE141tipp	2-Acyl-sn-glycero-3-phosphoethanolamine (n-C14:1) transporter via facilitated diffusion (periplasm)		2-Acyl-sn-glycero-3-phosphoethanolamine (n-C14:1)  -> 2-Acyl-sn-glycero-3-phosphoethanolamine (n-C14:1) 
2AGPE160tipp	2-Acyl-sn-glycero-3-phosphoethanolamine (n-C16:0) transporter via facilitated diffusion (periplasm)		2-Acyl-sn-glycero-3-phosphoethanolamine (n-C16:0)  -> 2-Acyl-sn-glycero-3-phosphoethanolamine (n-C16:0) 
2AGPE161tipp	2-Acyl-sn-glycero-3-phosphoethanolamine (n-C16:1) transporter via facilitated diffusion (periplasm)		2-Acyl-sn-glycero-3-phosphoethanolamine (n-C16:1)  -> 2-Acyl-sn-glycero-3-phosphoethanolamine (n-C16:1) 
2AGPE180tipp	2-Acyl-sn-glycero-3-phosphoethanolamine (n-C18:0) transporter via facilitated diffusion (periplasm)		2-Acyl-sn-glycero-3-phosphoethanolamine (n-C18:0)  -> 2-Acyl-sn-glycero-3-phosphoethanolamine (n-C18:0) 
2AGPE181tipp	2-Acyl-sn-glycero-3-phosphoethanolamine (n-C18:1) transporter via facilitated diffusion (periplasm)		2-Acyl-sn-glycero-3-phosphoethanolamine (n-C18:1)  -> 2-Acyl-sn-glycero-3-phosphoethanolamine (n-C18:1) 
2AGPEAT120	2-acyl-glycerophospho-ethanolamine acyltransferase (n-C12:0)		2-Acyl-sn-glycero-3-phosphoethanolamine (n-C12:0) + ATP C10H12N5O13P3 + Dodecanoate (n-C12:0)  -> AMP C10H12N5O7P + Phosphatidylethanolamine (didodecanoyl, n-C12:0) + Diphosphate 
2AGPEAT140	2-acyl-glycerophospho-ethanolamine acyltransferase (n-C14:0)		2-Acyl-sn-glycero-3-phosphoethanolamine (n-C14:0) + ATP C10H12N5O13P3 + Tetradecanoate (n-C14:0)  -> AMP C10H12N5O7P + Phosphatidylethanolamine (ditetradecanoyl, n-C14:0) + Diphosphate 
2AGPEAT141	2-acyl-glycerophospho-ethanolamine acyltransferase (n-C14:1)		2-Acyl-sn-glycero-3-phosphoethanolamine (n-C14:1) + ATP C10H12N5O13P3 + Tetradecenoate (n-C14:1)  -> AMP C10H12N5O7P + Phosphatidylethanolamine (ditetradec-7-enoyl, n-C14:1) + Diphosphate 
2AGPEAT160	2-acyl-glycerophospho-ethanolamine acyltransferase (n-C16:0)	2.3.1.40	2-Acyl-sn-glycero-3-phosphoethanolamine (n-C16:0) + ATP C10H12N5O13P3 + Hexadecanoate (n-C16:0)  -> AMP C10H12N5O7P + Phosphatidylethanolamine (dihexadecanoyl, n-C16:0) + Diphosphate 
2AGPEAT161	2-acyl-glycerophospho-ethanolamine acyltransferase (n-C16:1)		2-Acyl-sn-glycero-3-phosphoethanolamine (n-C16:1) + ATP C10H12N5O13P3 + Hexadecenoate (n-C16:1)  -> AMP C10H12N5O7P + Phosphatidylethanolamine (dihexadec-9enoyl, n-C16:1) + Diphosphate 
2AGPEAT180	2-acyl-glycerophospho-ethanolamine acyltransferase (n-C18:0)	2.3.1.40	2-Acyl-sn-glycero-3-phosphoethanolamine (n-C18:0) + ATP C10H12N5O13P3 + Octadecanoate (n-C18:0)  -> AMP C10H12N5O7P + Phosphatidylethanolamine (dioctadecanoyl, n-C18:0) + Diphosphate 
2AGPEAT181	2-acyl-glycerophospho-ethanolamine acyltransferase (n-C18:1)		2-Acyl-sn-glycero-3-phosphoethanolamine (n-C18:1) + ATP C10H12N5O13P3 + Octadecenoate (n-C18:1)  -> AMP C10H12N5O7P + Phosphatidylethanolamine (dioctadec-11-enoyl, n-C18:1) + Diphosphate 
2AGPG120tipp	2-Acyl-sn-glycero-3-phosphoglycerol (n-C12:0) transporter via facilitated diffusion (periplasm)		2-Acyl-sn-glycero-3-phosphoglycerol (n-C12:0)  -> 2-Acyl-sn-glycero-3-phosphoglycerol (n-C12:0) 
2AGPG140tipp	2-Acyl-sn-glycero-3-phosphoglycerol (n-C14:0) transporter via facilitated diffusion (periplasm)		2-Acyl-sn-glycero-3-phosphoglycerol (n-C14:0)  -> 2-Acyl-sn-glycero-3-phosphoglycerol (n-C14:0) 
2AGPG141tipp	2-Acyl-sn-glycero-3-phosphoglycerol (n-C14:1) transporter via facilitated diffusion (periplasm)		2-Acyl-sn-glycero-3-phosphoglycerol (n-C14:1)  -> 2-Acyl-sn-glycero-3-phosphoglycerol (n-C14:1) 
2AGPG160tipp	2-Acyl-sn-glycero-3-phosphoglycerol (n-C16:0) transporter via facilitated diffusion (periplasm)		2-Acyl-sn-glycero-3-phosphoglycerol (n-C16:0)  -> 2-Acyl-sn-glycero-3-phosphoglycerol (n-C16:0) 
2AGPG161tipp	2-Acyl-sn-glycero-3-phosphoglycerol (n-C16:1) transporter via facilitated diffusion (periplasm)		2-Acyl-sn-glycero-3-phosphoglycerol (n-C16:1)  -> 2-Acyl-sn-glycero-3-phosphoglycerol (n-C16:1) 
2AGPG180tipp	2-Acyl-sn-glycero-3-phosphoglycerol (n-C18:0) transporter via facilitated diffusion (periplasm)		2-Acyl-sn-glycero-3-phosphoglycerol (n-C18:0)  -> 2-Acyl-sn-glycero-3-phosphoglycerol (n-C18:0) 
2AGPG181tipp	2-Acyl-sn-glycero-3-phosphoglycerol (n-C18:1) transporter via facilitated diffusion (periplasm)		2-Acyl-sn-glycero-3-phosphoglycerol (n-C18:1)  -> 2-Acyl-sn-glycero-3-phosphoglycerol (n-C18:1) 
2AGPGAT120	2-acyl-glycerophospho-glycerol acyltransferase (n-C12:0)		2-Acyl-sn-glycero-3-phosphoglycerol (n-C12:0) + ATP C10H12N5O13P3 + Dodecanoate (n-C12:0)  -> AMP C10H12N5O7P + Phosphatidylglycerol (didodecanoyl, n-C12:0) + Diphosphate 
2AGPGAT140	2-acyl-glycerophospho-glycerol acyltransferase (n-C14:0)		2-Acyl-sn-glycero-3-phosphoglycerol (n-C14:0) + ATP C10H12N5O13P3 + Tetradecanoate (n-C14:0)  -> AMP C10H12N5O7P + Phosphatidylglycerol (ditetradecanoyl, n-C14:0) + Diphosphate 
2AGPGAT141	2-acyl-glycerophospho-glycerol acyltransferase (n-C14:1)		2-Acyl-sn-glycero-3-phosphoglycerol (n-C14:1) + ATP C10H12N5O13P3 + Tetradecenoate (n-C14:1)  -> AMP C10H12N5O7P + Phosphatidylglycerol (ditetradec-7-enoyl, n-C14:1) + Diphosphate 
2AGPGAT160	2-acyl-glycerophospho-glycerol acyltransferase (n-C16:0)		2-Acyl-sn-glycero-3-phosphoglycerol (n-C16:0) + ATP C10H12N5O13P3 + Hexadecanoate (n-C16:0)  -> AMP C10H12N5O7P + Phosphatidylglycerol (dihexadecanoyl, n-C16:0) + Diphosphate 
2AGPGAT161	2-acyl-glycerophospho-glycerol acyltransferase (n-C16:1)		2-Acyl-sn-glycero-3-phosphoglycerol (n-C16:1) + ATP C10H12N5O13P3 + Hexadecenoate (n-C16:1)  -> AMP C10H12N5O7P + Phosphatidylglycerol (dihexadec-9-enoyl, n-C16:1) + Diphosphate 
2AGPGAT180	2-acyl-glycerophospho-glycerol acyltransferase (n-C18:0)		2-Acyl-sn-glycero-3-phosphoglycerol (n-C18:0) + ATP C10H12N5O13P3 + Octadecanoate (n-C18:0)  -> AMP C10H12N5O7P + Phosphatidylglycerol (dioctadecanoyl, n-C18:0) + Diphosphate 
2AGPGAT181	2-acyl-glycerophospho-glycerol acyltransferase (n-C18:1)		2-Acyl-sn-glycero-3-phosphoglycerol (n-C18:1) + ATP C10H12N5O13P3 + Octadecenoate (n-C18:1)  -> AMP C10H12N5O7P + Phosphatidylglycerol (dioctadec-11-enoyl, n-C18:1) + Diphosphate 
2DGLCNRx	2-dehydro-D-gluconate reductase (NADH)		2-Dehydro-D-gluconate + H+ + Nicotinamide adenine dinucleotide - reduced  -> D-Gluconate + Nicotinamide adenine dinucleotide 
2DGLCNRy	2-dehydro-D-gluconate reductase (NADPH)	1.1.1.215	2-Dehydro-D-gluconate + H+ + Nicotinamide adenine dinucleotide phosphate - reduced  -> D-Gluconate + Nicotinamide adenine dinucleotide phosphate 
2DGULRGx	2-Dehydro-L-gulonate reductase to gluconate (NADH)		2-Dehydro-L-gulonate + H+ + Nicotinamide adenine dinucleotide - reduced  -> D-Gluconate + Nicotinamide adenine dinucleotide 
2DGULRGy	2-Dehydro-L-gulonate reductase to gluconate (NADPH)		2-Dehydro-L-gulonate + H+ + Nicotinamide adenine dinucleotide phosphate - reduced  -> D-Gluconate + Nicotinamide adenine dinucleotide phosphate 
2DGULRx	2-dehydro-L-gulonate reductase (NADH)		2-Dehydro-L-gulonate + H+ + Nicotinamide adenine dinucleotide - reduced  -> L-Idonate + Nicotinamide adenine dinucleotide 
2DGULRy	2-dehydro-L-gulonate reductase (NADPH)		2-Dehydro-L-gulonate + H+ + Nicotinamide adenine dinucleotide phosphate - reduced  -> L-Idonate + Nicotinamide adenine dinucleotide phosphate 
2DHGLCK	Dehydrogluconokinase	2.7.1.13	2-Dehydro-D-gluconate + ATP C10H12N5O13P3 + 2 H+  -> 6-Phospho-2-dehydro-D-gluconate + ADP C10H12N5O10P2 
2DHGLCNkt_tpp	2 ketogluconate transporter		2-Dehydro-D-gluconate + H+  -> 2-Dehydro-D-gluconate + H+ 
2DHGLCNtex	Ketogluconate transport via diffusion  extracellular to periplasm		2-Dehydro-D-gluconate  -> 2-Dehydro-D-gluconate 
2HH24DDH	2hh24dd hydratase		2-Hydroxyhepta-2-4-dienedioate + H2O H2O  -> 4-Hydroxy-2-ketopimelate 
2HXMPt6	2  hydroxymethyl phenol transport inout via proton symport		2  Hydroxymethyl phenol C7H8O2 + H+  <=> 2  Hydroxymethyl phenol C7H8O2 + H+ 
2MAHMP	2-Methyl-4-amino-5-hydroxymethylpyrimidine diphosphatase		2-Methyl-4-amino-5-hydroxymethylpyrimidine diphosphate + H2O H2O  -> 4-Amino-2-methyl-5-phosphomethylpyrimidine + H+ + Phosphate 
2OBUTt2ipp	2-oxobutanoate transport out via proton symport (periplasm)		2-Oxobutanoate + H+  -> 2-Oxobutanoate + H+ 
2OBUTtex	2-oxobutanoate transport via diffusion (extracellular to periplasm)		2-Oxobutanoate  -> 2-Oxobutanoate 
2PGLYCt6	2 Phosphoglycolate transport inout via proton symport		2-Phosphoglycolate + H+  <=> 2-Phosphoglycolate + H+ 
2PGt6pp	D Glycerate 2 phosphate phosphate antiporter periplasm		D-Glycerate 2-phosphate + Phosphate  -> D-Glycerate 2-phosphate + Phosphate 
2PGtex	D Glycerate 2 phosphate transport via diffusion extracellular to periplasm		D-Glycerate 2-phosphate  -> D-Glycerate 2-phosphate 
34dhpactex	Dihydroxyphenylacetaldehyde transport via diffusion (extracellular to periplasm)		3,4-Dihydroxyphenylacetaldehyde  -> 3,4-Dihydroxyphenylacetaldehyde 
3AMPtex	3AMP transport via diffusion (extracellular to periplasm)		3  AMP C10H12N5O7P  -> 3  AMP C10H12N5O7P 
3CMPtex	3CMP transport via diffusion (extracellular to periplasm)		3  CMP C9H12N3O8P  -> 3  CMP C9H12N3O8P 
3GMPtex	3GMP transport via diffusion (extracellular to periplasm)		Guanosine 3  phosphate C10H12N5O8P  -> Guanosine 3  phosphate C10H12N5O8P 
3HAACOAT80	3 Hydroxyacyl ACPCoA Transacylase		(R)-3-Hydroxyoctanoyl-[acyl-carrier protein] + Coenzyme A  <=> Acyl carrier protein + (R)-Hydroxyoctanoyl-CoA 
3HAD80	3-hydroxyacyl-[acyl-carrier-protein] dehydratase (n-C8:0)	2.3.1.-; 2.3.1.85; 2.3.1.86; 4.2.1.58; 4.2.1.59; 4.2.1.61	(R)-3-Hydroxyoctanoyl-[acyl-carrier protein]  -> H2O H2O + Trans-Oct-2-enoyl-[acyl-carrier protein] 
3HCINNMH	3-hydroxycinnamate hydroxylase	1.14.13.127	3-hydroxycinnamic acid + H+ + Nicotinamide adenine dinucleotide - reduced + O2 O2  -> 2,3-dihydroxicinnamic acid + H2O H2O + Nicotinamide adenine dinucleotide 
3HOXPACt2pp	HPA permease		3 Hydroxyphenylacetic acid C8H8O3 + H+  -> 3 Hydroxyphenylacetic acid C8H8O3 + H+ 
3HPAOX	HPA monooxygenase	1.14.13.3; 1.14.14.9	3 Hydroxyphenylacetic acid C8H8O3 + H+ + Nicotinamide adenine dinucleotide - reduced + O2 O2  -> 3-4-Dihydroxyphenylacetate + H2O H2O + Nicotinamide adenine dinucleotide 
3HPPPNH	3-(3-hydroxy-phenyl)propionate hydroxylase	1.14.13.127	3-(3-hydroxy-phenyl)propionate + H+ + Nicotinamide adenine dinucleotide - reduced + O2 O2  -> 3-(2,3-Dihydroxyphenyl)propanoate + H2O H2O + Nicotinamide adenine dinucleotide 
3HSA	MNXR19078		9alpha-Hydroxyandrosta-1,4-diene-3,17-dione  -> Secophenol 
3MBtex	3-methylbutanoic acid transport via diffusion (extracellular to periplasm)		3-Methylbutanoic acid  -> 3-Methylbutanoic acid 
3NTD2pp	3'-nucleotidase (UMP) (periplasm)	3.1.3.6	3  UMP C9H11N2O9P + H2O H2O  -> Phosphate + Uridine 
3NTD4pp	3'-nucleotidase (CMP) (periplasm)	3.1.3.6	3  CMP C9H12N3O8P + H2O H2O  -> Cytidine + Phosphate 
3NTD7pp	3'-nucleotidase (AMP) (periplasm)	3.1.3.6	3  AMP C10H12N5O7P + H2O H2O  -> Adenosine + Phosphate 
3NTD9pp	3'-nucleotidase (GMP) (periplasm)	3.1.3.6	Guanosine 3  phosphate C10H12N5O8P + H2O H2O  -> Guanosine + Phosphate 
3OADPCOAT	3-oxoadipate CoA-transferase	2.8.3.6	3-Oxoadipate + Succinyl-CoA  -> 3-Oxoadipyl-CoA + Succinate 
3OXCOAT	3-oxoadipyl-CoA thiolase	2.3.1.16; 2.3.1.174	Coenzyme A + 3-Oxoadipyl-CoA  -> Acetyl-CoA + Succinyl-CoA 
3PEPTabcpp	Tripeptide (LalaDgluMdap) transport via ABC system (periplasm)		L-alanine-D-glutamate-meso-2,6-diaminoheptanedioate + ATP C10H12N5O13P3 + H2O H2O  -> L-alanine-D-glutamate-meso-2,6-diaminoheptanedioate + ADP C10H12N5O10P2 + H+ + Phosphate 
3PEPTtex	LalaDgluMdap (tripeptide) transport via diffusion (extracellular to periplasm)		L-alanine-D-glutamate-meso-2,6-diaminoheptanedioate  -> L-alanine-D-glutamate-meso-2,6-diaminoheptanedioate 
3PGt6pp	3 Phospho D glycerate phosphate antiporter periplasm		3-Phospho-D-glycerate + Phosphate  -> 3-Phospho-D-glycerate + Phosphate 
3PGtex	3 Phospho D glycerate transport via diffusion extracellular to periplasm		3-Phospho-D-glycerate  -> 3-Phospho-D-glycerate 
3UMPtex	3UMP transport via diffusion (extracellular to periplasm)		3  UMP C9H11N2O9P  -> 3  UMP C9H11N2O9P 
3_4DHBZ1t_pp	3,4DHBZ1t LPAREN pp RPAREN		3,4-Dihydroxybenzoate + H+  -> 3,4-Dihydroxybenzoate + H+ 
3_4DHBZt2	Protocatechuate outher membrane transport		3,4-Dihydroxybenzoate  -> 3,4-Dihydroxybenzoate 
3hoxpactex	3 hydroxyphenylacetic acid transport via diffusion extracellular to periplasm		3 Hydroxyphenylacetic acid C8H8O3  -> 3 Hydroxyphenylacetic acid C8H8O3 
42A12BOOXpp	4-(2-Aminoethyl)-1,2-benzenediol:oxygen oxidoreductase(deaminating)(flavin-containing)	1.4.3.21; 1.4.3.4; 1.4.9.2; 1.4.99.4	Dopamine + H2O H2O + O2 O2  -> 3,4-Dihydroxyphenylacetaldehyde + Hydrogen peroxide + Ammonium 
4ABUTabcpp	GABA transport via ABC system  periplasm		4-Aminobutanoate + ATP C10H12N5O13P3 + H2O H2O  -> 4-Aminobutanoate + ADP C10H12N5O10P2 + H+ + Phosphate 
4H2KPILY	4h2kpi Lyase	4.1.2.52	4-Hydroxy-2-ketopimelate  -> Pyruvate + Succinic semialdehyde 
4HBALDtex	4-hydroxybenzaldehyde transport via diffusion (extracellular to periplasm)		4-Hydroxybenzaldehyde  -> 4-Hydroxybenzaldehyde 
4HBAtex	4-hydroxy-benzyl alcohol transport via diffusion (extracellular to periplasm)		4-Hydroxy-benzyl alcohol  -> 4-Hydroxy-benzyl alcohol 
4HBZt3pp	4-hydroxybenzoate transport out via antiporter		4-Hydroxybenzoate + H+  -> 4-Hydroxybenzoate + H+ 
4HBZtex	4-Hydroxybenzoate transport (extracellular)		4-Hydroxybenzoate  -> 4-Hydroxybenzoate 
4HOXPACDtex	4-hydroxyphenylacetaldehyde transport via diffusion (extracellular to periplasm)		4-Hydroxyphenylacetaldehyde  -> 4-Hydroxyphenylacetaldehyde 
4HOXPACMOF	4 hydroxyphenylacetate 3 monooxygenase FADH2	1.14.14.9	4-Hydroxyphenylacetate + Flavin adenine dinucleotide reduced + O2 O2  -> 3-4-Dihydroxyphenylacetate + Flavin adenine dinucleotide oxidized + H2O H2O 
4HOXPACt2pp	4 hydroxyphenylacetate transport in via proton symport periplasm		4-Hydroxyphenylacetate + H+  -> 4-Hydroxyphenylacetate + H+ 
4HPTNCOAK	4 Hydroxypentanoyl CoA kinase		4 Hydroxypentanoyl CoA + ATP C10H12N5O13P3  -> 4 Phosphooxypentanoyl CoA + ADP C10H12N5O10P2 + H+ 
4HTHRA	4-hydroxy-L-threonine aldolase		4-Hydroxy-L-threonine  <=> Glycolaldehyde + Glycine 
4HTHRK	4-Hydroxy-L-threonine kinase	2.7.1	4-Hydroxy-L-threonine + ATP C10H12N5O13P3  -> ADP C10H12N5O10P2 + H+ + O-Phospho-4-hydroxy-L-threonine 
4HTHRS	4-Hydroxy-L-threonine synthase	4.2.3; 4.2.3.1	H2O H2O + O-Phospho-4-hydroxy-L-threonine  -> 4-Hydroxy-L-threonine + Phosphate 
4HTHRtex	4-hydroxy-L-threonine transport		4-Hydroxy-L-threonine  -> 4-Hydroxy-L-threonine 
4HTHRtrpp	4-hydroxy-L-threonine transport		4-Hydroxy-L-threonine + H+  -> 4-Hydroxy-L-threonine + H+ 
4IZ5PPH	4 Imidazolone 5 propanoate propionase		4-Imidazolone-5-propanoate + H2O H2O  -> N-Formimino-L-glutamate 
4OXPTCOADHx	4 Oxopentanoyl CoA 4 dehydrogenase (NAD)		4 Oxopentanoyl CoA + H+ + Nicotinamide adenine dinucleotide - reduced  -> 4 Hydroxypentanoyl CoA + Nicotinamide adenine dinucleotide 
4OXPTCOADHy	4 Oxopentanoyl CoA 4 dehydrogenase (NADP)		4 Oxopentanoyl CoA + H+ + Nicotinamide adenine dinucleotide phosphate - reduced  -> 4 Hydroxypentanoyl CoA + Nicotinamide adenine dinucleotide phosphate 
4OXPTNtex	4 Oxopentanoate transport via diffusion		4 Oxopentanoate  -> 4 Oxopentanoate 
4OXPTNtpp	4 Oxopentanoate transport via Na symport		4 Oxopentanoate + Sodium  -> 4 Oxopentanoate + Sodium 
4PCP	Tetrapeptide L,D-carboxypeptidase		L-alanine-D-glutamate-meso-2,6-diaminoheptanedioate-D-alanine + H2O H2O  -> L-alanine-D-glutamate-meso-2,6-diaminoheptanedioate + D-Alanine 
4PCPpp	Tetrapeptide L,D-carboxypeptidase (periplasm)		L-alanine-D-glutamate-meso-2,6-diaminoheptanedioate-D-alanine + H2O H2O  -> L-alanine-D-glutamate-meso-2,6-diaminoheptanedioate + D-Alanine 
4PEPTabcpp	Tetrapeptide (LalaDgluMdapDala) transport via ABC system (periplasm)		L-alanine-D-glutamate-meso-2,6-diaminoheptanedioate-D-alanine + ATP C10H12N5O13P3 + H2O H2O  -> L-alanine-D-glutamate-meso-2,6-diaminoheptanedioate-D-alanine + ADP C10H12N5O10P2 + H+ + Phosphate 
4PEPTtex	LalaDgluMdapDala (pentapeptide) transport via diffusion (extracellular to periplasm)		L-alanine-D-glutamate-meso-2,6-diaminoheptanedioate-D-alanine  -> L-alanine-D-glutamate-meso-2,6-diaminoheptanedioate-D-alanine 
4POPCOAM	4 (Phosphooxy pentanoyl CoA mutase		4 Phosphooxypentanoyl CoA  -> 3 Pentenoyl CoA + Phosphate 
4POPCOAM2	4 (Phosphooxy pentanoyl CoA mutase		3 Pentenoyl CoA  <=> 2 Pentenoyl CoA 
4POPCOAM3	4 (Phosphooxy pentanoyl CoA mutase		2 Pentenoyl CoA + H2O H2O  -> 3-Hydroxypentoyl-CoA 
5DGLCNR	5-dehydro-D-gluconate reductase	1.1.1; 1.1.1.69	5-Dehydro-D-gluconate + H+ + Nicotinamide adenine dinucleotide phosphate - reduced  -> D-Gluconate + Nicotinamide adenine dinucleotide phosphate 
5DGLCNt2rpp	5-Dehydro-D-gluconate transport via proton symport, reversible (periplasm)		5-Dehydro-D-gluconate + H+  -> 5-Dehydro-D-gluconate + H+ 
5DGLCNtex	5-Dehydro-D-gluconate transport via diffusion (extracellular to periplasm)		5-Dehydro-D-gluconate  -> 5-Dehydro-D-gluconate 
5DKGR	5-keto-D-gluconate 5-reductase		D-Gluconate + Nicotinamide adenine dinucleotide  -> 5-Dehydro-D-gluconate + H+ + Nicotinamide adenine dinucleotide - reduced 
5DOAN	5'-deoxyadenosine nuclosidase		5'-Deoxyadenosine + H2O H2O  -> 5'-deoxyribose + Adenine 
5MTRtex	5-Methylthio-D-ribose transport via proton diffusion (extracellular to periplasm)		5-Methylthio-D-ribose  -> 5-Methylthio-D-ribose 
5MTRtpp	5-Methylthio-D-ribose transport via proton symport (periplasm)		5-Methylthio-D-ribose + H+  -> 5-Methylthio-D-ribose + H+ 
6APAt1	6 aminopenicillanic acid transport via outer membrane porin		6 Aminopenicillanic acid C8H12N2O3S  <=> 6 Aminopenicillanic acid C8H12N2O3S 
6PGALSZ_1	6-phospho-beta-galactosidase		H2O H2O + Lactose-6-phosphate  -> D-Galactose 6-phosphate + Beta-D-Glucose 
6PHBG_2	R_6PHBG_2		Cellobiose 6 phosphate C12H21O14P + H2O H2O  -> D-Glucose 6-phosphate + D-Glucose + 2 H+ 
A53C	R_A53C		(S)-5-amino-3-oxohexanoate + Acetyl-CoA + 3 H+  -> L-3-aminobutyryl-CoA + Acetoacetate 
A6PAG	R_A6PAG		ATP C10H12N5O13P3 + D-Galactose  -> ADP C10H12N5O10P2 + D-Galactose 6-phosphate + H+ 
AACPS2	Acyl-[acyl-carrier-protein] synthetase  (n-C14:1)	6.2.1.20	Acyl carrier protein + ATP C10H12N5O13P3 + Tetradecenoate (n-C14:1)  -> AMP C10H12N5O7P + Diphosphate + Cis-tetradec-7-enoyl-[acyl-carrier protein] (n-C14:1) 
AACPS4	Acyl-[acyl-carrier-protein] synthetase  (n-C16:1)		Acyl carrier protein + ATP C10H12N5O13P3 + Hexadecenoate (n-C16:1)  -> AMP C10H12N5O7P + Cis-hexadec-9-enoyl-[acyl-carrier protein] (n-C16:1) + Diphosphate 
AACPS7	Acyl-[acyl-carrier-protein] synthetase  (n-C12:0)	6.2.1.l	Acyl carrier protein + ATP C10H12N5O13P3 + Dodecanoate (n-C12:0)  -> AMP C10H12N5O7P + Dodecanoyl-ACP (n-C12:0ACP) + Diphosphate 
AACPS9	Acyl-[acyl-carrier-protein] synthetase  (n-C8:0)	6.2.1.l	Acyl carrier protein + ATP C10H12N5O13P3 + Octanoate (n-C8:0)  -> AMP C10H12N5O7P + Octanoyl-ACP (n-C8:0ACP) + Diphosphate 
AAMYL	Alpha-amylase		1,4-alpha-D-glucan  -> Maltohexaose 
AAMYLpp	Alpha-amylase (periplasm)		1,4-alpha-D-glucan  -> Maltohexaose 
AASAD3	L-aminoadipate-semialdehyde dehydrogenase (NADH)	1.2.1.31	L 2 Aminoadipate 6 semialdehyde C6H11NO3 + H2O H2O + Nicotinamide adenine dinucleotide  -> L 2 Aminoadipate C6H10NO4 + 2 H+ + Nicotinamide adenine dinucleotide - reduced 
AATA	2 aminoadipate transaminase	2.6.1.39	2 Oxoadipate C6H6O5 + L-Glutamate  <=> L 2 Aminoadipate C6H10NO4 + 2-Oxoglutarate 
AB3CL	R_AB3CL		L-3-aminobutyryl-CoA + H+  -> Crotonyl-CoA + Ammonium 
AB6PGH	Arbutin 6-phosphate glucohydrolase	3.2.1.86	Arbutin 6-phosphate + H2O H2O  -> D-Glucose 6-phosphate + Hydroquinone 
ABTA	4-aminobutyrate transaminase	2.6.1.19	4-Aminobutanoate + 2-Oxoglutarate  -> L-Glutamate + Succinic semialdehyde 
ABUTD	Aminobutyraldehyde dehydrogenase	1.2.1.-; 1.2.1.19; 1.2.1.3	4-Aminobutanal + H2O H2O + Nicotinamide adenine dinucleotide  -> 4-Aminobutanoate + 2 H+ + Nicotinamide adenine dinucleotide - reduced 
ABUTtex	4-aminobutyrate transport via diffusion (extracellular to periplasm)		4-Aminobutanoate  -> 4-Aminobutanoate 
ACACT10	3-ketoacyl-CoA thiolase		3-Oxododecanoyl-CoA + Coenzyme A  -> Acetyl-CoA + Decanoyl-CoA (n-C10:0CoA) 
ACACT11	3-ketoacyl-CoA thiolase		3-Oxohexanoyl-CoA + Coenzyme A  -> Acetyl-CoA + Butanoyl-CoA 
ACACT12	3-ketoacyl-CoA thiolase		3-Oxohexadecanoyl-CoA + Coenzyme A  -> Acetyl-CoA + Tetradecanoyl-CoA (n-C14:0CoA) 
ACACT13	3-ketoacyl-CoA thiolase		3-Oxodecanoyl-CoA + Coenzyme A  -> Acetyl-CoA + Octanoyl-CoA (n-C8:0CoA) 
ACACT1r	Acetyl-CoA C-acetyltransferase	2.3.1.9	2 Acetyl-CoA  -> Acetoacetyl-CoA + Coenzyme A 
ACACT2r	Acetyl-CoA C-acyltransferase (butanoyl-CoA) (r)	2.3.1.16; 2.3.1.9	Acetyl-CoA + Butanoyl-CoA  -> 3-Oxohexanoyl-CoA + Coenzyme A 
ACACT3r	Acetyl-CoA C-acyltransferase (hexanoyl-CoA) (r)	2.3.1.9	Acetyl-CoA + Hexanoyl-CoA (n-C6:0CoA)  -> 3-Oxooctanoyl-CoA + Coenzyme A 
ACACT4r	Acetyl-CoA C-acyltransferase (octanoyl-CoA) (r)	2.3.1.16; 2.3.1.9	Acetyl-CoA + Octanoyl-CoA (n-C8:0CoA)  -> 3-Oxodecanoyl-CoA + Coenzyme A 
ACACT5r	Acetyl-CoA C-acyltransferase (decanoyl-CoA) (r)	2.3.1.9	Acetyl-CoA + Decanoyl-CoA (n-C10:0CoA)  <=> 3-Oxododecanoyl-CoA + Coenzyme A 
ACACT6r	Acetyl-CoA C-acyltransferase (dodecanoyl-CoA) (r)	2.3.1.16; 2.3.1.9	Acetyl-CoA + Dodecanoyl-CoA (n-C12:0CoA)  -> 3-Oxotetradecanoyl-CoA + Coenzyme A 
ACACT7r	Acetyl-CoA C-acyltransferase (tetradecanoyl-CoA) (r)	2.3.1.155; 2.3.1.16; 2.3.1.9	Acetyl-CoA + Tetradecanoyl-CoA (n-C14:0CoA)  <=> 3-Oxohexadecanoyl-CoA + Coenzyme A 
ACACT8	3-ketoacyl-CoA thiolase		3-Oxooctanoyl-CoA + Coenzyme A  -> Acetyl-CoA + Hexanoyl-CoA (n-C6:0CoA) 
ACACT8r	Acetyl-CoA acyltransferase (hexadecanoyl-CoA), (r)		3-Oxooctadecanoyl-CoA + Coenzyme A  <=> Acetyl-CoA + Palmitoyl-CoA (n-C16:0CoA) 
ACACT9	3-ketoacyl-CoA thiolase		3-Oxotetradecanoyl-CoA + Coenzyme A  -> Acetyl-CoA + Dodecanoyl-CoA (n-C12:0CoA) 
ACAC_Et	Acetoacetate transport (transport mechanism unknown - evidence from biolog data)		Acetoacetate  <=> Acetoacetate 
ACACt2pp	Acetoacetate transport via proton symport  (periplasm)		Acetoacetate + H+  -> Acetoacetate + H+ 
ACACtex	Acetoacetate transport via diffusion (extracellular to periplasm)		Acetoacetate  -> Acetoacetate 
ACALD	Acetaldehyde dehydrogenase (acetylating)	1.2.1.10	Acetaldehyde + Coenzyme A + Nicotinamide adenine dinucleotide  <=> Acetyl-CoA + H+ + Nicotinamide adenine dinucleotide - reduced 
ACALDtex	Acetaldehyde transport via diffusion (extracellular to periplasm)		Acetaldehyde  -> Acetaldehyde 
ACALDtpp	Acetaldehyde reversible transport (periplasm)		Acetaldehyde  -> Acetaldehyde 
ACCOAC	Acetyl-CoA carboxylase	6.4.1.2	Acetyl-CoA + ATP C10H12N5O13P3 + Bicarbonate  -> ADP C10H12N5O10P2 + H+ + Malonyl CoA C24H33N7O19P3S + Phosphate 
ACCOAL	Acetate-CoA ligase (ADP-forming)	6.2.1.13	ATP C10H12N5O13P3 + Coenzyme A + Propionate (n-C3:0)  -> ADP C10H12N5O10P2 + Phosphate + Propanoyl-CoA 
ACGAL1PPpp	N-acetyl-D-galactosamine 1-phosphatase (periplasm)	3.1.3.10	N-Acetyl-D-galactosamine 1-phosphate + H2O H2O  -> N-Acetyl-D-galactosamine + Phosphate 
ACGAL1Ptex	N-acetyl-D-galactosamine 1-phosphate transport via diffusion (extracellular to periplasm)		N-Acetyl-D-galactosamine 1-phosphate  -> N-Acetyl-D-galactosamine 1-phosphate 
ACGALtex	N-acetyl-D-galactosamine transport via diffusion (extracellular to periplasm)		N-Acetyl-D-galactosamine  -> N-Acetyl-D-galactosamine 
ACGAM1PPpp	N-acetyl-D-glucosamine 1-phosphatase (periplasm)	3.1.3.10	N-Acetyl-D-glucosamine 1-phosphate + H2O H2O  -> N-Acetyl-D-glucosamine + Phosphate 
ACGAM1Ptex	N-acetyl-D-glucosamine 1-phosphate transport via diffusion (extracellular to periplasm)		N-Acetyl-D-glucosamine 1-phosphate  -> N-Acetyl-D-glucosamine 1-phosphate 
ACGAMK	N-acetylglucosamine kinase	2.7.1.59	N-Acetyl-D-glucosamine + ATP C10H12N5O13P3  -> N-Acetyl-D-glucosamine 6-phosphate + ADP C10H12N5O10P2 + H+ 
ACGApts	N-Acetyl-D-glucosamine transport via PEP:Pyr PTS		N-Acetyl-D-glucosamine + Phosphoenolpyruvate  -> N-Acetyl-D-glucosamine 6-phosphate + Pyruvate 
ACGAptspp	N-Acetyl-D-glucosamine transport via PEP:Pyr PTS  (periplasm)		N-Acetyl-D-glucosamine + Phosphoenolpyruvate  -> N-Acetyl-D-glucosamine 6-phosphate + Pyruvate 
ACGAtex	N-Acetyl-D-glucosamine transport via diffusion (extracellular to periplasm)		N-Acetyl-D-glucosamine  -> N-Acetyl-D-glucosamine 
ACGK	Acetylglutamate kinase	2.7.2.8	N-Acetyl-L-glutamate + ATP C10H12N5O13P3  -> N-Acetyl-L-glutamyl 5-phosphate + ADP C10H12N5O10P2 
ACGS	N-acetylglutamate synthase	2.3.1.1	Acetyl-CoA + L-Glutamate  -> N-Acetyl-L-glutamate + Coenzyme A + H+ 
ACHBS	2-aceto-2-hydroxybutanoate synthase	2.2.1.6	2-Oxobutanoate + H+ + Pyruvate  -> (S)-2-Aceto-2-hydroxybutanoate + CO2 CO2 
ACKr	Acetate kinase	2.7.2.1; 2.7.2.15	Acetate + ATP C10H12N5O13P3  <=> Acetyl phosphate + ADP C10H12N5O10P2 
ACLDC	Acetolactate decarboxylase	4.1.1.5	(S)-2-Acetolactate + H+  ->  R  Acetoin C4H8O2 + CO2 CO2 
ACLS	Acetolactate synthase	2.2.1.6	H+ + 2 Pyruvate  -> (S)-2-Acetolactate + CO2 CO2 
ACLS_a	Acetolactate synthase		H+ + Pyruvate + Thiamine diphosphate  -> CO2 CO2 + Hydroxy ethyl Thiamin diphosphate 
ACLS_b	Acetolactate synthase		(S)-2-Acetolactate + Thiamine diphosphate  -> Hydroxy ethyl Thiamin diphosphate + Pyruvate 
ACLS_d	2-alpha-Hydroxyethylthiamine diphosphate lipoamide		Hydroxy ethyl Thiamin diphosphate + Lipoamide C8H15NOS2  -> S-Acetyldihydrolipoamide + Thiamine diphosphate 
ACLSb	Acetolactate synthase (step 2)		2-(alpha-Hydroxyethyl)thiamine diphosphate + Pyruvate  -> (S)-2-Acetolactate + Thiamine diphosphate 
ACM6PH	N-acetylmuramate 6-phosphate hydrolase	4.2.1.126	N-acetylmuramate 6-phosphate + H2O H2O  -> N-Acetyl-D-glucosamine 6-phosphate + D-Lactate 
ACMANApts	N-acetyl-D-mannosamine transport via PTS		N-Acetyl-D-mannosamine + Phosphoenolpyruvate  -> N-Acetyl-D-mannosamine 6-phosphate + Pyruvate 
ACMANAptspp	N-acetyl-D-mannosamine transport via PTS  (periplasm)		N-Acetyl-D-mannosamine + Phosphoenolpyruvate  -> N-Acetyl-D-mannosamine 6-phosphate + Pyruvate 
ACMANAtex	N-acetyl-D-mannosamine transport via diffusion (extracellular to periplasm)		N-Acetyl-D-mannosamine  -> N-Acetyl-D-mannosamine 
ACMUMptspp	N-acetylmuramate transport via PEP:Pyr PTS (periplasm)		N-Acetylmuramate + Phosphoenolpyruvate  -> N-acetylmuramate 6-phosphate + Pyruvate 
ACMUMtex	N-acetylmuramate transport via diffusion (extracellular to periplasm)		N-Acetylmuramate  -> N-Acetylmuramate 
ACNAMt2pp	N-acetylneuraminate proton symport (periplasm)		N-Acetylneuraminate + H+  -> N-Acetylneuraminate + H+ 
ACNAMtex	N-acetylneuraminate transport via diffusion (extracellular to periplasm)		N-Acetylneuraminate  -> N-Acetylneuraminate 
ACNPLYS	N-Acetylneuraminate pyruvate-lyase	2.5.1.56	N-Acetyl-D-mannosamine + H2O H2O + Phosphoenolpyruvate  <=> N-Acetylneuraminate + Phosphate 
ACOAD1f	Acyl-CoA dehydrogenase (butanoyl-CoA)	1.3.3.6; 1.3.8.1; 1.3.8.7; 1.3.99.-; 1.3.99.3	Butanoyl-CoA + Flavin adenine dinucleotide oxidized  -> Crotonoyl-CoA + Flavin adenine dinucleotide reduced 
ACOAD2	Acyl-CoA dehydrogenase (hexanoyl-CoA)	1.3.1.44	H+ + Trans-Hex-2-enoyl-CoA + Nicotinamide adenine dinucleotide - reduced  -> Hexanoyl-CoA (n-C6:0CoA) + Nicotinamide adenine dinucleotide 
ACOAD2f	Acyl-CoA dehydrogenase (hexanoyl-CoA)	1.3.99.3	Flavin adenine dinucleotide oxidized + Hexanoyl-CoA (n-C6:0CoA)  <=> Flavin adenine dinucleotide reduced + Trans-Hex-2-enoyl-CoA 
ACOAD3	Acyl-CoA dehydrogenase (octanoyl-CoA)	1.3.99.3	Nicotinamide adenine dinucleotide + Octanoyl-CoA (n-C8:0CoA)  -> H+ + Nicotinamide adenine dinucleotide - reduced + Trans-Oct-2-enoyl-CoA 
ACOAD3f	Acyl-CoA dehydrogenase (octanoyl-CoA)	1.3.3.6; 1.3.8.7; 1.3.8.8; 1.3.99.-; 1.3.99.3	Flavin adenine dinucleotide oxidized + Octanoyl-CoA (n-C8:0CoA)  -> Flavin adenine dinucleotide reduced + Trans-Oct-2-enoyl-CoA 
ACOAD4	Acyl-CoA dehydrogenase (decanoyl-CoA)	1.3.99.3	Decanoyl-CoA (n-C10:0CoA) + Nicotinamide adenine dinucleotide  -> Trans-Dec-2-enoyl-CoA + H+ + Nicotinamide adenine dinucleotide - reduced 
ACOAD4f	Acyl-CoA dehydrogenase (decanoyl-CoA)	1.3.99.3	Decanoyl-CoA (n-C10:0CoA) + Flavin adenine dinucleotide oxidized  -> Trans-Dec-2-enoyl-CoA + Flavin adenine dinucleotide reduced 
ACOAD5	Acyl-CoA dehydrogenase (dodecanoyl-CoA)		Dodecanoyl-CoA (n-C12:0CoA) + Nicotinamide adenine dinucleotide  -> Trans-Dodec-2-enoyl-CoA + H+ + Nicotinamide adenine dinucleotide - reduced 
ACOAD5f	Acyl-CoA dehydrogenase (dodecanoyl-CoA)	1.3.3.6; 1.3.8.7; 1.3.8.8; 1.3.99.-; 1.3.99.3	Dodecanoyl-CoA (n-C12:0CoA) + Flavin adenine dinucleotide oxidized  <=> Trans-Dodec-2-enoyl-CoA + Flavin adenine dinucleotide reduced 
ACOAD6	Acyl-CoA dehydrogenase (tetradecanoyl-CoA)	1.3.99.3	Nicotinamide adenine dinucleotide + Tetradecanoyl-CoA (n-C14:0CoA)  <=> H+ + Nicotinamide adenine dinucleotide - reduced + Trans-Tetradec-2-enoyl-CoA 
ACOAD6f	Acyl-CoA dehydrogenase (tetradecanoyl-CoA)	1.3.3.6; 1.3.8.7; 1.3.8.8; 1.3.8.9; 1.3.99.-; 1.3.99.3	Flavin adenine dinucleotide oxidized + Tetradecanoyl-CoA (n-C14:0CoA)  -> Flavin adenine dinucleotide reduced + Trans-Tetradec-2-enoyl-CoA 
ACOAD7	Acyl-CoA dehydrogenase (hexadecanoyl-CoA)		Nicotinamide adenine dinucleotide + Palmitoyl-CoA (n-C16:0CoA)  <=> H+ + Trans-Hexadec-2-enoyl-CoA + Nicotinamide adenine dinucleotide - reduced 
ACOAD7f	Acyl-CoA dehydrogenase (hexadecanoyl-CoA)	1.3.3.6; 1.3.8.7; 1.3.8.8; 1.3.8.9; 1.3.99.-; 1.3.99.3	Flavin adenine dinucleotide oxidized + Palmitoyl-CoA (n-C16:0CoA)  <=> Flavin adenine dinucleotide reduced + Trans-Hexadec-2-enoyl-CoA 
ACOAD8f	Acyl-CoA dehydrogenase (octadecanoyl-CoA)		Flavin adenine dinucleotide oxidized + Stearoyl-CoA (n-C18:0CoA)  <=> Flavin adenine dinucleotide reduced + Trans-Octadec-2-enoyl-CoA 
ACOADH2	Acyl CoA dehydrogenase  isobutyryl CoA	1.3.99.2	2 Isobutyryl-CoA + O2 O2  -> 2 2-Methylprop-2-enoyl-CoA + 2 H2O H2O 
ACODA	Acetylornithine deacetylase	3.5.1.14; 3.5.1.16	N2-Acetyl-L-ornithine + H2O H2O  -> Acetate + Ornithine 
ACONCtex	Cisaconitat transport via diffusion extracellular to periplasm		Cis-Aconitate  -> Cis-Aconitate 
ACONCtupp	Cisaconitate transport periplasm		Cis-Aconitate  -> Cis-Aconitate 
ACONTa	Aconitase (half-reaction A, Citrate hydro-lyase)	4.2.1.3	Citrate  <=> Cis-Aconitate + H2O H2O 
ACONTb	Aconitase (half-reaction B, Isocitrate hydro-lyase)	4.2.1.3	Cis-Aconitate + H2O H2O  <=> Isocitrate 
ACOTA	Acetylornithine transaminase	2.6.1.11	N2-Acetyl-L-ornithine + 2-Oxoglutarate  <=> N-Acetyl-L-glutamate 5-semialdehyde + L-Glutamate 
ACOXT	Acetyl-CoA:oxalate CoA-transferase		Acetyl-CoA + Oxalate  <=> Acetate + Oxalyl-CoA 
ACP1_FMN	Acid phosphatase (FMN)	3.1.3.102; 3.1.3.2	FMN C17H19N4O9P + H2O H2O  -> Phosphate + Riboflavin C17H20N4O6 
ACPPAT120	Acyl-(acyl carrier protein):phosphate acyltransferase (C12:0)		Dodecanoyl-ACP (n-C12:0ACP) + H+ + Phosphate  -> Acyl carrier protein + Dodecanoly-phosphate (n-C12:0) 
ACPPAT141	Acyl-(acyl carrier protein):phosphate acyltransferase (C14:1)		H+ + Phosphate + Cis-tetradec-7-enoyl-[acyl-carrier protein] (n-C14:1)  -> Acyl carrier protein + Tetradecanoyl-phosphate (n-C14:1) 
ACPPAT161	Acyl-(acyl carrier protein):phosphate acyltransferase (C16:1)		H+ + Cis-hexadec-9-enoyl-[acyl-carrier protein] (n-C16:1) + Phosphate  -> Acyl carrier protein + Hexadecanoyl-phosphate (n-C16:1) 
ACS	Acetyl-CoA synthetase	6.2.1.1	Acetate + ATP C10H12N5O13P3 + Coenzyme A  -> Acetyl-CoA + AMP C10H12N5O7P + Diphosphate 
ACSERtex	O-Acetyl-L-serine transport via diffusion (extracellular to periplasm)		O-Acetyl-L-serine  -> O-Acetyl-L-serine 
ACSERtpp	O-Acetyl-L-serine export via facilitated transport		O-Acetyl-L-serine  -> O-Acetyl-L-serine 
ACSPHAC101	R 3 Hydroxyacid Acyl CoA Synthetase  C101		 3 Hydroxy 4Z decenic acid + ATP C10H12N5O13P3 + Coenzyme A  ->  3 Hydroxy 4Z decenoyl CoA + AMP C10H12N5O7P + Diphosphate 
ACTD	Acetoin dehydrogenase	1.1.1.303	 R  Acetoin C4H8O2 + Nicotinamide adenine dinucleotide  -> Diacetyl C4H6O2 + H+ + Nicotinamide adenine dinucleotide - reduced 
ACTD_1	R_ACTD_1		Diacetyl C4H6O2 + H+ + Nicotinamide adenine dinucleotide - reduced  ->  R  Acetoin C4H8O2 + Nicotinamide adenine dinucleotide 
ACTDa	Acetoin dehydrogenase		 R  Acetoin C4H8O2 + Nicotinamide adenine dinucleotide phosphate  -> Diacetyl C4H6O2 + H+ + Nicotinamide adenine dinucleotide phosphate - reduced 
ACTNabc	Acetoin transport via ABC system		 R  Acetoin C4H8O2 + ATP C10H12N5O13P3 + H2O H2O  ->  R  Acetoin C4H8O2 + ADP C10H12N5O10P2 + H+ + Phosphate 
ACTNabc1	Acetoin efflux  via ABC system		 R  Acetoin C4H8O2 + ATP C10H12N5O13P3 + H2O H2O  ->  R  Acetoin C4H8O2 + ADP C10H12N5O10P2 + H+ + Phosphate 
ACt2rpp	Acetate reversible transport via proton symport (periplasm)		Acetate + H+  -> Acetate + H+ 
ACt4pp	Na+/Acetate symport (periplasm)		Acetate + Sodium  -> Acetate + Sodium 
ACtex	Acetate transport via diffusion (extracellular to periplasm)		Acetate  -> Acetate 
ADA	Adenosine deaminase	3.5.4.4	Adenosine + H2O H2O + H+  -> Inosine + Ammonium 
ADCL	4-aminobenzoate synthase	4.1.3.38	4-amino-4-deoxychorismate  -> 4-Aminobenzoate + H+ + Pyruvate 
ADCS	4-amino-4-deoxychorismate synthase	2.6.1.85	Chorismate + L-Glutamine  -> 4-amino-4-deoxychorismate + L-Glutamate 
ADEt2rpp	Adenine transport via proton symport (reversible) (periplasm)		Adenine + H+  -> Adenine + H+ 
ADEtex	Adenine transport via diffusion (extracellular to periplasm)		Adenine  -> Adenine 
ADK1	Adenylate kinase	2.7.4.3	AMP C10H12N5O7P + ATP C10H12N5O13P3  -> 2 ADP C10H12N5O10P2 
ADK3	Adentylate kinase (GTP)	2.7.4.10; 2.7.4.4	AMP C10H12N5O7P + GTP C10H12N5O14P3  -> ADP C10H12N5O10P2 + GDP C10H12N5O11P2 
ADK4	Adentylate kinase (ITP)		AMP C10H12N5O7P + ITP C10H11N4O14P3  <=> ADP C10H12N5O10P2 + IDP C10H11N4O11P2 
ADMDC	Adenosylmethionine decarboxylase	4.1.1.50	S-Adenosyl-L-methionine + H+  -> S-Adenosylmethioninamine + CO2 CO2 
ADNCYC	Adenylate cyclase	4.6.1.1	ATP C10H12N5O13P3  -> CAMP C10H11N5O6P + Diphosphate 
ADNK1	Adenosine kinase	2.7.1.20; 2.7.1.74	Adenosine + ATP C10H12N5O13P3  -> ADP C10H12N5O10P2 + AMP C10H12N5O7P + H+ 
ADNUC	Adenosine hydrolase	3.2.2.1; 3.2.2.7; 3.2.2.8	Adenosine + H2O H2O  -> Adenine + D-Ribose 
ADNt2pp	Adenosine transport in via proton symport (periplasm)		Adenosine + H+  -> Adenosine + H+ 
ADNtex	Adenosine transport via diffusion (extracellular to periplasm)		Adenosine  -> Adenosine 
ADOCBIK	Adenosyl cobinamide kinase	2.7.1.156	Adenosyl cobinamide + ATP C10H12N5O13P3  -> Adenosyl cobinamide phosphate + ADP C10H12N5O10P2 + H+ 
ADPDA	N6 acetyl LL 2 6 diaminoheptanedioate amidohydrolase		N6 Acetyl LL 2 6 diaminopimelate C9H15N2O5 + H2O H2O  <=> LL-2,6-Diaminoheptanedioate + Acetate 
ADPRDP	ADPribose diphosphatase	3.6.1.13	ADPribose C15H21N5O14P2 + H2O H2O  -> AMP C10H12N5O7P + 2 H+ + Alpha-D-Ribose 5-phosphate 
ADPT	Adenine phosphoribosyltransferase	2.4.2.7; 2.4.2.8	Adenine + 5-Phospho-alpha-D-ribose 1-diphosphate  -> AMP C10H12N5O7P + Diphosphate 
ADSELK	Adenylyl-selenate kinase	2.7.1.25	Adenylylselenate + ATP C10H12N5O13P3  -> 3'-Phosphoadenylylselenate + ADP C10H12N5O10P2 + H+ 
ADSELR	Phosphoadenylyl selenate reductase  thioredoxin		3'-Phosphoadenylylselenate + Reduced thioredoxin  -> 2 H+ + Adenosine 3',5'-bisphosphate + Selenite + Oxidized thioredoxin 
ADSK	Adenylyl-sulfate kinase	2.7.1.25	Adenosine 5'-phosphosulfate + ATP C10H12N5O13P3  -> ADP C10H12N5O10P2 + H+ + 3'-Phosphoadenylyl sulfate 
ADSL1r	Adenylsuccinate lyase	4.3.2.2	N6-(1,2-Dicarboxyethyl)-AMP  <=> AMP C10H12N5O7P + Fumarate 
ADSL2r	Adenylosuccinate lyase	4.3.2.2	(S)-2-[5-Amino-1-(5-phospho-D-ribosyl)imidazole-4-carboxamido]succinate  <=> 5-Amino-1-(5-Phospho-D-ribosyl)imidazole-4-carboxamide + Fumarate 
ADSS	Adenylosuccinate synthase	6.3.4.4	L-Aspartate + GTP C10H12N5O14P3 + IMP C10H11N4O8P  -> N6-(1,2-Dicarboxyethyl)-AMP + GDP C10H12N5O11P2 + 2 H+ + Phosphate 
ADtr	Acetamide transport, extracellular		Acetamide  -> Acetamide 
AEPPYRTA	2 aminoethylphosphonate pyruvate transaminase	2.6.1.37	2-Aminoethylphosphonate + Pyruvate  -> Phosphonoacetaldehyde + L-Alanine + H+ 
AEPTA	2 aminoethylphosphonate pyruvate transaminase		2-Aminoethylphosphonate + Pyruvate  <=> L-Alanine + H+ + Phosphonoacetaldehyde 
AEPabcpp	AEP transport via ABC system periplasm		2-Aminoethylphosphonate + ATP C10H12N5O13P3 + H2O H2O  -> 2-Aminoethylphosphonate + ADP C10H12N5O10P2 + H+ + Phosphate 
AEPtex	AEP transport via diffusion extracellular to periplasm		2-Aminoethylphosphonate  -> 2-Aminoethylphosphonate 
AGDC	N-acetylglucosamine-6-phosphate deacetylase	3.5.1.25	N-Acetyl-D-glucosamine 6-phosphate + H2O H2O  -> Acetate + D-Glucosamine 6-phosphate 
AGM3PA	N-Acetyl-D-glucosamine(anhydrous)N-Acetylmuramyl-tripeptide amidase		N-Acetyl-D-glucosamine(anhydrous)N-Acetylmuramyl-tripeptide + H2O H2O  -> L-alanine-D-glutamate-meso-2,6-diaminoheptanedioate + N-Acetyl-D-glucosamine(anhydrous)N-Acetylmuramic acid 
AGM3PApp	N-Acetyl-D-glucosamine(anhydrous)N-Acetylmuramyl-tripeptide amidase (periplasm)		N-Acetyl-D-glucosamine(anhydrous)N-Acetylmuramyl-tripeptide + H2O H2O  -> L-alanine-D-glutamate-meso-2,6-diaminoheptanedioate + N-Acetyl-D-glucosamine(anhydrous)N-Acetylmuramic acid 
AGM3PH	N-Acetyl-D-glucosamine(anhydrous)N-Acetylmuramyl-tripeptide beta -1,4-N-acetylglucosaminidase		N-Acetyl-D-glucosamine(anhydrous)N-Acetylmuramyl-tripeptide + H2O H2O  -> N-Acetyl-D-glucosamine + 1,6-anhydrous-N-Acetylmuramyl-tripeptide 
AGM3Pt2pp	GlcNAc-anhMurNAc tripeptide transport in via proton symport (periplasm)		N-Acetyl-D-glucosamine(anhydrous)N-Acetylmuramyl-tripeptide + H+  -> N-Acetyl-D-glucosamine(anhydrous)N-Acetylmuramyl-tripeptide + H+ 
AGM4PA	N-Acetyl-D-glucosamine(anhydrous)N-Acetylmuramyl-tetrapeptide amidase		N-Acetyl-D-glucosamine(anhydrous)N-Acetylmuramyl-tetrapeptide + H2O H2O  -> L-alanine-D-glutamate-meso-2,6-diaminoheptanedioate-D-alanine + N-Acetyl-D-glucosamine(anhydrous)N-Acetylmuramic acid 
AGM4PApp	N-Acetyl-D-glucosamine(anhydrous)N-Acetylmuramyl-tetrapeptide amidase (periplasm)		N-Acetyl-D-glucosamine(anhydrous)N-Acetylmuramyl-tetrapeptide + H2O H2O  -> L-alanine-D-glutamate-meso-2,6-diaminoheptanedioate-D-alanine + N-Acetyl-D-glucosamine(anhydrous)N-Acetylmuramic acid 
AGM4PCP	N-Acetyl-D-glucosamine(anhydrous)N-Acetylmuramyl-tetrapeptide L,D-carboxypeptidase		N-Acetyl-D-glucosamine(anhydrous)N-Acetylmuramyl-tetrapeptide + H2O H2O  -> D-Alanine + N-Acetyl-D-glucosamine(anhydrous)N-Acetylmuramyl-tripeptide 
AGM4PCPpp	N-Acetyl-D-glucosamine(anhydrous)N-Acetylmuramyl-tetrapeptide L,D-carboxypeptidase (periplasmic)		N-Acetyl-D-glucosamine(anhydrous)N-Acetylmuramyl-tetrapeptide + H2O H2O  -> D-Alanine + N-Acetyl-D-glucosamine(anhydrous)N-Acetylmuramyl-tripeptide 
AGM4PH	N-Acetyl-D-glucosamine(anhydrous)N-Acetylmuramyl-tetrapeptide beta -1,4-N-acetylglucosaminidase		N-Acetyl-D-glucosamine(anhydrous)N-Acetylmuramyl-tetrapeptide + H2O H2O  -> N-Acetyl-D-glucosamine + 1,6-anhydrous-N-Acetylmuramyl-tetrapeptide 
AGM4Pt2pp	GlcNAc-anhMurNAc tetrapeptide transport in via proton symport (periplasm)		N-Acetyl-D-glucosamine(anhydrous)N-Acetylmuramyl-tetrapeptide + H+  -> N-Acetyl-D-glucosamine(anhydrous)N-Acetylmuramyl-tetrapeptide + H+ 
AGMDA	Agmatine deaminase	3.5.3.12	Agmatine + H2O H2O  -> N-Carbamoylputrescine + Ammonium 
AGMH	N-Acetyl-D-glucosamine(anhydrous)N-Acetylmuramyl beta -1,4-N-acetylglucosaminidase		N-Acetyl-D-glucosamine(anhydrous)N-Acetylmuramic acid + H2O H2O  -> N-Acetyl-D-glucosamine + 1,6-anhydrous-N-Acetylmuramate 
AGMPTRCtpp	Agmatine/putrescine antiporter (periplasm)		Agmatine + Putrescine  -> Agmatine + Putrescine 
AGMt2pp	GlcNAc-anhMurNAc transport in via proton symport (periplasm)		N-Acetyl-D-glucosamine(anhydrous)N-Acetylmuramic acid + H+  -> N-Acetyl-D-glucosamine(anhydrous)N-Acetylmuramic acid + H+ 
AGMtex	Agmatine transport via diffusion (extracellular to periplasm)		Agmatine  -> Agmatine 
AGPAT120	1-tetradecanoyl-sn-glycerol 3-phosphate O-acyltransferase (n-C12:0)	2.3.1.51	1-dodecanoyl-sn-glycerol 3-phosphate + Dodecanoyl-ACP (n-C12:0ACP)  -> Acyl carrier protein + 1,2-didodecanoyl-sn-glycerol 3-phosphate 
AGPAT141	1-tetradec-7-enoyl-sn-glycerol 3-phosphate O-acyltransferase (n-C14:1)	2.3.1.51	1-tetradec-7-enoyl-sn-glycerol 3-phosphate + Cis-tetradec-7-enoyl-[acyl-carrier protein] (n-C14:1)  -> Acyl carrier protein + 1,2-ditetradec-7-enoyl-sn-glycerol 3-phosphate 
AGPAT161	1-hexadec-7-enoyl-sn-glycerol 3-phosphate O-acyltransferase (n-C16:1)	2.3.1.51	1-hexadec-9-enoyl-sn-glycerol 3-phosphate + Cis-hexadec-9-enoyl-[acyl-carrier protein] (n-C16:1)  -> Acyl carrier protein + 1,2-dihexadec-9-enoyl-sn-glycerol 3-phosphate 
AGPR	N-acetyl-g-glutamyl-phosphate reductase	1.2.1.38	N-Acetyl-L-glutamate 5-semialdehyde + Nicotinamide adenine dinucleotide phosphate + Phosphate  <=> N-Acetyl-L-glutamyl 5-phosphate + H+ + Nicotinamide adenine dinucleotide phosphate - reduced 
AHCYSNS	S-adenosylhomocysteine nucleosidase	3.2.2.9	S-Adenosyl-L-homocysteine + H2O H2O  -> Adenine + S-Ribosyl-L-homocysteine 
AHGDx	(S)-alpha-hydroxyglutarate dehydrogenase	1.1.1.272; 1.1.1.399; 1.1.1.M7	(S)-2-Hydroxyglutarate + Nicotinamide adenine dinucleotide  <=> 2-Oxoglutarate + H+ + Nicotinamide adenine dinucleotide - reduced 
AHMMPS_1	4 amino 5 hydroxymethyl 2 methylpyrimidine synthetase		5-amino-1-(5-phospho-D-ribosyl)imidazole + H2O H2O  -> 4-Amino-5-hydroxymethyl-2-methylpyrimidine + Glycolaldehyde + 0.5 O2 O2 + Phosphate 
AI2abcpp	Autoinducer-2 ABC transporter		ATP C10H12N5O13P3 + H2O H2O + (2R,4S)-2-methyl-2,3,3,4-tetrahydroxytetrahydrofuran  -> ADP C10H12N5O10P2 + H+ + (2R,4S)-2-methyl-2,3,3,4-tetrahydroxytetrahydrofuran + Phosphate 
AI2tex	Ai2 transport, outer membrane		(2R,4S)-2-methyl-2,3,3,4-tetrahydroxytetrahydrofuran  <=> (2R,4S)-2-methyl-2,3,3,4-tetrahydroxytetrahydrofuran 
AI2tpp	Quorum signal AI-2 exporter		(2R,4S)-2-methyl-2,3,3,4-tetrahydroxytetrahydrofuran  -> (2R,4S)-2-methyl-2,3,3,4-tetrahydroxytetrahydrofuran 
AICART	Phosphoribosylaminoimidazolecarboxamide formyltransferase	2.1.2.3	10-Formyltetrahydrofolate + 5-Amino-1-(5-Phospho-D-ribosyl)imidazole-4-carboxamide  <=> 5-Formamido-1-(5-phospho-D-ribosyl)imidazole-4-carboxamide + 5,6,7,8-Tetrahydrofolate 
AIRC2	Phosphoribosylaminoimidazole carboxylase	6.3.4.18	5-amino-1-(5-phospho-D-ribosyl)imidazole + ATP C10H12N5O13P3 + Bicarbonate  -> 5-phosphoribosyl-5-carboxyaminoimidazole + ADP C10H12N5O10P2 + H+ + Phosphate 
AIRC3	Phosphoribosylaminoimidazole carboxylase (mutase rxn)	5.4.99.18	5-amino-1-(5-phospho-D-ribosyl)imidazole-4-carboxylate  <=> 5-phosphoribosyl-5-carboxyaminoimidazole 
AIRCr	Phosphoribosylaminoimidazole carboxylase	4.1.1.21	5-amino-1-(5-phospho-D-ribosyl)imidazole + CO2 CO2  <=> 5-amino-1-(5-phospho-D-ribosyl)imidazole-4-carboxylate + H+ 
AIRSK	Aminoimidazole riboside kinase		Aminoimidazole-riboside + ATP C10H12N5O13P3  -> ADP C10H12N5O10P2 + 5-amino-1-(5-phospho-D-ribosyl)imidazole + 3 H+ 
AIRStex	Aminoimidazole riboside transport via diffusion extracellular to periplasm		Aminoimidazole-riboside  -> Aminoimidazole-riboside 
AIRStpp	Aminoimidazole riboside facilitated transport periplasm		Aminoimidazole-riboside  -> Aminoimidazole-riboside 
AKGDH	2-Oxogluterate dehydrogenase	1.2.1.52; 1.2.4.2; 1.8.1.4; 2.3.1.61	2-Oxoglutarate + Coenzyme A + Nicotinamide adenine dinucleotide  -> CO2 CO2 + Nicotinamide adenine dinucleotide - reduced + Succinyl-CoA 
AKGDa	Oxoglutarate dehydrogenase (lipoamide)	1.2.4.2	2-Oxoglutarate + H+ + Lipoamide C8H15NOS2  <=> CO2 CO2 + S Succinyldihydrolipoamide C12H20NO4S2 
AKGDb	Oxoglutarate dehydrogenase (dihydrolipoamide S-succinyltransferase)	2.3.1.61	Coenzyme A + S Succinyldihydrolipoamide C12H20NO4S2  -> Dihydrolipoamide C8H17NOS2 + Succinyl-CoA 
AKGt2rpp	2-oxoglutarate reversible transport via symport (periplasm)		2-Oxoglutarate + H+  -> 2-Oxoglutarate + H+ 
AKGtex	Alpha-ketoglutarate transport via diffusion (extracellular to periplasm)		2-Oxoglutarate  -> 2-Oxoglutarate 
ALAALAabcpp	D-alanyl-D-alanine (DalaDala) transport via ABC system (periplasm)		D-Alanyl-D-alanine + ATP C10H12N5O13P3 + H2O H2O  -> ADP C10H12N5O10P2 + D-Alanyl-D-alanine + H+ + Phosphate 
ALAALAr	D-alanine-D-alanine ligase (reversible)	6.3.2.4	2 D-Alanine + ATP C10H12N5O13P3  <=> ADP C10H12N5O10P2 + D-Alanyl-D-alanine + H+ + Phosphate 
ALAALAtex	D-alanyl-D-alanine (DalaDala) transport via diffusion (extracellular to periplasm)		D-Alanyl-D-alanine  -> D-Alanyl-D-alanine 
ALAGLNtr	Dipeptide transport via ABC system ala-gln		Ala-Gln + ATP C10H12N5O13P3 + H2O H2O  -> ADP C10H12N5O10P2 + Ala-Gln + H+ + Phosphate 
ALAGLUE	L-alanyl-gamma-glutamate epimerase	5.1.1.20	L-alanine-D-glutamate  <=> L-alanine-L-glutamate 
ALAGLUabcpp	L Alaninylglutamate  LalaLglu  transport via ABC system  periplasm		L-alanine-L-glutamate + ATP C10H12N5O13P3 + H2O H2O  -> L-alanine-L-glutamate + ADP C10H12N5O10P2 + H+ + Phosphate 
ALAGLYtr	Dipeptide transport via ABC system ala-gly		L-alanylglycine + ATP C10H12N5O13P3 + H2O H2O  -> ADP C10H12N5O10P2 + L-alanylglycine + H+ + Phosphate 
ALAHIStr	Dipeptide transport via ABC system ala-his		Ala-His + ATP C10H12N5O13P3 + H2O H2O  -> ADP C10H12N5O10P2 + Ala-His + H+ + Phosphate 
ALALEUt	Dipeptide transport via ABC system ala-leu		Ala-Leu + ATP C10H12N5O13P3 + H2O H2O  -> ADP C10H12N5O10P2 + Ala-Leu + H+ + Phosphate 
ALAR	Alanine racemase	5.1.1.1	L-Alanine  -> D-Alanine 
ALAS	R_ALAS		Glycine + H+ + Succinyl-CoA  <=> 5-Amino-4-oxopentanoate + CO2 CO2 + Coenzyme A 
ALATA_D	D-alanine transaminase	2.6.1.21	2-Oxoglutarate + D-Alanine  <=> D-Glutamate + Pyruvate 
ALATA_D2	D-alanine transaminase		D-Alanine + Pyridoxal 5'-phosphate  -> Pyridoxamine 5'-phosphate + Pyruvate 
ALATA_L	L-alanine transaminase	2.6.1.2	2-Oxoglutarate + L-Alanine  <=> L-Glutamate + Pyruvate 
ALATA_L2	Alanine transaminase		L-Alanine + Pyridoxal 5'-phosphate  -> Pyridoxamine 5'-phosphate + Pyruvate 
ALATHRtr	Dipeptide transport via ABC system ala-thr		Ala-L-Thr-L + ATP C10H12N5O13P3 + H2O H2O  -> ADP C10H12N5O10P2 + Ala-L-Thr-L + H+ + Phosphate 
ALAabc	L-alanine transport via ABC system		L-Alanine + ATP C10H12N5O13P3 + H2O H2O  -> ADP C10H12N5O10P2 + L-Alanine + H+ + Phosphate 
ALAabcpp	L-alanine transport via ABC system (periplasm)		L-Alanine + ATP C10H12N5O13P3 + H2O H2O  -> ADP C10H12N5O10P2 + L-Alanine + H+ + Phosphate 
ALAt2pp	L-alanine transport in via proton symport (periplasm)		L-Alanine + H+  -> L-Alanine + H+ 
ALAt4pp	L-alanine transport in via sodium symport (periplasm)		L-Alanine + Sodium  -> L-Alanine + Sodium 
ALAtex	L-alanine transport via diffusion (extracellular to periplasm)		L-Alanine  -> L-Alanine 
ALAtpp	L-alanine export via facilited diffusion		L-Alanine  -> L-Alanine 
ALCD19	Alcohol dehydrogenase (glycerol)	1.1.1.21; 1.1.1.72	D-Glyceraldehyde + H+ + Nicotinamide adenine dinucleotide - reduced  -> Glycerol + Nicotinamide adenine dinucleotide 
ALCD19y	Alcohol dehydrogenase  glycerol  NADP	1.1.1.2; 1.1.1.21; 1.1.1.372; 1.1.1.72	D-Glyceraldehyde + H+ + Nicotinamide adenine dinucleotide phosphate - reduced  -> Glycerol + Nicotinamide adenine dinucleotide phosphate 
ALCD2ir	Alcohol dehydrogenase  reverse rxn  acetaldehyde   ethanol	1.1.1.1; 1.1.1.71	Acetaldehyde + H+ + Nicotinamide adenine dinucleotide - reduced  -> Ethanol + Nicotinamide adenine dinucleotide 
ALCD2x	Alcohol dehydrogenase (ethanol)	1.1.1.1; 1.1.1.71	Ethanol + Nicotinamide adenine dinucleotide  <=> Acetaldehyde + H+ + Nicotinamide adenine dinucleotide - reduced 
ALCD3ir	Alcohol dehydrogenase Propanal	1.1.1.1; 1.1.1.2; 1.1.1.202; 1.1.1.21; 1.1.1.51	H+ + Nicotinamide adenine dinucleotide - reduced + Propanal  <=> Nicotinamide adenine dinucleotide + 1-Propanol 
ALCD4	Alcohol dehydrogenase (butanol)	1.1.1; 1.1.1.-	Butanol + Nicotinamide adenine dinucleotide  -> Butanal C4H8O + H+ + Nicotinamide adenine dinucleotide - reduced 
ALCD4y	Alcohol dehydrogenase (butanol) NADP depnedent	1.1.1; 1.1.1.-; 1.1.1.1; 1.1.1.188; 1.1.1.2; 1.1.1.21	Butanol + Nicotinamide adenine dinucleotide phosphate  -> Butanal C4H8O + H+ + Nicotinamide adenine dinucleotide phosphate - reduced 
ALDD1	Aldehyde dehydrogenase  formaldehyde  NAD	1.2.1.46	Formaldehyde + H2O H2O + Nicotinamide adenine dinucleotide  -> Formate + 2 H+ + Nicotinamide adenine dinucleotide - reduced 
ALDD19xr	Aldehyde dehydrogenase (phenylacetaldehyde, NAD)	1.2.1.39; 1.2.1.5	H2O H2O + Nicotinamide adenine dinucleotide + Phenylacetaldehyde  <=> 2 H+ + Nicotinamide adenine dinucleotide - reduced + Phenylacetic acid 
ALDD20x	Aldehyde dehydrogenase (indole-3-acetaldehyde, NAD)	1.2.1.3	H2O H2O + Indole 3 acetaldehyde C10H9NO + Nicotinamide adenine dinucleotide  -> 2 H+ + Indole 3 acetate C10H8NO2 + Nicotinamide adenine dinucleotide - reduced 
ALDD2x	Aldehyde dehydrogenase (acetaldehyde, NAD)	1.2.1.3; 1.2.1.5	Acetaldehyde + H2O H2O + Nicotinamide adenine dinucleotide  -> Acetate + 2 H+ + Nicotinamide adenine dinucleotide - reduced 
ALDD2y	Aldehyde dehydrogenase (acetaldehyde, NADP)	1.2.1.-; 1.2.1.4; 1.2.1.5	Acetaldehyde + H2O H2O + Nicotinamide adenine dinucleotide phosphate  -> Acetate + 2 H+ + Nicotinamide adenine dinucleotide phosphate - reduced 
ALDD31_1	Aldehyde dehydrogenase  aminoacetaldehyde  NAD		Aminoacetaldehyde C2H5NO + H2O H2O + Nicotinamide adenine dinucleotide  -> Glycine + 2 H+ + Nicotinamide adenine dinucleotide - reduced 
ALDD3y	Aldehyde dehydrogenase (propanal, NADP)		H2O H2O + Nicotinamide adenine dinucleotide phosphate + Propanal  -> 2 H+ + Nicotinamide adenine dinucleotide phosphate - reduced + Propionate (n-C3:0) 
ALDD4	Aldehyde dehydrogenase (butanal, NAD)		Butanal C4H8O + H2O H2O + Nicotinamide adenine dinucleotide  -> Butyrate (n-C4:0) + 2 H+ + Nicotinamide adenine dinucleotide - reduced 
ALKP	Alkaline phosphatase	3.1.3; 3.1.3.1; 3.1.3.2	Dihydroxyacetone phosphate + H2O H2O  -> Dihydroxyacetone + Phosphate 
ALLTAHr	Allantoate amidinohydrolase  reversible	3.5.3.4	Allantoate + H2O H2O  <=> (-)-Ureidoglycolate + Urea CH4N2O 
ALLTAMH	Allantoate amidohydrolase	3.5.3.9	Allantoate + 2 H2O H2O + 2 H+  -> CO2 CO2 + 2 Ammonium + (-)-Ureidoglycolate 
ALLTN	Allantoinase	3.5.2.5	Allantoin + H2O H2O  -> Allantoate + H+ 
ALLTNt2rpp	Allantoin transport in via proton symport (periplasm)		Allantoin + H+  -> Allantoin + H+ 
ALLTNtex	Allantoin transport via diffusion (extracellular to periplasm)		Allantoin  -> Allantoin 
ALL_D_Et	D-Allose transport (transport mechanism unknown - evidence from biolog data)		D-Allose  <=> D-Allose 
ALLabcpp	D-allose transport via ABC system (periplasm)		D-Allose + ATP C10H12N5O13P3 + H2O H2O  -> ADP C10H12N5O10P2 + D-Allose + H+ + Phosphate 
ALLtex	Allose transport via diffusion (extracellular to periplasm)		D-Allose  -> D-Allose 
ALPHNH	Allophanate hydrolase	3.5.1.54	Allophanate C2H3N2O3 + H2O H2O + 3 H+  -> 2 CO2 CO2 + 2 Ammonium 
ALR2	Aldose reductase (methylglyoxal)	1.1.1; 1.1.1.-	H+ + Methylglyoxal + Nicotinamide adenine dinucleotide phosphate - reduced  -> Acetol cytosol + Nicotinamide adenine dinucleotide phosphate 
ALR3	Aldose reductase (acetol)		Acetol cytosol + H+ + Nicotinamide adenine dinucleotide phosphate - reduced  -> (S)-Propane-1,2-diol + Nicotinamide adenine dinucleotide phosphate 
ALTRH	Altronate hydrolase	4.2.1.7	D-Altronate  -> 2-Dehydro-3-deoxy-D-gluconate + H2O H2O 
AM3PA	Anhydrous-N-Acetylmuramyl-tripeptide amidase		1,6-anhydrous-N-Acetylmuramyl-tripeptide + H2O H2O  -> L-alanine-D-glutamate-meso-2,6-diaminoheptanedioate + 1,6-anhydrous-N-Acetylmuramate 
AM4PA	Anhydrous-N-Acetylmuramyl-tetrapeptide amidase		1,6-anhydrous-N-Acetylmuramyl-tetrapeptide + H2O H2O  -> L-alanine-D-glutamate-meso-2,6-diaminoheptanedioate-D-alanine + 1,6-anhydrous-N-Acetylmuramate 
AM4PCP	Anhydrous-N-Acetylmuramyl-tetrapeptide L,D-carboxypeptidase		1,6-anhydrous-N-Acetylmuramyl-tetrapeptide + H2O H2O  -> D-Alanine + 1,6-anhydrous-N-Acetylmuramyl-tripeptide 
AMALT1	Amylomaltase (maltotriose)	2.4.1.25	Maltose C12H22O11 + Maltotriose C18H32O16  -> D-Glucose + Maltotetraose 
AMALT2	Amylomaltase (maltotetraose)	2.4.1.25	Maltose C12H22O11 + Maltotetraose  -> D-Glucose + Maltopentaose 
AMALT3	Amylomaltase (maltopentaose)	2.4.1.25	Maltose C12H22O11 + Maltopentaose  -> D-Glucose + Maltohexaose 
AMALT4	Amylomaltase (maltohexaose)	2.4.1.25	Maltose C12H22O11 + Maltohexaose  -> D-Glucose + Maltoheptaose 
AMANAPEr	N-acetylmannosamine 6-phosphate epimerase	5.1.3.9	N-Acetyl-D-mannosamine 6-phosphate  <=> N-Acetyl-D-glucosamine 6-phosphate 
AMAOTr	Adenosylmethionine-8-amino-7-oxononanoate transaminase	2.6.1.62	8-Amino-7-oxononanoate + S-Adenosyl-L-methionine  <=> S-Adenosyl-4-methylthio-2-oxobutanoate + 7,8-Diaminononanoate 
AMID4	Amidase	3.5.1.4	Acetamide + H2O H2O  -> Acetate + Ammonium 
AMMQLT8	S-adenosylmethione:2-demthylmenaquinole methyltransferase (menaquinone 8)	2.1.1.163	2-Demethylmenaquinol 8 + S-Adenosyl-L-methionine  -> S-Adenosyl-L-homocysteine + H+ + Menaquinol 8 
AMMQT8	S-adenosylmethione:2-demthylmenaquinone methyltransferase (menaquinone 8)		2-Demethylmenaquinone 8 + S-Adenosyl-L-methionine + H+  -> S-Adenosyl-L-homocysteine + Menaquinol 8 
AMMQT8_2	S-adenosylmethione:2-demethylmenaquinone methyltransferase		2-Demethylmenaquinone 8 + S-Adenosyl-L-methionine  -> S-Adenosyl-L-homocysteine + H+ + Menaquinone 8 
AMPD2	AMP deaminase		AMP C10H12N5O7P + H2O H2O  -> IMP C10H11N4O8P + Ammonia 
AMPEP1	Aminopeptidase		Gly asn L C6H11N3O4 + H2O H2O  <=> L-Asparagine + Glycine 
AMPEP10	Aminopeptidase		Gly asp L C6H9N2O5 + H2O H2O  <=> L-Aspartate + Glycine 
AMPEP11	Aminopeptidase		Gly pro L C7H12N2O3 + H2O H2O  -> Glycine + H+ + L-Proline 
AMPEP12	Aminopeptidase		Ala-Gln + H2O H2O  <=> L-Alanine + L-Glutamine 
AMPEP13	Aminopeptidase		Ala L asp L C7H11N2O5 + H2O H2O  <=> L-Alanine + L-Aspartate 
AMPEP14	Aminopeptidase		H2O H2O + H+ + Met L ala L C8H16N2O3S  <=> L-Alanine + L-Methionine 
AMPEP15	Aminopeptidase		H2O H2O + Proline-histidine-glutamine tripeptide  -> L-Glutamate + L-Histidine + L-Proline 
AMPEP18	Aminopeptidase		H2O H2O + Serine-glutamine-glycine tripeptide  -> L-Glutamate + Glycine + L-Serine 
AMPEP2	Aminopeptidase		Ala-L-Thr-L + H2O H2O  <=> L-Alanine + L-Threonine 
AMPEP3	Aminopeptidase		Gly-Gln + H2O H2O  <=> L-Glutamine + Glycine 
AMPEP4	Aminopeptidase		L-alanylglycine + H2O H2O  <=> L-Alanine + Glycine 
AMPEP5	Aminopeptidase		Ala L glu L C8H13N2O5 + H2O H2O  <=> L-Alanine + L-Glutamate 
AMPEP6	Aminopeptidase		Ala-Leu + H2O H2O  <=> L-Alanine + L-Leucine 
AMPEP7	Aminopeptidase		Ala-His + H2O H2O  <=> L-Alanine + L-Histidine 
AMPEP8	Aminopeptidase		Gly glu L C7H11N2O5 + H2O H2O  <=> L-Glutamate + Glycine 
AMPEP9	Aminopeptidase		Gly-Met + H2O H2O  <=> Glycine + L-Methionine 
AMPMS2	4-amino-2-methyl-5-phosphomethylpyrimidine synthetase		5-amino-1-(5-phospho-D-ribosyl)imidazole + H2O H2O + Nicotinamide adenine dinucleotide  -> 4-Amino-2-methyl-5-phosphomethylpyrimidine + 2 Formate + 3 H+ + Nicotinamide adenine dinucleotide - reduced 
AMPN	AMP nucleosidase	3.2.2.4	AMP C10H12N5O7P + H2O H2O  -> Adenine + Alpha-D-Ribose 5-phosphate 
AMPTASECG	Alanyl aminopeptidase (cys-gly)	3.4.11.1; 3.4.11.2; 3.4.11.23; 3.4.13.-; 3.4.13.18	Cys Gly C5H10N2O3S + H2O H2O  -> L-Cysteine + Glycine 
AMPTASEPG	Aminopeptidase (pro-gly)		H2O H2O + L-Prolinylglycine  -> Glycine + L-Proline 
AMPtex	AMP transport via diffusion (extracellular to periplasm)		AMP C10H12N5O7P  -> AMP C10H12N5O7P 
ANHGMtex	GlcNAc-anhMurNAc transport via diffusion (extracellular to periplasm)		N-Acetyl-D-glucosamine(anhydrous)N-Acetylmuramic acid  -> N-Acetyl-D-glucosamine(anhydrous)N-Acetylmuramic acid 
ANHMK	1,6-anhydrous-N-Acetylmuramate kinase		1,6-anhydrous-N-Acetylmuramate + ATP C10H12N5O13P3 + H2O H2O  -> N-acetylmuramate 6-phosphate + ADP C10H12N5O10P2 + H+ 
ANPRT	Anthranilate phosphoribosyltransferase	2.4.2.18	Anthranilate + 5-Phospho-alpha-D-ribose 1-diphosphate  -> Diphosphate + N-(5-Phospho-D-ribosyl)anthranilate 
ANS	Anthranilate synthase	4.1.3.27	Chorismate + L-Glutamine  -> Anthranilate + L-Glutamate + H+ + Pyruvate 
AOXSr	8-amino-7-oxononanoate synthase	2.3.1.47	L-Alanine + H+ + Pimeloyl-CoA  <=> 8-Amino-7-oxononanoate + CO2 CO2 + Coenzyme A 
AP4AH	Ap4A hydrolase	3.6.1.41	P1,P4-Bis(5'-adenosyl) tetraphosphate + H2O H2O  -> 2 ADP C10H12N5O10P2 + 2 H+ 
AP4AS	Ap4A synthetase	2.7.7	2 ATP C10H12N5O13P3 + H+  -> P1,P4-Bis(5'-adenosyl) tetraphosphate + Diphosphate 
APATi	Tetrahydrodipicolinate acetyltransferase	2.3.1.-; 2.3.1.89	Acetyl-CoA + H2O H2O + 2,3,4,5-Tetrahydrodipicolinate  <=> N Acetyl L 2 amino 6 oxopimelate C9H11NO6 + Coenzyme A 
APCt6	Ampicilin  transport out via proton antiport TtgABC system  periplasmexternal		Ampicillin + H+  -> Ampicillin + H+ 
APCtex	Ampicilin transport  extracellular		Ampicillin  -> Ampicillin 
APG3PAT120	Acyl-phosphate:glycerol-3-phosphate acyltransferase (C12:0)		Dodecanoly-phosphate (n-C12:0) + Glycerol 3-phosphate  -> 1-dodecanoyl-sn-glycerol 3-phosphate + H+ + Phosphate 
APG3PAT141	Acyl-phosphate:glycerol-3-phosphate acyltransferase (C14:1)		Glycerol 3-phosphate + Tetradecanoyl-phosphate (n-C14:1)  -> 1-tetradec-7-enoyl-sn-glycerol 3-phosphate + H+ + Phosphate 
APG3PAT161	Acyl-phosphate:glycerol-3-phosphate acyltransferase (C16:1)		Glycerol 3-phosphate + Hexadecanoyl-phosphate (n-C16:1)  -> 1-hexadec-9-enoyl-sn-glycerol 3-phosphate + H+ + Phosphate 
APH120	Acylphosphatase (C12:0)		Dodecanoly-phosphate (n-C12:0) + H2O H2O  -> Dodecanoate (n-C12:0) + 2 H+ + Phosphate 
APH141	Acylphosphatase (C14:1)		H2O H2O + Tetradecanoyl-phosphate (n-C14:1)  -> 2 H+ + Phosphate + Tetradecenoate (n-C14:1) 
APH161	Acylphosphatase (C16:1)		H2O H2O + Hexadecanoyl-phosphate (n-C16:1)  -> 2 H+ + Hexadecenoate (n-C16:1) + Phosphate 
APRAUR	5-amino-6-(5-phosphoribosylamino)uracil reductase	1.1.1.193	5-Amino-6-(5'-phosphoribosylamino)uracil + H+ + Nicotinamide adenine dinucleotide phosphate - reduced  -> 5-Amino-6-(5'-phosphoribitylamino)uracil + Nicotinamide adenine dinucleotide phosphate 
APSR	Adenosine 5'-phosphosulfate reductase;	1.8.4.10	Adenosine 5'-phosphosulfate + Reduced thioredoxin  -> AMP C10H12N5O7P + 2 H+ + Sulfite + Oxidized thioredoxin 
APTA1i	Acetyl L L diaminopimelate aminotransferase		N Acetyl L 2 amino 6 oxopimelate C9H11NO6 + L-Glutamate  -> N6 Acetyl LL 2 6 diaminopimelate C9H15N2O5 + 2-Oxoglutarate 
APTNAT	5-aminopentanoate:2-oxoglutarate aminotransferase	2.6.1.48	5-Aminopentanoate + 2-Oxoglutarate  <=> L-Glutamate + 5-Oxopentanoate 
ARABDI	L-fucose isomerase	5.3.1.3	D Arabinose C5H10O5  <=> D-Ribulose 
ARAI	L-arabinose isomerase	5.3.1.4; 5.3.1.5	L-Arabinose  <=> L-Ribulose 
ARAT	Methionine transaminase	2.6.1.5; 2.6.1.57	4-Methylthio-2-oxobutanoate + L-Glutamate  <=> 2-Oxoglutarate + H+ + L-Methionine 
ARBT6Pt	R_ARBT6Pt		Arbutin 6-phosphate  <=> Arbutin 6-phosphate 
ARBTpts	Arbutin transport via PEPPyr PTS		Arbutin C12H16O7 + Phosphoenolpyruvate  -> Arbutin 6-phosphate + Pyruvate 
ARBTptspp	Arbutin transport via PEP:Pyr PTS (periplasm)		Arbutin C12H16O7 + Phosphoenolpyruvate  -> Arbutin 6-phosphate + Pyruvate 
ARBTtex	Arbutin transport via diffusion (extracellular to periplasm)		Arbutin C12H16O7  -> Arbutin C12H16O7 
ARBabcpp	L-arabinose transport via ABC system (periplasm)	3.6.3.17	L-Arabinose + ATP C10H12N5O13P3 + H2O H2O  -> ADP C10H12N5O10P2 + L-Arabinose + H+ + Phosphate 
ARBt2r	L-arabinose transport via proton symport		L-Arabinose + H+  -> L-Arabinose + H+ 
ARBt2rpp	L-arabinose transport via proton symport (periplasm)		L-Arabinose + H+  -> L-Arabinose + H+ 
ARBt3ipp	L-arabinose transport via proton antiport (periplasm)		L-Arabinose + H+  -> L-Arabinose + H+ 
ARBtex	L-arabinose transport via diffusion (extracellular to periplasm)		L-Arabinose  -> L-Arabinose 
ARD_1	Acireductone dioxygenase	1.13.11.54	1,2-Dihydroxy-5-(methylthio)pent-1-en-3-one + O2 O2  -> 4-Methylthio-2-oxobutanoate + Formate + H+ 
ARGDC	Arginine decarboxylase	4.1.1.19	L-Arginine + H+  -> Agmatine + CO2 CO2 
ARGDCpp	Arginine decarboxylase	4.1.1.19	L-Arginine + H+  -> Agmatine + CO2 CO2 
ARGDI	Arginine deiminase	3.5.3.6	L-Arginine + H2O H2O  -> L-Citrulline + Ammonium 
ARGORNt3	Arginineornithine antiporter		L-Arginine + L Ornithine C5H13N2O2  <=> L-Arginine + L Ornithine C5H13N2O2 
ARGORNt7pp	Arginine/ornithine antiporter (periplasm)		L-Arginine + Ornithine  <=> L-Arginine + Ornithine 
ARGSL	Argininosuccinate lyase	4.3.2.1	N(omega)-(L-Arginino)succinate  <=> L-Arginine + Fumarate 
ARGSS	Argininosuccinate synthase	6.3.4.5	L-Aspartate + ATP C10H12N5O13P3 + L-Citrulline  -> AMP C10H12N5O7P + N(omega)-(L-Arginino)succinate + H+ + Diphosphate 
ARGabc	L-arginine transport via ABC system	3.6.3.21	L-Arginine + ATP C10H12N5O13P3 + H2O H2O  -> ADP C10H12N5O10P2 + L-Arginine + H+ + Phosphate 
ARGabcpp	L-arginine transport via ABC system (periplasm)	3.6.3.21	L-Arginine + ATP C10H12N5O13P3 + H2O H2O  -> ADP C10H12N5O10P2 + L-Arginine + H+ + Phosphate 
ARGt3pp	L-arginine transport out via proton antiport (cytoplasm to periplasm)		L-Arginine + H+  -> L-Arginine + H+ 
ARGtex	L-arginine transport via diffusion (extracellular to periplasm)		L-Arginine  -> L-Arginine 
AROAT	Prephenate transaminase		L-Glutamate + H+ + Prephenate  <=> L-Arogenate + 2-Oxoglutarate 
ARSR	R_ARSR		 R  Acetoin C4H8O2  -> S-acetoin 
ARUH	L Arginine pyruvate transaminase	2.6.1.84	L-Arginine + Pyruvate  <=> 2-Oxoarginine + L-Alanine 
ASAD	Aspartate-semialdehyde dehydrogenase	1.2.1.11	L-Aspartate 4-semialdehyde + Nicotinamide adenine dinucleotide phosphate + Phosphate  <=> 4-Phospho-L-aspartate + H+ + Nicotinamide adenine dinucleotide phosphate - reduced 
ASCBPL	L-ascorbate 6-phosphate lactonase	3.1.1; 3.1.1.-	L-ascorbate-6-phosphate + H2O H2O  -> 3-keto-L-gulonate-6-phosphate + H+ 
ASCBptspp	L-ascorbate transport via PEP:Pyr PTS (periplasm)		L-Ascorbate + Phosphoenolpyruvate  -> L-ascorbate-6-phosphate + Pyruvate 
ASCBtex	L-ascorbate transport via diffusion (extracellular to periplasm)		L-Ascorbate  -> L-Ascorbate 
ASNN	L-asparaginase	3.5.1.1; 3.5.1.38; 3.5.5.4	L-Asparagine + H2O H2O  -> L-Aspartate + Ammonium 
ASNS1	Asparagine synthase (glutamine-hydrolysing)	6.3.5.4	L-Aspartate + ATP C10H12N5O13P3 + L-Glutamine + H2O H2O  -> AMP C10H12N5O7P + L-Asparagine + L-Glutamate + H+ + Diphosphate 
ASNS2	Asparagine synthetase	6.3.1.1; 6.3.5.4	L-Aspartate + ATP C10H12N5O13P3 + Ammonium  -> AMP C10H12N5O7P + L-Asparagine + H+ + Diphosphate 
ASNabc	L-asparagine transport via ABC system		L-Asparagine + ATP C10H12N5O13P3 + H2O H2O  -> ADP C10H12N5O10P2 + L-Asparagine + H+ + Phosphate 
ASNt2rpp	L-asparagine reversible transport via proton symport (periplasm)		L-Asparagine + H+  -> L-Asparagine + H+ 
ASNtex	L-asparagine transport via diffusion (extracellular to periplasm)		L-Asparagine  -> L-Asparagine 
ASO3t2pp	Arsenite transporter via proton antiport  periplasm		Arsenite + H+  -> Arsenite + H+ 
ASO3t8pp	Arsenite efflux via ATP hydrolysis (periplasm)	3.6.3.16	Arsenite + ATP C10H12N5O13P3 + H2O H2O  -> ADP C10H12N5O10P2 + Arsenite + H+ + Phosphate 
ASO3tex	Arsenite transport via diffusion (extracellular to periplasm)		Arsenite  -> Arsenite 
ASO4rt2rpp	Arsenate reversible transport via symport (periplasm)		Arsenate + H+  -> Arsenate + H+ 
ASO4tex	Arsenate transporter (extracellular to periplasm)		Arsenate  -> Arsenate 
ASP1DC	Aspartate 1-decarboxylase	4.1.1.11; 4.1.1.15	L-Aspartate + H+  -> Beta-Alanine + CO2 CO2 
ASPCT	Aspartate carbamoyltransferase	2.1.3.2	L-Aspartate + Carbamoyl phosphate  -> N-Carbamoyl-L-aspartate + H+ + Phosphate 
ASPK	Aspartate kinase	2.7.2.4	L-Aspartate + ATP C10H12N5O13P3  <=> 4-Phospho-L-aspartate + ADP C10H12N5O10P2 
ASPO3	L-aspartate oxidase		L-Aspartate + Ubiquinone-8  -> H+ + Iminoaspartate + Ubiquinol-8 
ASPO4	L-aspartate oxidase		L-Aspartate + Menaquinone 8  -> H+ + Iminoaspartate + Menaquinol 8 
ASPO5	L-aspartate oxidase	1.5.99	L-Aspartate + Fumarate  -> H+ + Iminoaspartate + Succinate 
ASPO6	L-aspartate oxidase	1.4.3.16	L-Aspartate + O2 O2  -> Hydrogen peroxide + H+ + Iminoaspartate 
ASPT	L-aspartase	4.3.1.1	L-Aspartate  -> Fumarate + Ammonium 
ASPTA	Aspartate transaminase	2.6.1.1	2-Oxoglutarate + L-Aspartate  -> L-Glutamate + Oxaloacetate 
ASPabc	L-aspartate transport via ABC system	3.6.3.21	L-Aspartate + ATP C10H12N5O13P3 + H2O H2O  -> ADP C10H12N5O10P2 + L-Aspartate + H+ + Phosphate 
ASPabcpp	L-aspartate transport via ABC system (periplasm)	3.6.3.21	L-Aspartate + ATP C10H12N5O13P3 + H2O H2O  -> ADP C10H12N5O10P2 + L-Aspartate + H+ + Phosphate 
ASPt2_2pp	Aspartate transport via proton symport (2 H) (periplasm)		L-Aspartate + 2 H+  -> L-Aspartate + 2 H+ 
ASPt2_3pp	L-asparate transport via proton symport (3 H) (periplasm)		L-Aspartate + 3 H+  -> L-Aspartate + 3 H+ 
ASPt2pp	L-aspartate transport in via proton symport (periplasm)		L-Aspartate + H+  -> L-Aspartate + H+ 
ASPtex	L-aspartate transport via diffusion (extracellular to periplasm)		L-Aspartate  -> L-Aspartate 
ASPtpp	L-aspartate uptake via facillitated diffusion		L-Aspartate  -> L-Aspartate 
ASR	Arsenate reductase	1.20.4.1	Arsenate + 2 Reduced glutathione + 2 H+  -> Arsenite + Oxidized glutathione + H2O H2O 
AST	Arginine succinyltransferase	2.3.1.109	L-Arginine + Succinyl-CoA  -> Coenzyme A + H+ + N2-Succinyl-L-arginine 
ATHRDHr	L-allo-threonine dehydrogenase	1.1.1.381	L-Allo-threonine + Nicotinamide adenine dinucleotide phosphate  -> L-2-Amino-3-oxobutanoate + H+ + Nicotinamide adenine dinucleotide phosphate - reduced 
ATPHs	ATP amine hydrolysis (spontaneous)	3.5.4.17; 3.5.4.18	ATP C10H12N5O13P3 + H2O H2O + H+  -> ITP C10H11N4O14P3 + Ammonium 
ATPPRT	ATP phosphoribosyltransferase	2.4.2.17	ATP C10H12N5O13P3 + 5-Phospho-alpha-D-ribose 1-diphosphate  -> Diphosphate + 1-(5-Phosphoribosyl)-ATP 
ATPS4rpp	ATP synthase (four protons for one ATP) (periplasm)	3.6.3.14	ADP C10H12N5O10P2 + 4 H+ + Phosphate  -> ATP C10H12N5O13P3 + H2O H2O + 3 H+ 
BALAt2pp	Beta-alanine transport in via proton symport (periplasm)		Beta-Alanine + H+  -> Beta-Alanine + H+ 
BALAtex	Beta-alanine transport via diffusion (extracellular to periplasm)		Beta-Alanine  -> Beta-Alanine 
BCT1_syn	Bicarbonate transport via ABC system (periplasm)		ATP C10H12N5O13P3 + H2O H2O + Bicarbonate  -> ADP C10H12N5O10P2 + H+ + Bicarbonate + Phosphate 
BDH	3-HYDROXYBUTYRATE-DEHYDROGENASE-RXN	1.1.1.30	(R)-3-Hydroxybutanoate + Nicotinamide adenine dinucleotide  <=> Acetoacetate + H+ + Nicotinamide adenine dinucleotide - reduced 
BEF	R_BEF		Betaine aldehyde + Flavin adenine dinucleotide oxidized + H2O H2O  -> Flavin adenine dinucleotide reduced + Glycine betaine + H+ 
BETALDHx	Betaine-aldehyde dehydrogenase	1.2.1.8	Betaine aldehyde + H2O H2O + Nicotinamide adenine dinucleotide  -> Glycine betaine + 2 H+ + Nicotinamide adenine dinucleotide - reduced 
BETALDHy	Betaine-aldehyde dehydrogenase	1.2.1.8	Betaine aldehyde + H2O H2O + Nicotinamide adenine dinucleotide phosphate  -> Glycine betaine + 2 H+ + Nicotinamide adenine dinucleotide phosphate - reduced 
BGLA	Beta-glucosidase	3.2.1.21; 3.2.1.74	Cellobiose + H2O H2O  <=> 2 D-Glucose 
BGLA1	6-phospho-beta-glucosidase		6-Phospho-beta-D-glucosyl-(1,4)-D-glucose + H2O H2O  -> D-Glucose 6-phosphate + D-Glucose 
BG_CELLB	Beta glucosidase  cellobiose	3.2.1.21; 3.2.1.74	Cellobiose + H2O H2O  -> 2 D-Glucose 
BG_MADG	Beta glucosidase  methyl alpha D glucoside	3.2.1.21	H2O H2O + Alpha Methyl D glucoside C7H14O6  -> D-Glucose + Methanol 
BG_MBDG	Beta glucosidase	3.2.1.21	H2O H2O + Beta Methylglucoside C7H14O6  -> D-Glucose + Methanol 
BPNT	3',5'-bisphosphate nucleotidase	3.1.3.7; 3.1.3.97	H2O H2O + Adenosine 3',5'-bisphosphate  -> AMP C10H12N5O7P + Phosphate 
BTNTe	Release of biotin across the basolatral membrane		Biotin  -> Biotin 
BTNt2ipp	Biotin transport via proton symport (periplasm)		Biotin + H+  -> Biotin + H+ 
BTNtex	Biotin transport via diffusion (extracellular to periplasm)		Biotin  -> Biotin 
BTOHt2rpp	Butanol transport via proton symport (periplasm)		Butanol + H+  -> Butanol + H+ 
BTOHtex	Butanol transport via diffusion (extracellular to periplasm)		Butanol  -> Butanol 
BTS	Butanol synthase	1.1.1; 1.1.1.-	Butanal C4H8O + H+ + Nicotinamide adenine dinucleotide - reduced  <=> 1-Butanol + Nicotinamide adenine dinucleotide 
BTS4	Biotin synthase	2.8.1.6	S-Adenosyl-L-methionine + Dethiobiotin + Sulfur  -> Biotin + 5'-Deoxyadenosine + H+ + L-Methionine 
BTS_nadph	Butanol synthase (NADPH)	1.1.1; 1.1.1.-; 1.1.1.1; 1.1.1.188; 1.1.1.2; 1.1.1.21	Butanal C4H8O + H+ + Nicotinamide adenine dinucleotide phosphate - reduced  -> 1-Butanol + Nicotinamide adenine dinucleotide phosphate 
BUP2	Beta-ureidopropionase (D-3-amino-isobutanoate forming)		3-Ureidoisobutyrate + H2O H2O + 2 H+  -> D-3-Amino-isobutanoate + CO2 CO2 + Ammonium 
BUPN	Beta-ureidopropionase	3.5.1.6	N-Carbamoyl-beta-alanine + H2O H2O + 2 H+  -> Beta-Alanine + CO2 CO2 + Ammonium 
BUTCT	Acetyl-CoA:butyrate-CoA transferase	2.8.3.8	Acetyl-CoA + Butyrate (n-C4:0)  -> Acetate + Butanoyl-CoA 
BUTSO3abcpp	Butanesulfonate transport via ABC system (periplasm)		ATP C10H12N5O13P3 + Butanesulfonate + H2O H2O  -> ADP C10H12N5O10P2 + Butanesulfonate + H+ + Phosphate 
BUTSO3tex	Butanesulfonate transport via diffusion (extracellular to periplasm)		Butanesulfonate  -> Butanesulfonate 
BUTtex	Butyrate transport via diffusion (extracellular to periplasm)		Butyrate (n-C4:0)  -> Butyrate (n-C4:0) 
BZALCt2pp	Benzyl alcohol transport in via proton symport (periplasm)		Benzyl alcohol + H+  -> Benzyl alcohol + H+ 
BZALCtex	Benzyl alcohol transport via diffusion (extraorganism to periplasm)		Benzyl alcohol  -> Benzyl alcohol 
BZALDH	Benzyl alcohol dehydrogenase	1.1.1.1; 1.1.1.21; 1.1.1.90	Benzyl alcohol + Nicotinamide adenine dinucleotide  <=> Benzaldehyde + H+ + Nicotinamide adenine dinucleotide - reduced 
BZALt	Benzaldehyde transport		Benzaldehyde  <=> Benzaldehyde 
BZALt2pp	Benzaldehyde transport in via proton symport (periplasm)		Benzaldehyde + H+  -> Benzaldehyde + H+ 
BZALtex	Benzaldehyde transport via diffusion (Extra-organism to periplasm)		Benzaldehyde  -> Benzaldehyde 
BZSCD	Benzylsuccinyl-CoA dehydrogenase		Benzylsuccinyl-CoA + Flavin adenine dinucleotide oxidized  <=> Flavin adenine dinucleotide reduced + E-Phenylitaconyl-CoA 
BZSCT	Benzylsuccinate CoA-transferase	2.8.3.15	Benzylsuccinate + Succinyl-CoA  <=> Benzylsuccinyl-CoA + Succinate 
BZSS	Benzylsuccinate synthase	4.1.99.11	Fumarate + Toluene  <=> Benzylsuccinate 
BZt	Benzoate transport (diffusion)		Benzoate  <=> Benzoate 
BZt2_pp	Benzoate transport in via proton symport  2H		Benzoate + 2 H+  -> Benzoate + 2 H+ 
BZtex	Benzoate transport via diffusion (extracellular to periplasm)		Benzoate  -> Benzoate 
CA2abc	Calcium transport via ABC system	3.6.3; 3.6.3.8	ATP C10H12N5O13P3 + Calcium + H2O H2O  -> ADP C10H12N5O10P2 + Calcium + H+ + Phosphate 
CA2t3pp	Calcium (Ca+2) transport out via proton antiport (periplasm)		Calcium + H+  -> Calcium + H+ 
CA2tex	Calcium (Ca+2) transport via diffusion (extracellular to periplasm)	3.6.3.8	Calcium  -> Calcium 
CADVtpp	Lysine/Cadaverine antiporter (periplasm)		1,5-Diaminopentane + H+ + L-Lysine  -> 1,5-Diaminopentane + H+ + L-Lysine 
CARNabcpp	Carnosine transport via ABC system  periplasm		ATP C10H12N5O13P3 + L-Carnosine + H2O H2O  -> ADP C10H12N5O10P2 + L-Carnosine + H+ + Phosphate 
CARNtex	L Carnosine transport via diffusion  extracellular to periplasm		L-Carnosine  -> L-Carnosine 
CAT	Catalase	1.11.1.21; 1.11.1.6	2 Hydrogen peroxide  -> 2 H2O H2O + O2 O2 
CATpp	Catalase  periplasm		2 Hydrogen peroxide  -> 2 H2O H2O + O2 O2 
CAt6pp	Calcium / sodium antiporter (1:1)		Calcium + Sodium  <=> Calcium + Sodium 
CBMKr	Carbamate kinase	2.7.2.2	ATP C10H12N5O13P3 + CO2 CO2 + Ammonium  <=> ADP C10H12N5O10P2 + Carbamoyl phosphate + 2 H+ 
CBPAH	N-carbamoylputrescine amidohydrolase		N-Carbamoylputrescine + 2 H2O H2O + H+  -> Bicarbonate + Ammonium + Putrescine 
CBPS	Carbamoyl-phosphate synthase (glutamine-hydrolysing)	6.3.5.5	2 ATP C10H12N5O13P3 + L-Glutamine + H2O H2O + Bicarbonate  -> 2 ADP C10H12N5O10P2 + Carbamoyl phosphate + L-Glutamate + 2 H+ + Phosphate 
CD2abcpp	Cadmium (Cd+2) ABC transporter (periplasm)	3.6.3.3; 3.6.3.46	ATP C10H12N5O13P3 + Cadmium + H2O H2O  -> ADP C10H12N5O10P2 + Cadmium + H+ + Phosphate 
CD2t3pp	Cadmium (Cd+2) transport out via proton antiport (periplasm)		Cadmium + H+  -> Cadmium + H+ 
CD2t4pp	Cadmium (Cd+2) transport out via proton antiport (periplasm)		Cadmium + H+ + Potassium  -> Cadmium + H+ + Potassium 
CD2t5	Cadmium  Cd2  transport out via proton antiport  cytosolexternal		Cadmium + H+  -> Cadmium + H+ 
CD2t6	Cadmium  Cd2  transport out via proton antiport  periplasmexternal		Cadmium + H+  -> Cadmium + H+ 
CD2tex	Cadmium (Cd+2) transport via diffusion (extracellular to periplasm)		Cadmium  -> Cadmium 
CD2tpp	Cadmium (+2) transport in via permease (no H+)		Cadmium  -> Cadmium 
CDAPPA120	CDP-Diacylglycerol pyrophostatase (n-C12:0)	3.6.1.26	CDP-1,2-didodecanoylglycerol + H2O H2O  -> CMP C9H12N3O8P + 2 H+ + 1,2-didodecanoyl-sn-glycerol 3-phosphate 
CDAPPA140	CDP-Diacylglycerol pyrophostatase (n-C14:0)	3.6.1.26	CDP-1,2-ditetradecanoylglycerol + H2O H2O  -> CMP C9H12N3O8P + 2 H+ + 1,2-ditetradecanoyl-sn-glycerol 3-phosphate 
CDAPPA141	CDP-Diacylglycerol pyrophostatase (n-C14:1)	3.6.1.26	CDP-1,2-ditetradec-7-enoylglycerol + H2O H2O  -> CMP C9H12N3O8P + 2 H+ + 1,2-ditetradec-7-enoyl-sn-glycerol 3-phosphate 
CDAPPA160	CDP-Diacylglycerol pyrophostatase (n-C16:0)	3.6.1.26	CDP-1,2-dihexadecanoylglycerol + H2O H2O  -> CMP C9H12N3O8P + 2 H+ + 1,2-dihexadecanoyl-sn-glycerol 3-phosphate 
CDAPPA161	CDP-Diacylglycerol pyrophostatase (n-C16:1)	3.6.1.26	CDP-1,2-dihexadec-9-enoylglycerol + H2O H2O  -> CMP C9H12N3O8P + 2 H+ + 1,2-dihexadec-9-enoyl-sn-glycerol 3-phosphate 
CDAPPA180	CDP-Diacylglycerol pyrophostatase (n-C18:0)	3.6.1.26	CDP-1,2-dioctadecanoylglycerol + H2O H2O  -> CMP C9H12N3O8P + 2 H+ + 1,2-dioctadecanoyl-sn-glycerol 3-phosphate 
CDAPPA181	CDP-Diacylglycerol pyrophostatase (n-C18:1)	3.6.1.26	CDP-1,2-dioctadec-11-enoylglycerol + H2O H2O  -> CMP C9H12N3O8P + 2 H+ + 1,2-dioctadec-11-enoyl-sn-glycerol 3-phosphate 
CDGUNPD	3,5-cyclic-nucleotide phosphodiesterase		Cyclic diguanosine monophosphate + H2O H2O  -> 5-Phosphoguanylyl(3->5)guanosine + H+ 
CDPMEK	4-(cytidine 5'-diphospho)-2-C-methyl-D-erythritol kinase	2.7.1.148	4-(cytidine 5'-diphospho)-2-C-methyl-D-erythritol + ATP C10H12N5O13P3  -> 2-phospho-4-(cytidine 5'-diphospho)-2-C-methyl-D-erythritol + ADP C10H12N5O10P2 + H+ 
CDPPH	CDP phosphohydrolase	3.6.1.5; 3.6.1.6	CDP C9H12N3O11P2 + H2O H2O  -> CMP C9H12N3O8P + H+ + Phosphate 
CDPPT160	CDPPT160		CDP-1,2-dihexadecanoylglycerol + Myo-Inositol  -> CMP C9H12N3O8P + H+ + Phosphatidyl 1D myo inositol 
CELASEpp	Endo 1 4 D glucanase cellolose		Cellulose (n=4 repeating units) + H2O H2O  -> 2 Cellobiose 
CELBpts	Cellobiose transport via PEPPyr PTS		Cellobiose + Phosphoenolpyruvate  -> 6-Phospho-beta-D-glucosyl-(1,4)-D-glucose + Pyruvate 
CELLB_Et	Cellobiose transport (transport mechanism unknown - evidence from biolog data)		Cellobiose  -> Cellobiose 
CELLBpts_2	R_CELLBpts_2		Cellobiose + 2 H+ + Phosphoenolpyruvate  -> Cellobiose 6 phosphate C12H21O14P + Pyruvate 
CELLS	Cellulose synthase  UDP forming		H2O H2O + 4 UDPglucose  -> Cellulose (n=4 repeating units) + 4 H+ + 4 UDP C9H11N2O12P2 
CGLYabcpp	L-Cysteinylglycine (Cys-Gly) transport via ABC system (periplasm)		ATP C10H12N5O13P3 + Cys Gly C5H10N2O3S + H2O H2O  -> ADP C10H12N5O10P2 + Cys Gly C5H10N2O3S + H+ + Phosphate 
CGLYtex	L-Cysteinylglycine transport via diffusion (extracellular to periplasm)		Cys Gly C5H10N2O3S  -> Cys Gly C5H10N2O3S 
CHCD	MNXR22345		3-[(3aS,4S,5R,7aS)-5-hydroxy-7a-methyl-1-oxo-octahydro-1H-inden-4-yl]-3-hydroxypropanoyl-CoA + Nicotinamide adenine dinucleotide  -> H+ + 3-[(3aS,4S,5R,7aS)-5-hydroxy-7a-methyl-1-oxo-octahydro-1H-inden-4-yl]-3-oxopropanoyl-CoA + Nicotinamide adenine dinucleotide - reduced 
CHCOAL	6-carboxyhexanoate-CoA ligase	6.2.1.14	ATP C10H12N5O13P3 + Coenzyme A + Pimelate  -> AMP C10H12N5O7P + Pimeloyl-CoA + Diphosphate 
CHLabcpp	Choline transport via ABC system (periplasm)		ATP C10H12N5O13P3 + Choline C5H14NO + H2O H2O  -> ADP C10H12N5O10P2 + Choline C5H14NO + H+ + Phosphate 
CHLt2pp	Choline transport via proton symport (periplasm)		Choline C5H14NO + H+  -> Choline C5H14NO + H+ 
CHLt3pp	Choline transport via proton antiport (periplasm)		Choline C5H14NO + H+  -> Choline C5H14NO + H+ 
CHLtex	Choline transport via diffusion (extracellular to periplasm)		Choline C5H14NO  -> Choline C5H14NO 
CHOL1	MNXR19104		Chsterol c + Nicotinamide adenine dinucleotide  -> Cholest-4-en-3-one + H+ + Nicotinamide adenine dinucleotide - reduced 
CHOLCOA	MNXR87732		CoA-cholest-4-en-3-one C5 side chain + Flavin adenine dinucleotide oxidized  -> CoA-22-ene-cholest-4-en-3-one C5 side chain + Flavin adenine dinucleotide reduced 
CHOLD	Choline dehydrogenase	1.1.1; 1.1.1.1	Choline C5H14NO + Nicotinamide adenine dinucleotide  -> Betaine aldehyde + H+ + Nicotinamide adenine dinucleotide - reduced 
CHOLSH	CHOLINE-SULFATASE-RXN	3.1.6.6	Choline sulfate + H2O H2O  -> Choline C5H14NO + H+ + Sulfate 
CHOLS_ex	CHOLS LPAREN ex RPAREN		Choline sulfate  <=> Choline sulfate 
CHOLSabc	Choline sulfate ABC transporter		ATP C10H12N5O13P3 + Choline sulfate + H2O H2O  -> ADP C10H12N5O10P2 + Choline sulfate + H+ + Phosphate 
CHOLt4ipp	Choline  sodium cotransport		Choline C5H14NO + Sodium  -> Choline C5H14NO + Sodium 
CHORM	Chorismate mutase	5.4.99.5	Chorismate  -> Prephenate 
CHORS	Chorismate synthase	4.2.3.5	5-O-(1-Carboxyvinyl)-3-phosphoshikimate  -> Chorismate + Phosphate 
CHRPL	Chorismate pyruvate lyase	4.1.3.40	Chorismate  -> 4-Hydroxybenzoate + Pyruvate 
CHSTEROLt_1	MNXR1163		ATP C10H12N5O13P3 + Chsterol c + H2O H2O  -> ADP C10H12N5O10P2 + Chsterol c + H+ + Phosphate 
CHTBSptspp	Chitobiose transport via PEP:Pyr PTS (periplasm)		N,N'-diacetylchitobiose + Phosphoenolpyruvate  -> Diacetylchitobiose-6-phosphate + Pyruvate 
CHTBStex	Chitobiose transport via diffusion (extracellular to periplasm)		N,N'-diacetylchitobiose  -> N,N'-diacetylchitobiose 
CITACt	Citrate transport via acetate antiport		Acetate + Citrate  <=> Acetate + Citrate 
CITL	Citrate lyase	4.1.3.6	Citrate  -> Acetate + Oxaloacetate 
CITt3pp	Citrate transport out via proton antiport (periplasm)		Citrate + H+  -> Citrate + H+ 
CITt_kt	Citrate proton symport periplasm		Citrate + H+  -> Citrate + H+ 
CITtex	Citrate transport via diffusion (extracellular to periplasm)		Citrate  -> Citrate 
CLBtex	Cellobiose transport transport via diffusion extracellular to periplasm		Cellobiose  -> Cellobiose 
CLPNH120pp	Cardiolipin hydrolase (periplasm, n-C12:0)		Cardiolipin (tetradodecanoyl, n-C12:0) + H2O H2O  -> H+ + 1,2-didodecanoyl-sn-glycerol 3-phosphate + Phosphatidylglycerol (didodecanoyl, n-C12:0) 
CLPNH140pp	Cardiolipin hydrolase (periplasm, n-C14:0)		Cardiolipin (tetratetradecanoyl, n-C14:0) + H2O H2O  -> H+ + 1,2-ditetradecanoyl-sn-glycerol 3-phosphate + Phosphatidylglycerol (ditetradecanoyl, n-C14:0) 
CLPNH141pp	Cardiolipin hydrolase (periplasm, n-C14:1)		Cardiolipin (tetratetradec-7-enoyl, n-C14:1) + H2O H2O  -> H+ + 1,2-ditetradec-7-enoyl-sn-glycerol 3-phosphate + Phosphatidylglycerol (ditetradec-7-enoyl, n-C14:1) 
CLPNH160pp	Cardiolipin hydrolase (periplasm, n-C16:0)		Cardiolipin (tetrahexadecanoyl, n-C16:0) + H2O H2O  -> H+ + 1,2-dihexadecanoyl-sn-glycerol 3-phosphate + Phosphatidylglycerol (dihexadecanoyl, n-C16:0) 
CLPNH161pp	Cardiolipin hydrolase (periplasm, n-C16:1)		Cardiolipin (tetrahexadec-9-enoyl, n-C16:1) + H2O H2O  -> H+ + 1,2-dihexadec-9-enoyl-sn-glycerol 3-phosphate + Phosphatidylglycerol (dihexadec-9-enoyl, n-C16:1) 
CLPNH180pp	Cardiolipin hydrolase (periplasm, n-C18:0)		Cardiolipin (tetraoctadecanoyl, n-C18:0) + H2O H2O  -> H+ + 1,2-dioctadecanoyl-sn-glycerol 3-phosphate + Phosphatidylglycerol (dioctadecanoyl, n-C18:0) 
CLPNH181pp	Cardiolipin hydrolase (periplasm, n-C18:1)		Cardiolipin (tetraoctadec-11-enoyl, n-C18:1) + H2O H2O  -> H+ + 1,2-dioctadec-11-enoyl-sn-glycerol 3-phosphate + Phosphatidylglycerol (dioctadec-11-enoyl, n-C18:1) 
CLPNS120pp	Cardiolipin synthase (periplasmic, n-C12:0)		2 Phosphatidylglycerol (didodecanoyl, n-C12:0)  <=> Cardiolipin (tetradodecanoyl, n-C12:0) + Glycerol 
CLPNS140pp	Cardiolipin synthase (periplasmic, n-C14:0)		2 Phosphatidylglycerol (ditetradecanoyl, n-C14:0)  <=> Cardiolipin (tetratetradecanoyl, n-C14:0) + Glycerol 
CLPNS141pp	Cardiolipin synthase (periplasmic, n-C14:1)		2 Phosphatidylglycerol (ditetradec-7-enoyl, n-C14:1)  <=> Cardiolipin (tetratetradec-7-enoyl, n-C14:1) + Glycerol 
CLPNS160	Cardiolipin synthase (n-C16:0)		2 Phosphatidylglycerol (dihexadecanoyl, n-C16:0)  <=> Cardiolipin (tetrahexadecanoyl, n-C16:0) + Glycerol 
CLPNS160pp	Cardiolipin synthase (periplasmic, n-C16:0)		2 Phosphatidylglycerol (dihexadecanoyl, n-C16:0)  <=> Cardiolipin (tetrahexadecanoyl, n-C16:0) + Glycerol 
CLPNS161pp	Cardiolipin synthase (periplasmic, n-C16:1)		2 Phosphatidylglycerol (dihexadec-9-enoyl, n-C16:1)  <=> Cardiolipin (tetrahexadec-9-enoyl, n-C16:1) + Glycerol 
CLPNS180pp	Cardiolipin synthase (periplasmic, n-C18:0)		2 Phosphatidylglycerol (dioctadecanoyl, n-C18:0)  <=> Cardiolipin (tetraoctadecanoyl, n-C18:0) + Glycerol 
CLPNS181pp	Cardiolipin synthase (periplasmic, n-C18:1)		2 Phosphatidylglycerol (dioctadec-11-enoyl, n-C18:1)  <=> Cardiolipin (tetraoctadec-11-enoyl, n-C18:1) + Glycerol 
CLS	R_CLS		CDP-1,2-dihexadecanoylglycerol + Phosphatidylglycerol (dihexadecanoyl, n-C16:0)  <=> Cardiolipin (tetrahexadecanoyl, n-C16:0) + CMP C9H12N3O8P + H+ 
CLt3_2pp	Chloride transport out via proton antiport (2:1) (periplasm)		2 Chloride + H+  <=> 2 Chloride + H+ 
CLtex	Chloride (Cl-1) transport via diffusion (extracellular to periplasm)		Chloride  -> Chloride 
CMCBTFL	CMCBTFL		Carboxymycobactin T (R=8 carbon, final carbon is carboxyl group) + Iron (Fe3+)  -> 铁(III)羧霉菌素B 
CMCBTFU	CMCBTFU		Iron(III) chelated carboxymycobactin T (R=8 carbon, final carbon is carboxyl group)  -> Carboxymycobactin T (R=8 carbon, final carbon is carboxyl group) + Iron (Fe3+) + H+ 
CMCBTFabcpp	Carboxymycobactin transport via ABC system  periplasm		ATP C10H12N5O13P3 + Iron(III) chelated carboxymycobactin T (R=8 carbon, final carbon is carboxyl group) + H2O H2O  -> ADP C10H12N5O10P2 + Iron(III) chelated carboxymycobactin T (R=8 carbon, final carbon is carboxyl group) + H+ + Phosphate 
CMCBTFtex	Carboxymycobactin secretion  to extracellular		Carboxymycobactin T (R=8 carbon, final carbon is carboxyl group) + H+  -> Carboxymycobactin T (R=8 carbon, final carbon is carboxyl group) + H+ 
CMCBTFtonex	Carboxymycobactin transport via ton system  extracellular		Iron(III) chelated carboxymycobactin T (R=8 carbon, final carbon is carboxyl group) + H+  -> Iron(III) chelated carboxymycobactin T (R=8 carbon, final carbon is carboxyl group) + H+ 
CMCBTFtpp	Carboxymycobactin secretion  to periplasm		Carboxymycobactin T (R=8 carbon, final carbon is carboxyl group) + H+  -> Carboxymycobactin T (R=8 carbon, final carbon is carboxyl group) + H+ 
CMCMSAD	4 carboxy 2 hydroxymuconate 6 semialdehyde dehydrogenase	1.1.1.312; 1.2.1.60	2-Hydroxy-5-carboxymethylmuconate-Semialdehyde + H2O H2O + Nicotinamide adenine dinucleotide  -> 5-Carboxymethyl-2-hydroxymuconate + 2 H+ + Nicotinamide adenine dinucleotide - reduced 
CMHMI	5 carboxymethyl 2 hydroxymuconate delta isomerase	5.3.3.10	5-Carboxymethyl-2-hydroxymuconate  -> 5-Carboxy-2-oxohept-3-enedioate 
CMLDC	4 carboxymuconolactone decarboxylase	4.1.1.44	4-Carboxymuconolactone + H+  -> 5-Oxo-4,5-dihydrofuran-2-acetate + CO2 CO2 
CMPtex	CMP transport via diffusion (extracellular to periplasm)		CMP C9H12N3O8P  -> CMP C9H12N3O8P 
CMt2ex	Chloramphenicol extrusion		Chloramphenicol + H+  -> Chloramphenicol + H+ 
CMt2ppi	Chloramphenicol transport via diffusion  periplasm to cytosol		Chloramphenicol  -> Chloramphenicol 
CMtex	Chloramphenicol transport via diffusion (extracellular to periplasm)		Chloramphenicol  -> Chloramphenicol 
CMtpp	Chloramphenicol transport via TolC system		Chloramphenicol + H+  -> Chloramphenicol + H+ 
CO2tex	CO2 transport via diffusion (extracellular to periplasm)		CO2 CO2  -> CO2 CO2 
CO2tpp	CO2 transporter via diffusion (periplasm)		CO2 CO2  -> CO2 CO2 
COB1NDAAT1	Cob I yrinate a c diamide adenosyltransferase 1		ATP C10H12N5O13P3 + Cob-I-yrinate-a-c-diamide + H+  <=> Adenosyl-cobyrinate-a-c-diamide + Inorganic triphosphate 
COB1NDAAT2	Cob I yrinate a c diamide adenosyltransferase 2		ATP C10H12N5O13P3 + Cob-I-yrinate-a-c-diamide + H2O H2O  -> Adenosyl-cobyrinate-a-c-diamide + Phosphate + Diphosphate 
COBALT2abcpp	Cobalt (Co+2) ABC transporter (periplasm)		ATP C10H12N5O13P3 + Co2+ + H2O H2O  -> ADP C10H12N5O10P2 + Co2+ + H+ + Phosphate 
COBALT2t3pp	Cobalt (Co+2) transport out via proton antiport (periplasm)		Co2+ + H+  -> Co2+ + H+ 
COBALT2tex	Cobalt (Co+2) transport via diffusion (extracellular to periplasm)		Co2+  -> Co2+ 
COBALT2tpp	Cobalt transport in via permease (no H+)		Co2+  -> Co2+ 
COBALTt4pp	Cobalt transport out via proton antiporter (periplasm)		Co2+ + H+ + Potassium  -> Co2+ + H+ + Potassium 
COabc	Cobalt transport via ABC system		ATP C10H12N5O13P3 + Co2+ + H2O H2O  -> ADP C10H12N5O10P2 + Co2+ + H+ + Phosphate 
CPK1	Adenylate kinase		CMP C9H12N3O8P + CTP C9H12N3O14P3  <=> 2 CDP C9H12N3O11P2 
CPPPGO	Coproporphyrinogen oxidase (O2 required)	1.3.3.3	Coproporphyrinogen III + 2 H+ + O2 O2  -> 2 CO2 CO2 + 2 H2O H2O + Protoporphyrinogen IX 
CPPPGO2	Oxygen Independent coproporphyrinogen-III oxidase	1.3.98.3; 1.3.99.22	2 S-Adenosyl-L-methionine + Coproporphyrinogen III  -> 2 CO2 CO2 + 2 5'-Deoxyadenosine + 2 L-Methionine + Protoporphyrinogen IX 
CREAT	Creatinase		Creatine cytosol + H2O H2O  -> Sarcosine C3H7NO2 + Urea CH4N2O 
CREATtex	Creatine transport via diffusion  extracellular to periplasm		Creatine cytosol  -> Creatine cytosol 
CREATtpp	Creatine transport via proton symport  reversible  periplasm		Creatine cytosol + H+  -> Creatine cytosol + H+ 
CRNDH	Carnitine 3 dehydrogenase		L-Carnitine + Nicotinamide adenine dinucleotide  -> 3 dehydrocarnitine + H+ + Nicotinamide adenine dinucleotide - reduced 
CRNDabcpp	D-carnitine transport via ABC system (periplasm)		ATP C10H12N5O13P3 + D-Carnitine + H2O H2O  -> ADP C10H12N5O10P2 + D-Carnitine + H+ + Phosphate 
CRNDt2rpp	D-carnitine outward transport (H+ antiport)		D-Carnitine + H+  -> D-Carnitine + H+ 
CRNabcpp	L-carnitine transport via ABC system (periplasm)		ATP C10H12N5O13P3 + L-Carnitine + H2O H2O  -> ADP C10H12N5O10P2 + L-Carnitine + H+ + Phosphate 
CRNt2rpp	L-carnitine outward transport (H+ antiport)		L-Carnitine + H+  -> L-Carnitine + H+ 
CRNt7pp	Carnitine/butyrobetaine antiporter (periplasm)		L-Carnitine + Gamma-butyrobetaine  -> L-Carnitine + Gamma-butyrobetaine 
CRNt8pp	L-carnitine/D-carnitine antiporter (periplasm)		D-Carnitine + L-Carnitine  -> D-Carnitine + L-Carnitine 
CRNtex	L-carnitine transport via diffusion (extracellular to periplasm)		L-Carnitine  -> L-Carnitine 
CRO4abcpp	Chromate transport via ABC system (periplasm)		ATP C10H12N5O13P3 + Chromate + H2O H2O  -> ADP C10H12N5O10P2 + Chromate + H+ + Phosphate 
CRO4t3	Chromate transport out via proton antiport		Chromate + H+  -> Chromate + H+ 
CRO4tex	Cromate transport via diffusion (extracellular to periplasm)		Chromate  -> Chromate 
CS	Citrate synthase	2.3.3.1; 2.3.3.16; 2.3.3.3	Acetyl-CoA + H2O H2O + Oxaloacetate  -> Citrate + Coenzyme A + H+ 
CSND	Cytosine deaminase	3.5.4.1	Cytosine + H2O H2O + H+  -> Ammonium + Uracil 
CSNt2pp	Cytosine transport in via proton symport (periplasm)		Cytosine + H+  -> Cytosine + H+ 
CSNtex	Cytosine transport via diffusion (extracellular to periplasm)		Cytosine  -> Cytosine 
CTBTabcpp	Crotonobetaine transport via ABC system (periplasm)		ATP C10H12N5O13P3 + Crotonobetaine + H2O H2O  -> ADP C10H12N5O10P2 + Crotonobetaine + H+ + Phosphate 
CTBTt2rpp	Cronobetaine outward transport (H+ antiport)		Crotonobetaine + H+  -> Crotonobetaine + H+ 
CTECOAI6	3-cis-2-trans-enoyl-CoA isomerase	5.3.3.8	Tetradecenoyl-CoA (n-C14:1CoA)  <=> Trans-Tetradec-2-enoyl-CoA 
CTECOAI7	3-cis-2-trans-enoyl-CoA isomerase	5.3.3.8	Hexadecenoyl-CoA (n-C16:1CoA)  <=> Trans-Hexadec-2-enoyl-CoA 
CTECOAI8	3-cis-2-trans-enoyl-CoA isomerase	5.3.3.8	Octadecenoyl-CoA (n-C18:1CoA)  <=> Trans-Octadec-2-enoyl-CoA 
CTPS1	CTP synthase  NH3	6.3.4.2	ATP C10H12N5O13P3 + Ammonium + UTP C9H11N2O15P3  -> ADP C10H12N5O10P2 + CTP C9H12N3O14P3 + 2 H+ + Phosphate 
CTPS2	CTP synthase (glutamine)	6.3.4.2	ATP C10H12N5O13P3 + L-Glutamine + H2O H2O + UTP C9H11N2O15P3  -> ADP C10H12N5O10P2 + CTP C9H12N3O14P3 + L-Glutamate + 2 H+ + Phosphate 
CU1Opp	Cuprous Oxidase (Cu+1)	1.16.3	4 Cu+ + 4 H+ + O2 O2  -> 4 Copper + 2 H2O H2O 
CU2abcpp	Copper (Cu+2) ABC transporter (periplasm)	3.6.3; 3.6.3.4	ATP C10H12N5O13P3 + Copper + H2O H2O  -> ADP C10H12N5O10P2 + Copper + H+ + Phosphate 
CU2tex	Copper (Cu+2) transport via diffusion (extracellular to periplasm)		Copper  -> Copper 
CU2tonex	Cupper transport via ton system  extracellular		Copper + H+  -> Copper + H+ 
CU2tpp	Copper transport in via permease (no H+)		Copper  -> Copper 
CUabcpp	Copper transport via ABC system (periplasm)	3.6.3.4	ATP C10H12N5O13P3 + Copper + H2O H2O  -> ADP C10H12N5O10P2 + Copper + H+ + Phosphate 
CUtex	Copper (Cu+1) transport via diffusion (extracellular to periplasm)		Cu+  -> Cu+ 
CYANST	Cyanide sulfurtransferase	2.8.1.1	Hydrogen cyanide + Thiosulfate  -> H+ + Sulfite + Thiocyanate 
CYANt2pp	Cyanate transport via proton symport  periplasm		Hydrogen cyanide + H+  -> Hydrogen cyanide + H+ 
CYANtex	Cyanide transport via diffusion (extracellular to periplasm)		Hydrogen cyanide  -> Hydrogen cyanide 
CYNTAH	Cyanate aminohydrolase	4.2.1.104	Cyanate + 3 H+ + Bicarbonate  -> 2 CO2 CO2 + Ammonium 
CYNTt2pp	Cyanate transport via proton symport (periplasm)		Cyanate + H+  -> Cyanate + H+ 
CYNTtex	Cyanate transport via diffusion (extracellular to periplasm)		Cyanate  -> Cyanate 
CYP1	MNXR19061		Cholest-4-en-3-one + Nicotinamide adenine dinucleotide - reduced + O2 O2  -> H2O H2O + H+ + 26-Hydroxycholest-4-en-3-one + Nicotinamide adenine dinucleotide 
CYP2	CYP2		26-Hydroxycholest-4-en-3-one + Nicotinamide adenine dinucleotide  -> H+ + Nicotinamide adenine dinucleotide - reduced + 26-Oxocholest-4-en-3-one 
CYP3	CYP3		H+ + Nicotinamide adenine dinucleotide - reduced + O2 O2 + 26-Oxocholest-4-en-3-one  -> 26-Carboxycholest-4-en-3-one + H2O H2O + Nicotinamide adenine dinucleotide 
CYS	L-cysteine	4.2.1.22; 4.4.1.1	Hydrogen sulfide + L-Serine  <=> L-Cysteine + H2O H2O 
CYSDDS	D-cysteine desulfhydrase	4.4.1.15	D-Cysteine + H2O H2O  -> Hydrogen sulfide + Ammonium + Pyruvate 
CYSDS	Cysteine Desulfhydrase	4.4.1.1; 4.4.1.28; 4.4.1.8	L-Cysteine + H2O H2O  -> Hydrogen sulfide + Ammonium + Pyruvate 
CYSDSF	Cysteine desulfurase		L-Cysteine  <=> L-Alanine + Sulfur 
CYSDabcpp	D-cysteine uptake via ABC system (periplasm)		ATP C10H12N5O13P3 + D-Cysteine + H2O H2O  -> ADP C10H12N5O10P2 + D-Cysteine + H+ + Phosphate 
CYSDtex	D-cysteine transport via diffusion (extracellular to periplasm)		D-Cysteine  -> D-Cysteine 
CYSS	Cysteine synthase	2.5.1.47; 2.5.1.65	O-Acetyl-L-serine + Hydrogen sulfide  -> Acetate + L-Cysteine + H+ 
CYSTA	Cysteine transaminase	2.6.1.1; 2.6.1.3	2-Oxoglutarate + L-Cysteine  -> L-Glutamate + Mercaptopyruvate 
CYSTGL	Cystathionine g lyase	4.4.1.1	L-Cystathionine + H2O H2O  -> 2-Oxobutanoate + L-Cysteine + Ammonium 
CYSTL	Cystathionine b-lyase	4.4.1.8	L-Cystathionine + H2O H2O  -> L-Homocysteine + Ammonium + Pyruvate 
CYSTS	Cystathionine beta synthase	4.2.1.22	L-Homocysteine + L-Serine  -> L-Cystathionine + H2O H2O 
CYSabc	L-cysteine transport via ABC system	3.6.3.21	ATP C10H12N5O13P3 + L-Cysteine + H2O H2O  -> ADP C10H12N5O10P2 + L-Cysteine + H+ + Phosphate 
CYSabc2pp	L-cysteine export via ABC system (cytoplasm to periplasm)	3.6.3.21	ATP C10H12N5O13P3 + L-Cysteine + H2O H2O  -> ADP C10H12N5O10P2 + L-Cysteine + H+ + Phosphate 
CYSabcpp	L-cysteine uptake via ABC system (periplasm)	3.6.3.21	ATP C10H12N5O13P3 + L-Cysteine + H2O H2O  -> ADP C10H12N5O10P2 + L-Cysteine + H+ + Phosphate 
CYSt2r	L cysteine reversible transport via proton symport		L-Cysteine + H+  -> L-Cysteine + H+ 
CYStex	L-cysteine transport via diffusion (extracellular to periplasm)		L-Cysteine  -> L-Cysteine 
CYStpp	L-cysteine export via facilitated transport		L-Cysteine  -> L-Cysteine 
CYTBD	Cytochrome oxidase bd (ubiquinol-8: 2 protons)		2 H+ + 0.5 O2 O2 + Ubiquinol-8  -> H2O H2O + 2 H+ + Ubiquinone-8 
CYTBD2pp	Cytochrome oxidase bd (menaquinol-8: 2 protons) (periplasm)		2 H+ + Menaquinol 8 + 0.5 O2 O2  -> H2O H2O + 2 H+ + Menaquinone 8 
CYTBDpp	Cytochrome oxidase bd (ubiquinol-8: 2 protons) (periplasm)		2 H+ + 0.5 O2 O2 + Ubiquinol-8  -> H2O H2O + 2 H+ + Ubiquinone-8 
CYTBO3_4pp	Cytochrome oxidase bo3 (ubiquinol-8: 4 protons) (periplasm)		4 H+ + 0.5 O2 O2 + Ubiquinol-8  -> H2O H2O + 4 H+ + Ubiquinone-8 
CYTD	Cytidine deaminase	3.5.4.5	Cytidine + H2O H2O + H+  -> Ammonium + Uridine 
CYTDH	Cytidine hydrolase	3.2.2.3; 3.2.2.8	Cytidine + H2O H2O  -> Cytosine + D-Ribose 
CYTDK1	ATP:cytidine 5'-phosphotransferase	2.7.1.213; 2.7.1.48	ATP C10H12N5O13P3 + Cytidine  -> ADP C10H12N5O10P2 + CMP C9H12N3O8P + H+ 
CYTDK2	Cytidine kinase (GTP)	2.7.1.213; 2.7.1.48	Cytidine + GTP C10H12N5O14P3  -> CMP C9H12N3O8P + GDP C10H12N5O11P2 + H+ 
CYTDt2pp	Cytidine transport in via proton symport (periplasm)		Cytidine + H+  -> Cytidine + H+ 
CYTDtex	Cytidine transport via diffusion (extracellular to periplasm)		Cytidine  -> Cytidine 
CYTK1	Cytidylate kinase (CMP)	2.7.4.14; 2.7.4.25	ATP C10H12N5O13P3 + CMP C9H12N3O8P  -> ADP C10H12N5O10P2 + CDP C9H12N3O11P2 
CYTK2	Cytidylate kinase (dCMP)	2.7.4.13; 2.7.4.14; 2.7.4.25	ATP C10H12N5O13P3 + DCMP C9H12N3O7P  -> ADP C10H12N5O10P2 + DCDP C9H12N3O10P2 
CYTK2_1	Adenylate kinase		CTP C9H12N3O14P3 + DCMP C9H12N3O7P  -> CDP C9H12N3O11P2 + DCDP C9H12N3O10P2 
CYTOM	Cytosine 5 methyltransferase	2.1.1.37	S-Adenosyl-L-methionine + Cytosine  <=> 5-Methylcytosine + S-Adenosyl-L-homocysteine + H+ 
Clt	Major Facilitator(MFS) TCDB:2.A.1.14.6		Chloride  <=> Chloride 
D3AIBT	R_D3AIBT		D-3-Amino-isobutanoate + Pyruvate  <=> 2-Methyl-3-oxopropanoate + L-Alanine 
DAAD	D-Amino acid dehydrogenase	1.4.99.1	D-Alanine + Flavin adenine dinucleotide oxidized + H2O H2O  -> Flavin adenine dinucleotide reduced + Ammonium + Pyruvate 
DADA	Deoxyadenosine deaminase	3.5.4.4	Deoxyadenosine + H2O H2O + H+  -> Deoxyinosine + Ammonium 
DADK	Deoxyadenylate kinase	2.7.4.11; 2.7.4.13; 2.7.4.3	ATP C10H12N5O13P3 + DAMP C10H12N5O6P  <=> ADP C10H12N5O10P2 + DADP C10H12N5O9P2 
DADNt2pp	Deoxyadenosine transport in via proton symport (periplasm)		Deoxyadenosine + H+  -> Deoxyadenosine + H+ 
DADNtex	Deoxyadenosine transport via diffusion (extracellular to periplasm)		Deoxyadenosine  -> Deoxyadenosine 
DAGK120	Diacylglycerol kinase (n-C12:0)		1,2-Diacyl-sn-glycerol (didodecanoyl, n-C12:0) + ATP C10H12N5O13P3  -> ADP C10H12N5O10P2 + H+ + 1,2-didodecanoyl-sn-glycerol 3-phosphate 
DAGK140	Diacylglycerol kinase (n-C14:0)		1,2-Diacyl-sn-glycerol (ditetradecanoyl, n-C14:0) + ATP C10H12N5O13P3  -> ADP C10H12N5O10P2 + H+ + 1,2-ditetradecanoyl-sn-glycerol 3-phosphate 
DAGK141	Diacylglycerol kinase (n-C14:1)		1,2-Diacyl-sn-glycerol (ditetradec-7-enoyl, n-C14:1) + ATP C10H12N5O13P3  -> ADP C10H12N5O10P2 + H+ + 1,2-ditetradec-7-enoyl-sn-glycerol 3-phosphate 
DAGK160	Diacylglycerol kinase (n-C16:0)	2.7.1.107	1,2-Diacyl-sn-glycerol (dihexadecanoyl, n-C16:0) + ATP C10H12N5O13P3  -> ADP C10H12N5O10P2 + H+ + 1,2-dihexadecanoyl-sn-glycerol 3-phosphate 
DAGK161	Diacylglycerol kinase (n-C16:1)		1,2-Diacyl-sn-glycerol (dihexadec-9-enoyl, n-C16:1) + ATP C10H12N5O13P3  -> ADP C10H12N5O10P2 + H+ + 1,2-dihexadec-9-enoyl-sn-glycerol 3-phosphate 
DAGK180	Diacylglycerol kinase (n-C18:0)		1,2-Diacyl-sn-glycerol (dioctadecanoyl, n-C18:0) + ATP C10H12N5O13P3  -> ADP C10H12N5O10P2 + H+ + 1,2-dioctadecanoyl-sn-glycerol 3-phosphate 
DAGK181	Diacylglycerol kinase (n-C18:1)		1,2-Diacyl-sn-glycerol (dioctadec-11-enoyl, n-C18:1) + ATP C10H12N5O13P3  -> ADP C10H12N5O10P2 + H+ + 1,2-dioctadec-11-enoyl-sn-glycerol 3-phosphate 
DALAt2pp	D-alanine transport in via proton symport (periplasm)		D-Alanine + H+  -> D-Alanine + H+ 
DALAtex	D-Alanine transport via diffusion (extracellular to periplasm)		D-Alanine  -> D-Alanine 
DAMPtex	DAMP transport via diffusion (extracellular to periplasm)		DAMP C10H12N5O6P  -> DAMP C10H12N5O6P 
DAPAL	2,3-diaminopropionate amonnia lyase	4.3.1.15	2,3-diaminopropionate + H2O H2O + H+  -> 2 Ammonium + Pyruvate 
DAPAT	Cadaverine aminotranferase		1,5-Diaminopentane + 2-Oxoglutarate  -> L-Glutamate + H2O H2O + H+ + Piperideine 
DAPDC	Diaminopimelate decarboxylase	4.1.1.20	Meso-2,6-Diaminoheptanedioate + H+  -> CO2 CO2 + L-Lysine 
DAPE	Diaminopimelate epimerase	5.1.1.7	LL-2,6-Diaminoheptanedioate  <=> Meso-2,6-Diaminoheptanedioate 
DAPabcpp	M-diaminopimelic acid ABC transport (periplasm)		Meso-2,6-Diaminoheptanedioate + ATP C10H12N5O13P3 + H2O H2O  -> Meso-2,6-Diaminoheptanedioate + ADP C10H12N5O10P2 + H+ + Phosphate 
DAPtex	1,5-Diaminopentane transport via diffusion (extracellular to periplasm)		1,5-Diaminopentane  -> 1,5-Diaminopentane 
DARBabcpp	D-arabinose transport via ABC system (periplasm)		D Arabinose C5H10O5 + ATP C10H12N5O13P3 + H2O H2O  -> ADP C10H12N5O10P2 + D Arabinose C5H10O5 + H+ + Phosphate 
DARBt2rpp	D-arabinose transport via proton symport (periplasm)		D Arabinose C5H10O5 + H+  -> D Arabinose C5H10O5 + H+ 
DARBt3ipp	D-arabinose transport via proton antiport (periplasm)		D Arabinose C5H10O5 + H+  -> D Arabinose C5H10O5 + H+ 
DARBtex	D-arabinose transport via diffusion (extracellular to periplasm)		D Arabinose C5H10O5  -> D Arabinose C5H10O5 
DASYN120	CDP-diacylglycerol synthetase (n-C12:0)	2.7.7.41	CTP C9H12N3O14P3 + H+ + 1,2-didodecanoyl-sn-glycerol 3-phosphate  -> CDP-1,2-didodecanoylglycerol + Diphosphate 
DASYN140	CDP-diacylglycerol synthetase (n-C14:0)	2.7.7.41	CTP C9H12N3O14P3 + H+ + 1,2-ditetradecanoyl-sn-glycerol 3-phosphate  -> CDP-1,2-ditetradecanoylglycerol + Diphosphate 
DASYN141	CDP-diacylglycerol synthetase (n-C14:1)	2.7.7.41	CTP C9H12N3O14P3 + H+ + 1,2-ditetradec-7-enoyl-sn-glycerol 3-phosphate  -> CDP-1,2-ditetradec-7-enoylglycerol + Diphosphate 
DASYN160	CDP-diacylglycerol synthetase (n-C16:0)	2.7.7.41	CTP C9H12N3O14P3 + H+ + 1,2-dihexadecanoyl-sn-glycerol 3-phosphate  -> CDP-1,2-dihexadecanoylglycerol + Diphosphate 
DASYN161	CDP-diacylglycerol synthetase (n-C16:1)	2.7.7.41	CTP C9H12N3O14P3 + H+ + 1,2-dihexadec-9-enoyl-sn-glycerol 3-phosphate  -> CDP-1,2-dihexadec-9-enoylglycerol + Diphosphate 
DASYN180	CDP-diacylglycerol synthetase (n-C18:0)	2.7.7.41	CTP C9H12N3O14P3 + H+ + 1,2-dioctadecanoyl-sn-glycerol 3-phosphate  -> CDP-1,2-dioctadecanoylglycerol + Diphosphate 
DASYN181	CDP-diacylglycerol synthetase (n-C18:1)	2.7.7.41	CTP C9H12N3O14P3 + H+ + 1,2-dioctadec-11-enoyl-sn-glycerol 3-phosphate  -> CDP-1,2-dioctadec-11-enoylglycerol + Diphosphate 
DATPHs	DATP amine hydrolysis (spontaneous)		DATP C10H12N5O12P3 + H2O H2O + H+  -> DITP(4-) + Ammonium 
DB4PS	3,4-Dihydroxy-2-butanone-4-phosphate synthase	4.1.99.12	D-Ribulose 5-phosphate  -> 3,4-dihydroxy-2-butanone 4-phosphate + Formate 
DBTS	Dethiobiotin synthase	6.3.3.3	ATP C10H12N5O13P3 + CO2 CO2 + 7,8-Diaminononanoate  -> ADP C10H12N5O10P2 + Dethiobiotin + 3 H+ + Phosphate 
DC6PH	Diacetylchitobiose-6-phosphate hydrolase		Diacetylchitobiose-6-phosphate + H2O H2O  -> N-Acetyl-D-glucosamine 6-phosphate + N-Acetyl-D-glucosamine 
DCAtex	Decanoate transport via diffusion (extracellular to periplasm)		Decanoate (n-C10:0)  -> Decanoate (n-C10:0) 
DCMPtex	DCMP transport via diffusion (extracellular to periplasm)		DCMP C9H12N3O7P  -> DCMP C9H12N3O7P 
DCTPD	DCTP deaminase	3.5.4.13	DCTP C9H12N3O13P3 + H2O H2O + H+  -> DUTP C9H11N2O14P3 + Ammonium 
DCTPD2	DCTP deaminase	3.5.4.13	CTP C9H12N3O14P3 + H2O H2O + H+  -> Ammonium + UTP C9H11N2O15P3 
DCYTD	Deoxycytidine deaminase	3.5.4.5	Deoxycytidine + H2O H2O + H+  -> Deoxyuridine + Ammonium 
DCYTt2pp	Deoxycytidine transport in via proton symport (periplasm)		Deoxycytidine + H+  -> Deoxycytidine + H+ 
DCYTtex	Deoxycytidine transport via diffusion (extracellular to periplasm)		Deoxycytidine  -> Deoxycytidine 
DDCAt2pp	Dodecanoate transport via proton symport		Dodecanoate (n-C12:0) + H+  -> Dodecanoate (n-C12:0) + H+ 
DDCAtexi	Fatty acid (dodecanoate) transport via facilitated irreversible diffusion (extracellular to periplasm)		Dodecanoate (n-C12:0)  -> Dodecanoate (n-C12:0) 
DDGALK	2-dehydro-3-deoxygalactonokinase	2.7.1.178; 2.7.1.58	2-Dehydro-3-deoxy-D-galactonate + ATP C10H12N5O13P3  -> 2-Dehydro-3-deoxy-D-galactonate 6-phosphate + ADP C10H12N5O10P2 + H+ 
DDGLCNt2rpp	2-dehydro-3-deoxy-D-gluconate transport via proton symport, reversible (periplasm)		2-Dehydro-3-deoxy-D-gluconate + H+  -> 2-Dehydro-3-deoxy-D-gluconate + H+ 
DDGLCNtex	2-dehydro-3-deoxy-D-gluconate transport via diffusion (extracellular to periplasm)		2-Dehydro-3-deoxy-D-gluconate  -> 2-Dehydro-3-deoxy-D-gluconate 
DDGLK	2-dehydro-3-deoxygluconokinase	2.7.1.178; 2.7.1.45	2-Dehydro-3-deoxy-D-gluconate + ATP C10H12N5O13P3  -> 2-Dehydro-3-deoxy-D-gluconate 6-phosphate + ADP C10H12N5O10P2 + H+ 
DDPA	3-deoxy-D-arabino-heptulosonate 7-phosphate synthetase	2.5.1.54	D-Erythrose 4-phosphate + H2O H2O + Phosphoenolpyruvate  -> 2-Dehydro-3-deoxy-D-arabino-heptonate 7-phosphate + Phosphate 
DDPGALA	2-dehydro-3-deoxy-6-phosphogalactonate aldolase	4.1.2.21; 4.1.2.55	2-Dehydro-3-deoxy-D-galactonate 6-phosphate  <=> Glyceraldehyde 3-phosphate + Pyruvate 
DESAT18	Stearoyl CoA desaturase  n C180CoA   n C181CoA	1.14.19.1	H+ + Nicotinamide adenine dinucleotide phosphate - reduced + O2 O2 + Stearoyl-CoA (n-C18:0CoA)  -> 2 H2O H2O + Nicotinamide adenine dinucleotide phosphate + Octadecenoyl-CoA (n-C18:1CoA) 
DGK1	Deoxyguanylate kinase (dGMP:ATP)	2.7.4.12; 2.7.4.13; 2.7.4.8	ATP C10H12N5O13P3 + DGMP C10H12N5O7P  <=> ADP C10H12N5O10P2 + DGDP C10H12N5O10P2 
DGMPtex	DGMP transport via diffusion (extracellular to periplasm)		DGMP C10H12N5O7P  -> DGMP C10H12N5O7P 
DGSNt2pp	Deoxyguanosine transport in via proton symport (periplasm)		Deoxyguanosine + H+  -> Deoxyguanosine + H+ 
DGSNtex	Deoxyguanosine transport via diffusion (extracellular to periplasm)		Deoxyguanosine  -> Deoxyguanosine 
DGUNC	Diguanylate cyclase		2 GTP C10H12N5O14P3  -> Cyclic diguanosine monophosphate + 2 Diphosphate 
DH35O	R_DH35O		(3S,5S)-3,5-diaminohexanoate + H2O H2O + Nicotinamide adenine dinucleotide  -> (S)-5-amino-3-oxohexanoate + Nicotinamide adenine dinucleotide - reduced + Ammonium 
DH36M	R_DH36M		(3S)-3,6-Diaminohexanoate  -> (3S,5S)-3,5-diaminohexanoate + H+ 
DHACOAH	2,3-dehydroadipyl-CoA hydratase	4.2.1.17	2,3-dehydroadipyl-CoA + H2O H2O  <=> (3S)-3-Hydroxyadipyl-CoA 
DHAD1	Dihydroxy-acid dehydratase (2,3-dihydroxy-3-methylbutanoate)	4.2.1.9	(R)-2,3-Dihydroxy-3-methylbutanoate  -> 3-Methyl-2-oxobutanoate + H2O H2O 
DHAD2	Dihydroxy-acid dehydratase (2,3-dihydroxy-3-methylpentanoate)	4.2.1.9	(R)-2,3-Dihydroxy-3-methylpentanoate  -> (S)-3-Methyl-2-oxopentanoate + H2O H2O 
DHAK	Dihydroxyacetone kinase	2.7.1.29	ATP C10H12N5O13P3 + Dihydroxyacetone  -> ADP C10H12N5O10P2 + Dihydroxyacetone phosphate + H+ 
DHAPT	Dihydroxyacetone phosphotransferase	2.7.1.121	Dihydroxyacetone + Phosphoenolpyruvate  -> Dihydroxyacetone phosphate + Pyruvate 
DHAtex	Dihydroxyacetone transport via diffusion (extracellular to periplasm)		Dihydroxyacetone  -> Dihydroxyacetone 
DHAtpp	Dihydroxyacetone transport via facilitated diffusion (periplasm)		Dihydroxyacetone  -> Dihydroxyacetone 
DHBD	2,3-dihydro-2,3-dihydroxybenzoate dehydrogenase	1.3.1.28	2,3-Dihydro-2,3-dihydroxybenzoate + Nicotinamide adenine dinucleotide  <=> 2,3-Dihydroxybenzoate + H+ + Nicotinamide adenine dinucleotide - reduced 
DHBS	2,3-dihydroxybenzoate adenylate synthase	2.7.7.58	2,3-Dihydroxybenzoate + ATP C10H12N5O13P3 + H+  -> (2,3-Dihydroxybenzoyl)adenylate + Diphosphate 
DHBSH_1	2 3 dihydroxybenzoylserine hydrolase		2,3-dihydroxybenzoylserine + H2O H2O  -> 2,3-Dihydroxybenzoate + L-Serine 
DHBSZ3FEabcpp	23dhbsz3 Fe III transport via ABC system periplasm		ATP C10H12N5O13P3 + 2-3-dihydroxybenzoylserine trimer-Fe-III + H2O H2O  -> ADP C10H12N5O10P2 + 2-3-dihydroxybenzoylserine trimer-Fe-III + H+ + Phosphate 
DHBSZ3FEtonex	23dhbsz3  Fe III import		2-3-dihydroxybenzoylserine trimer-Fe-III + H+  -> 2-3-dihydroxybenzoylserine trimer-Fe-III + H+ 
DHBZS2H	23DHBS polymer hydrolase		2-3-dihydroxybenzoylserine dimer + H2O H2O  -> 2 2,3-dihydroxybenzoylserine + H+ 
DHBZS3H	23DHBS polymer hydrolase		2-3-dihydroxybenzoylserine trimer + H2O H2O  -> 2-3-dihydroxybenzoylserine dimer + 2,3-dihydroxybenzoylserine + H+ 
DHCINDO	2,3-dihydroxycinnamate 1,2-dioxygenase	1.13.11.16	2,3-dihydroxicinnamic acid + O2 O2  -> H+ + 2-hydroxy-6-ketononatrienedioate 
DHDPRy	Dihydrodipicolinate reductase (NADPH)	1.3.1.26	2,3-Dihydrodipicolinate + H+ + Nicotinamide adenine dinucleotide phosphate - reduced  -> Nicotinamide adenine dinucleotide phosphate + 2,3,4,5-Tetrahydrodipicolinate 
DHDPS	Dihydrodipicolinate synthase		L-Aspartate 4-semialdehyde + Pyruvate  -> 2,3-Dihydrodipicolinate + 2 H2O H2O + H+ 
DHEDAA	2,4-dihydroxyhept-2-ene-1,7-dioic acid aldolase	4.1.2; 4.1.2.52	2,4-Dihydroxyhept-2-enedioate  -> Pyruvate + Succinic semialdehyde 
DHFR	Dihydrofolate reductase	1.5.1.3	7,8-Dihydrofolate + H+ + Nicotinamide adenine dinucleotide phosphate - reduced  -> Nicotinamide adenine dinucleotide phosphate + 5,6,7,8-Tetrahydrofolate 
DHFR2i	Dihydrofolate reductase (NAD+)	1.5.1.3	7,8-Dihydrofolate + H+ + Nicotinamide adenine dinucleotide - reduced  -> Nicotinamide adenine dinucleotide + 5,6,7,8-Tetrahydrofolate 
DHFS	Dihydrofolate synthase	6.3.2.12; 6.3.2.17	ATP C10H12N5O13P3 + Dihydropteroate + L-Glutamate  -> ADP C10H12N5O10P2 + 7,8-Dihydrofolate + H+ + Phosphate 
DHGLYH	Dehydroglycine Hydratase		Dehydroglycine + H2O H2O + H+  -> Glyoxylate + Ammonium 
DHMPTRx	Dihydromonapterin reductase		Dihydromonapterin + H+ + Nicotinamide adenine dinucleotide - reduced  -> Nicotinamide adenine dinucleotide + Tetrahydromonapterin 
DHNAOT4	1,4-dihydroxy-2-naphthoate octaprenyltransferase	2.5.1.74	1,4-Dihydroxy-2-naphthoate + H+ + All-trans-Octaprenyl diphosphate  -> 2-Demethylmenaquinol 8 + CO2 CO2 + Diphosphate 
DHNCOAS	1,4-dihydroxy-2-napthoyl-CoA synthase		H+ + O-Succinylbenzoyl-CoA  -> 1,4-dihydroxy-2-napthoyl-CoA + H2O H2O 
DHNCOAT	1,4-dihydroxy-2-napthoyl-CoA thioesterase		1,4-dihydroxy-2-napthoyl-CoA + H2O H2O  -> Coenzyme A + 1,4-Dihydroxy-2-naphthoate + H+ 
DHNPA2r	Dihydroneopterin aldolase reversible	4.1.2.25	Dihydroneopterin  <=> 6-hydroxymethyl dihydropterin + Glycolaldehyde 
DHORD2	Dihydoorotic acid dehydrogenase (quinone8)		(S)-Dihydroorotate + Ubiquinone-8  -> Orotate C5H3N2O4 + Ubiquinol-8 
DHORD5	Dihydroorotic acid (menaquinone-8)		(S)-Dihydroorotate + Menaquinone 8  -> Menaquinol 8 + Orotate C5H3N2O4 
DHORTS	Dihydroorotase	3.5.2.3	(S)-Dihydroorotate + H2O H2O  <=> N-Carbamoyl-L-aspartate + H+ 
DHPD	Dihydropyrimidinase	3.5.2.2	5,6-dihydrouracil + H2O H2O  -> N-Carbamoyl-beta-alanine + H+ 
DHPDO	3 4 dihydroxyphenylacetate 2 3 dioxygenase	1.13.11.15	3-4-Dihydroxyphenylacetate + O2 O2  -> 2-Hydroxy-5-carboxymethylmuconate-Semialdehyde + H+ 
DHPM2	Dihydropyrimidinase (dihydrothymine)	3.5.2.2	5,6-Dihydrothymine + H2O H2O  -> 3-Ureidoisobutyrate + H+ 
DHPPD	2,3-dihydroxyphenylpropionate dehydrogenase	1.3.1.87	Cis-3-(3-carboxyethyl)-3,5-cyclohexadiene-1,2-diol + Nicotinamide adenine dinucleotide  -> 3-(2,3-Dihydroxyphenyl)propanoate + H+ + Nicotinamide adenine dinucleotide - reduced 
DHPPDA2	Diaminohydroxyphosphoribosylaminopryrimidine deaminase (25drapp)	3.5.4.26	2,5-Diamino-6-(ribosylamino)-4-(3H)-pyrimidinone 5'-phosphate + H2O H2O + H+  -> 5-Amino-6-(5'-phosphoribosylamino)uracil + Ammonium 
DHPS2	Dihydropteroate synthase	2.5.1.15	4-Aminobenzoate + 6-hydroxymethyl-dihydropterin pyrophosphate  -> Dihydropteroate + Diphosphate 
DHPTDCs2	4,5-dihydroxy-2,3-pentanedione cyclization (spontaneous)		4,5-dihydroxy-2,3-pentanedione  -> (2R,4S)-2-methyl-2,4-dihydroxydihydrofuran-3-one 
DHQS	3-dehydroquinate synthase	4.2.3.4	2-Dehydro-3-deoxy-D-arabino-heptonate 7-phosphate  -> 3-Dehydroquinate + Phosphate 
DHQTi	3-dehydroquinate dehydratase, irreversible	4.2.1.10	3-Dehydroquinate  -> 3-Dehydroshikimate + H2O H2O 
DIMPtex	DIMP transport via diffusion (extracellular to periplasm)		DIMP C10H12N4O7P  -> DIMP C10H12N4O7P 
DINSt2pp	Deoxyinosine transport in via proton symport (periplasm)		Deoxyinosine + H+  -> Deoxyinosine + H+ 
DINStex	Deoxyinosine transport via diffusion (extracellular to periplasm)		Deoxyinosine  -> Deoxyinosine 
DIPEPabc1	Dipeptide transport via ABC system  ala asp		Ala L asp L C7H11N2O5 + ATP C10H12N5O13P3 + H2O H2O  -> ADP C10H12N5O10P2 + Ala L asp L C7H11N2O5 + H+ + Phosphate 
DIPEPabc10	Dipeptide transport via ABC system  gly glu		ATP C10H12N5O13P3 + Gly glu L C7H11N2O5 + H2O H2O  -> ADP C10H12N5O10P2 + Gly glu L C7H11N2O5 + H+ + Phosphate 
DIPEPabc12	Dipeptide transport via ABC system  met ala		ATP C10H12N5O13P3 + H2O H2O + Met L ala L C8H16N2O3S  -> ADP C10H12N5O10P2 + H+ + Met L ala L C8H16N2O3S + Phosphate 
DIPEPabc13	Dipeptide transport via ABC system  gly asp		ATP C10H12N5O13P3 + Gly asp L C6H9N2O5 + H2O H2O  -> ADP C10H12N5O10P2 + Gly asp L C6H9N2O5 + H+ + Phosphate 
DIPEPabc14	Dipeptide transport via ABC system  gly pro L		ATP C10H12N5O13P3 + Gly pro L C7H12N2O3 + H2O H2O  -> ADP C10H12N5O10P2 + Gly pro L C7H12N2O3 + H+ + Phosphate 
DIPEPabc15	Dipeptide transport via ABC system  cgly		ATP C10H12N5O13P3 + Cys Gly C5H10N2O3S + H2O H2O  -> ADP C10H12N5O10P2 + Cys Gly C5H10N2O3S + H+ + Phosphate 
DIPEPabc3	Dipeptide transport via ABC system  ala glu		Ala L glu L C8H13N2O5 + ATP C10H12N5O13P3 + H2O H2O  -> ADP C10H12N5O10P2 + Ala L glu L C8H13N2O5 + H+ + Phosphate 
DIPEPabc8	Dipeptide transport via ABC system  gly asn		ATP C10H12N5O13P3 + Gly asn L C6H11N3O4 + H2O H2O  -> ADP C10H12N5O10P2 + Gly asn L C6H11N3O4 + H+ + Phosphate 
DKGLCNR1	2,5-diketo-D-gluconate reductase		2,5-diketo-D-gluconate + H+ + Nicotinamide adenine dinucleotide phosphate - reduced  -> 2-Dehydro-L-gulonate + Nicotinamide adenine dinucleotide phosphate 
DKGLCNR2x	2,5-diketo-D-gluconate reductase (NADH)		2,5-diketo-D-gluconate + H+ + Nicotinamide adenine dinucleotide - reduced  -> 5-Dehydro-D-gluconate + Nicotinamide adenine dinucleotide 
DKGLCNR2y	2,5-diketo-D-gluconate reductase (NADPH)	1.1.1; 1.1.1.215	2,5-diketo-D-gluconate + H+ + Nicotinamide adenine dinucleotide phosphate - reduced  -> 5-Dehydro-D-gluconate + Nicotinamide adenine dinucleotide phosphate 
DKMPPD3	2,3-diketo-5-methylthio-1-phosphopentane degradation reaction		2,3-diketo-5-methylthio-1-phosphopentane + 3 H2O H2O + 2 Nicotinamide adenine dinucleotide  -> 2-keto-4-methylthiobutyrate + Formate + 4 H+ + 2 Nicotinamide adenine dinucleotide - reduced + Phosphate 
DLYSabcpp	D lysine transport via ABC system  periplasm		ATP C10H12N5O13P3 + H2O H2O + D-Lysine  -> ADP C10H12N5O10P2 + H+ + D-Lysine + Phosphate 
DLYStex	D lysine transport via diffusion  extracellular to periplasm		D-Lysine  -> D-Lysine 
DMALRED	(S)-Malate:(acceptor) oxidoreductase	1.1.5.4	Flavin adenine dinucleotide oxidized + L-Malate  -> Flavin adenine dinucleotide reduced + Oxaloacetate 
DMATT	Dimethylallyltranstransferase	2.5.1.1	Dimethylallyl diphosphate + Isopentenyl diphosphate  -> Geranyl diphosphate + Diphosphate 
DMGDH2	Dimethylglycine dehydrogenase		N,N-Dimethylglycine + H2O H2O + Nicotinamide adenine dinucleotide  <=> Formaldehyde + H+ + Nicotinamide adenine dinucleotide - reduced + Sarcosine C3H7NO2 
DMPPS	1-hydroxy-2-methyl-2-(E)-butenyl 4-diphosphate reductase (dmpp)	1.17.1.2	1-hydroxy-2-methyl-2-(E)-butenyl 4-diphosphate + H+ + Nicotinamide adenine dinucleotide - reduced  -> Dimethylallyl diphosphate + H2O H2O + Nicotinamide adenine dinucleotide 
DMSOR1pp	Dimethyl sulfoxide reductase (Menaquinol 8) (periplasm)		Dimethyl sulfoxide + Menaquinol 8  -> Dimethyl sulfide + H2O H2O + Menaquinone 8 
DMSOR2pp	Dimethyl sulfoxide reductase (Demethylmenaquinol 8) (periplasm)		2-Demethylmenaquinol 8 + Dimethyl sulfoxide  -> 2-Demethylmenaquinone 8 + Dimethyl sulfide + H2O H2O 
DMSOtex	Dimethyl sulfoxide transport via diffusion (extracellular to periplasm)		Dimethyl sulfoxide  -> Dimethyl sulfoxide 
DMStex	Dimethyl sulfide transport via diffusion (extracellular to periplasm)		Dimethyl sulfide  -> Dimethyl sulfide 
DNMPPA	Dihydroneopterin monophosphate dephosphorylase	3.6.1; 3.6.1.-	Dihydroneopterin monophosphate + H2O H2O  -> Dihydroneopterin + Phosphate 
DNTAep	N N bis 3 5 dinitrotolyl  amine extrusion pump		N N bis 3 5 dinitrotolyl  amine + H+  -> N N bis 3 5 dinitrotolyl  amine + H+ 
DNTPPA	Dihydroneopterin triphosphate pyrophosphatase	3.6.1.67	2-Amino-4-hydroxy-6-(erythro-1,2,3-trihydroxypropyl)dihydropteridine triphosphate + H2O H2O  -> Dihydroneopterin monophosphate + H+ + Diphosphate 
DOPAtex	Dopamine transport via diffusion (extracellular to periplasm)		Dopamine  -> Dopamine 
DOXRBCNtex	Doxorubicin transport via diffusion (extracellular to periplasm)		Doxorubicin  -> Doxorubicin 
DOXRBCNtpp	Doxorubicin transport via TolC system		Doxorubicin + H+  -> Doxorubicin + H+ 
DPCOAK	Dephospho-CoA kinase	2.7.1.24	ATP C10H12N5O13P3 + Dephospho-CoA  -> ADP C10H12N5O10P2 + Coenzyme A + H+ 
DPR	2-dehydropantoate 2-reductase	1.1.1.169	2-Dehydropantoate + H+ + Nicotinamide adenine dinucleotide phosphate - reduced  -> Nicotinamide adenine dinucleotide phosphate + (R)-Pantoate 
DRBK	Deoxyribokinase	2.7.1.15	ATP C10H12N5O13P3 + Deoxyribose C5H10O4  -> 2-Deoxy-D-ribose 5-phosphate + ADP C10H12N5O10P2 + H+ 
DRIBabc	Deoxyribose transport via ABC system		ATP C10H12N5O13P3 + Deoxyribose C5H10O4 + H2O H2O  -> ADP C10H12N5O10P2 + Deoxyribose C5H10O4 + H+ + Phosphate 
DRIBtex	Deoxyribose transport via diffusion extracellular to periplasm		Deoxyribose C5H10O4  -> Deoxyribose C5H10O4 
DRIBtpp	Deoxy D ribose transport via proton symport periplasm		Deoxyribose C5H10O4 + H+  -> Deoxyribose C5H10O4 + H+ 
DRPA	Deoxyribose-phosphate aldolase	4.1.2.4	2-Deoxy-D-ribose 5-phosphate  -> Acetaldehyde + Glyceraldehyde 3-phosphate 
DSERDHr	D-serine dehydrogenase		Nicotinamide adenine dinucleotide phosphate + D-Serine  <=> 2-Aminomalonate semialdehyde + H+ + Nicotinamide adenine dinucleotide phosphate - reduced 
DSERt2pp	D-serine transport in via proton symport (periplasm)		H+ + D-Serine  -> H+ + D-Serine 
DSERtex	D-serine transport via diffusion (extracellular to periplasm)		D-Serine  -> D-Serine 
DTARTD	D(-)-tartrate dehydratase	4.2.1.81	D-tartrate  -> H2O H2O + Oxaloacetate 
DTMPK	DTMP kinase	2.7.4.12; 2.7.4.13; 2.7.4.9	ATP C10H12N5O13P3 + DTMP C10H13N2O8P  <=> ADP C10H12N5O10P2 + DTDP C10H13N2O11P2 
DTMPtex	DTMP transport via diffusion (extracellular to periplasm)		DTMP C10H13N2O8P  -> DTMP C10H13N2O8P 
DUMPtex	DUMP transport via diffusion (extracellular to periplasm)		DUMP C9H11N2O8P  -> DUMP C9H11N2O8P 
DURAD2	Dihydrothymin dehydrogenase (NADP)	1.3.1.2	5,6-Dihydrothymine + Nicotinamide adenine dinucleotide phosphate  <=> H+ + Nicotinamide adenine dinucleotide phosphate - reduced + Thymine C5H6N2O2 
DURADx	Dihydrouracil dehydrogenase (NAD)	1.3.1.1	5,6-dihydrouracil + Nicotinamide adenine dinucleotide  <=> H+ + Nicotinamide adenine dinucleotide - reduced + Uracil 
DURIK1	Deoxyuridine kinase (ATP:Deoxyuridine)	2.7.1.145; 2.7.1.21	ATP C10H12N5O13P3 + Deoxyuridine  -> ADP C10H12N5O10P2 + DUMP C9H11N2O8P + H+ 
DURIPP	Deoxyuridine phosphorylase	2.4.2.1; 2.4.2.2; 2.4.2.3; 2.4.2.4	Deoxyuridine + Phosphate  <=> 2-Deoxy-D-ribose 1-phosphate + Uracil 
DURIt2pp	Deoxyuridine transport in via proton symport (periplasm)		Deoxyuridine + H+  -> Deoxyuridine + H+ 
DURItex	Deoxyuridine transport via diffusion (extracellular to periplasm)		Deoxyuridine  -> Deoxyuridine 
DUTPDP	DUTP diphosphatase	3.6.1.-; 3.6.1.23; 3.6.1.9	DUTP C9H11N2O14P3 + H2O H2O  -> DUMP C9H11N2O8P + H+ + Diphosphate 
DXPRIi	1-deoxy-D-xylulose reductoisomerase	1.1.1.267	1-deoxy-D-xylulose 5-phosphate + H+ + Nicotinamide adenine dinucleotide phosphate - reduced  -> 2-C-methyl-D-erythritol 4-phosphate + Nicotinamide adenine dinucleotide phosphate 
DXPS	1-deoxy-D-xylulose 5-phosphate synthase	2.2.1.7	Glyceraldehyde 3-phosphate + H+ + Pyruvate  -> CO2 CO2 + 1-deoxy-D-xylulose 5-phosphate 
DXYLK	1-Deoxy-D-xylulose kinase	2.7.1	ATP C10H12N5O13P3 + 1-deoxy-D-xylulose  -> ADP C10H12N5O10P2 + 1-deoxy-D-xylulose 5-phosphate + H+ 
DXYLUDtex	1-deoxy-d-xyluose transport		1-deoxy-D-xylulose  -> 1-deoxy-D-xylulose 
DXYLUDtpp	1-deoxy-d-xyluose transport		1-deoxy-D-xylulose + H+  -> 1-deoxy-D-xylulose + H+ 
D_LACt2pp	D-lactate transport via proton symport (periplasm)		H+ + D-Lactate  -> H+ + D-Lactate 
D_LACtex	D-lactate transport via diffusion (extracellular to periplasm)		D-Lactate  -> D-Lactate 
E4PD	Erythrose 4-phosphate dehydrogenase	1.2.1.72	D-Erythrose 4-phosphate + H2O H2O + Nicotinamide adenine dinucleotide  <=> 4-Phospho-D-erythronate + 2 H+ + Nicotinamide adenine dinucleotide - reduced 
EAR80x	Enoyl-[acyl-carrier-protein] reductase (NADH) (n-C8:0)	2.3.1.-	H+ + Nicotinamide adenine dinucleotide - reduced + Trans-Oct-2-enoyl-[acyl-carrier protein]  -> Nicotinamide adenine dinucleotide + Octanoyl-ACP (n-C8:0ACP) 
EAR80y	Enoyl-[acyl-carrier-protein] reductase (NADPH) (n-C8:0)	2.3.1.86	H+ + Nicotinamide adenine dinucleotide phosphate - reduced + Trans-Oct-2-enoyl-[acyl-carrier protein]  -> Nicotinamide adenine dinucleotide phosphate + Octanoyl-ACP (n-C8:0ACP) 
ECHA191	ECHA191		CoA-24-ene-cholest-4-en-3-one C8 side chain + H2O H2O  <=> CoA-24-hydroxy-cholest-4-en-3-one C8 side chain 
ECHA192	ECHA192		CoA-22-ene-cholest-4-en-3-one C5 side chain + H2O H2O  <=> CoA-22-hydroxy-cholest-4-en-3-one C5 side chain 
ECHA193	ECHA193		CoA-20-ene-cholest-4-en-3-one C5 side chain + H2O H2O  <=> CoA-20-hydroxy-cholest-4-en-3-one C5 side chain 
ECHA20	MNXR84970		H2O H2O + (2E)-3-[(3aS,4S,5R,7aS)-5-hydroxy-7a-methyl-1-oxo-octahydro-1H-inden-4-yl]prop-2-enoyl-CoA  -> 3-[(3aS,4S,5R,7aS)-5-hydroxy-7a-methyl-1-oxo-octahydro-1H-inden-4-yl]-3-hydroxypropanoyl-CoA 
ECOAH1	3-hydroxyacyl-CoA dehydratase (3-hydroxybutanoyl-CoA)	4.2.1.150; 4.2.1.17; 4.2.1.55	(S)-3-Hydroxybutanoyl-CoA  <=> Crotonoyl-CoA + H2O H2O 
ECOAH2	3-hydroxyacyl-CoA dehydratase (3-hydroxyhexanoyl-CoA)	4.2.1.17; 4.2.1.74	(S)-3-Hydroxyhexanoyl-CoA  <=> H2O H2O + Trans-Hex-2-enoyl-CoA 
ECOAH2c	Enoyl CoA hydratase  bacterial	4.2.1.17	2-Methylprop-2-enoyl-CoA + H2O H2O + H+  <=>  S  3 Hydroxyisobutyryl CoA C25H38N7O18P3S 
ECOAH3	3-hydroxyacyl-CoA dehydratase (3-hydroxyoctanoyl-CoA)	4.2.1.17; 4.2.1.74	(S)-3-Hydroxyoctanoyl-CoA  <=> H2O H2O + Trans-Oct-2-enoyl-CoA 
ECOAH4	3-hydroxyacyl-CoA dehydratase (3-hydroxydecanoyl-CoA)	4.2.1.17; 4.2.1.74	(S)-3-Hydroxydecanoyl-CoA  <=> Trans-Dec-2-enoyl-CoA + H2O H2O 
ECOAH5	3-hydroxyacyl-CoA dehydratase (3-hydroxydodecanoyl-CoA)	4.2.1.17; 4.2.1.74	(S)-3-Hydroxydodecanoyl-CoA  <=> Trans-Dodec-2-enoyl-CoA + H2O H2O 
ECOAH6	3-hydroxyacyl-CoA dehydratase (3-hydroxytetradecanoyl-CoA)	4.2.1.17; 4.2.1.74	(S)-3-Hydroxytetradecanoyl-CoA  <=> H2O H2O + Trans-Tetradec-2-enoyl-CoA 
ECOAH7	3-hydroxyacyl-CoA dehydratase (3-hydroxyhexadecanoyl-CoA)	4.2.1.17; 4.2.1.74	(S)-3-Hydroxyhexadecanoyl-CoA  <=> H2O H2O + Trans-Hexadec-2-enoyl-CoA 
ECOAH8	3-hydroxyacyl-CoA dehydratase (3-hydroxyoctadecanoyl-CoA)	4.2.1.134; 4.2.1.17	(S)-3-Hydroxyoctadecanoyl-CoA  <=> H2O H2O + Trans-Octadec-2-enoyl-CoA 
EDA	2-dehydro-3-deoxy-phosphogluconate aldolase	4.1.2.14; 4.1.2.55	2-Dehydro-3-deoxy-D-gluconate 6-phosphate  -> Glyceraldehyde 3-phosphate + Pyruvate 
EDD	6-phosphogluconate dehydratase	4.2.1.12	6-Phospho-D-gluconate  -> 2-Dehydro-3-deoxy-D-gluconate 6-phosphate + H2O H2O 
ENO	Enolase	4.2.1.11	D-Glycerate 2-phosphate  <=> H2O H2O + Phosphoenolpyruvate 
ENOPH	Enolase-phosphatase E1	3.1.3.77	2,3-diketo-5-methylthio-1-phosphopentane + H2O H2O  -> 1,2-Dihydroxy-5-(methylthio)pent-1-en-3-one + Phosphate 
ENTCS	Enterochelin synthase		3 (2,3-Dihydroxybenzoyl)adenylate + 3 L-seryl-AMP  -> 6 AMP C10H12N5O7P + Enterochelin + 10 H+ 
ENTERES	Enterochelin Esterase	3.1.1	Enterochelin + 3 H2O H2O  -> 3 2,3-dihydroxybenzoylserine + 2 H+ 
ENTERES2	Enterochelin Esterase (Fe containing)		Fe-enterobactin + 3 H2O H2O  -> 3 2,3-dihydroxybenzoylserine + Iron (Fe3+) + 2 H+ 
ENTERH	Enterobactin hydrolase		Enterochelin + H2O H2O  -> 2-3-dihydroxybenzoylserine trimer 
ETHAt	Ethanolamine transport via diffusion  extracellular		Ethanolamine  <=> Ethanolamine 
ETHAtex	Ethanolamine transport via diffusion (extracellular)		Ethanolamine  -> Ethanolamine 
ETHSO3abcpp	Ethanesulfonate transport via ABC system (periplasm)		ATP C10H12N5O13P3 + Ethanesulfonate + H2O H2O  -> ADP C10H12N5O10P2 + Ethanesulfonate + H+ + Phosphate 
ETHSO3tex	Ethanesulfonate transport via diffusion (extracellular to periplasm)		Ethanesulfonate  -> Ethanesulfonate 
ETOHtex	Ethanol transport via diffusion (extracellular to periplasm)		Ethanol  -> Ethanol 
ETOHtrpp	Ethanol reversible transport via diffusion (periplasm)		Ethanol  -> Ethanol 
F1PP	D-fructose 1-phosphate phosphatase		D-Fructose 1-phosphate + H2O H2O  -> D-Fructose + Phosphate 
F6PA	Fructose 6-phosphate aldolase	4.1.2	D-Fructose 6-phosphate  <=> Dihydroxyacetone + Glyceraldehyde 3-phosphate 
F6PP	D-fructose 6-phosphate phosphatase		D-Fructose 6-phosphate + H2O H2O  -> D-Fructose + Phosphate 
F6Pt6_2pp	Fructose-6-phosphate transport via phosphate antiport (periplasm)		D-Fructose 6-phosphate + 2 Phosphate  -> D-Fructose 6-phosphate + 2 Phosphate 
F6Ptex	Fructose 6-phosphate transport via diffusion (extracellular to periplasm)		D-Fructose 6-phosphate  -> D-Fructose 6-phosphate 
FA120ACPHi	Fatty-acyl-ACP hydrolase	3.1.2.21	Dodecanoyl-ACP (n-C12:0ACP) + H2O H2O  -> Acyl carrier protein + Dodecanoate (n-C12:0) + H+ 
FA141ACPHi	Fatty-acyl-ACP hydrolase	3.1.2.14	H2O H2O + Cis-tetradec-7-enoyl-[acyl-carrier protein] (n-C14:1)  -> Acyl carrier protein + H+ + Tetradecenoate (n-C14:1) 
FA161ACPHi	Fatty-acyl-ACP hydrolase	3.1.2.14	H2O H2O + Cis-hexadec-9-enoyl-[acyl-carrier protein] (n-C16:1)  -> Acyl carrier protein + H+ + Hexadecenoate (n-C16:1) 
FA80ACPHi	Fatty-acyl-ACP hydrolase	3.1.2.21	H2O H2O + Octanoyl-ACP (n-C8:0ACP)  -> Acyl carrier protein + H+ + Octanoate (n-C8:0) 
FACOAE100	Fatty-acid-CoA thioesterase (decanoate)	3.1.2.2	Decanoyl-CoA (n-C10:0CoA) + H2O H2O  -> Coenzyme A + Decanoate (n-C10:0) + H+ 
FACOAE120	Fatty-acid-CoA thioesterase (dodecanoate)	3.1.2.2	Dodecanoyl-CoA (n-C12:0CoA) + H2O H2O  -> Coenzyme A + Dodecanoate (n-C12:0) + H+ 
FACOAE140	Fatty-acid-CoA thioesterase (tetradecanoate)	3.1.2.2	H2O H2O + Tetradecanoyl-CoA (n-C14:0CoA)  -> Coenzyme A + H+ + Tetradecanoate (n-C14:0) 
FACOAE141	Fatty-acid-CoA thioesterase (tetradecenoate)		H2O H2O + Tetradecenoyl-CoA (n-C14:1CoA)  -> Coenzyme A + H+ + Tetradecenoate (n-C14:1) 
FACOAE160	Fatty-acid-CoA thioesterase (hexadecanoate)	3.1.2.2; 3.1.2.22	H2O H2O + Palmitoyl-CoA (n-C16:0CoA)  -> Coenzyme A + H+ + Hexadecanoate (n-C16:0) 
FACOAE161	Fatty-acid-CoA thioesterase (hexadecenoate)		H2O H2O + Hexadecenoyl-CoA (n-C16:1CoA)  -> Coenzyme A + H+ + Hexadecenoate (n-C16:1) 
FACOAE180	Fatty-acid-CoA thioesterase (octadecanoate)	3.1.2.2	H2O H2O + Stearoyl-CoA (n-C18:0CoA)  -> Coenzyme A + H+ + Octadecanoate (n-C18:0) 
FACOAE181	Fatty-acid-CoA thioesterase (octadecenoate)		H2O H2O + Octadecenoyl-CoA (n-C18:1CoA)  -> Coenzyme A + H+ + Octadecenoate (n-C18:1) 
FACOAE60	Fatty-acid-CoA thioesterase (hexanoate)		H2O H2O + Hexanoyl-CoA (n-C6:0CoA)  -> Coenzyme A + H+ + Hexanoate (n-C6:0) 
FACOAE80	Fatty-acid-CoA thioesterase (octanoate)		H2O H2O + Octanoyl-CoA (n-C8:0CoA)  -> Coenzyme A + H+ + Octanoate (n-C8:0) 
FACOAL100t2pp	Fatty-acid-CoA ligase (decanoate transport via vectoral Co-A coupling)		ATP C10H12N5O13P3 + Coenzyme A + Decanoate (n-C10:0) + H+  -> AMP C10H12N5O7P + Decanoyl-CoA (n-C10:0CoA) + H+ + Diphosphate 
FACOAL120t2pp	Fatty-acid-CoA ligase (dodecanoate transport via vectoral Co-A coupling)		ATP C10H12N5O13P3 + Coenzyme A + Dodecanoate (n-C12:0) + H+  -> AMP C10H12N5O7P + Dodecanoyl-CoA (n-C12:0CoA) + H+ + Diphosphate 
FACOAL140	Fatty acid  CoA ligase  tetradecanoate		ATP C10H12N5O13P3 + Coenzyme A + Tetradecanoate (n-C14:0)  -> AMP C10H12N5O7P + Diphosphate + Tetradecanoyl-CoA (n-C14:0CoA) 
FACOAL140t2pp	Fatty-acid-CoA ligase (tetradecanoate transport via vectoral Co-A coupling)		ATP C10H12N5O13P3 + Coenzyme A + H+ + Tetradecanoate (n-C14:0)  -> AMP C10H12N5O7P + H+ + Diphosphate + Tetradecanoyl-CoA (n-C14:0CoA) 
FACOAL141t2pp	Fatty-acid-CoA ligase (tetradecenoate transport via vectoral Co-A coupling)		ATP C10H12N5O13P3 + Coenzyme A + H+ + Tetradecenoate (n-C14:1)  -> AMP C10H12N5O7P + H+ + Diphosphate + Tetradecenoyl-CoA (n-C14:1CoA) 
FACOAL160	Fatty acid  CoA ligase  hexadecanoate	6.2.1.3	ATP C10H12N5O13P3 + Coenzyme A + Hexadecanoate (n-C16:0)  -> AMP C10H12N5O7P + Palmitoyl-CoA (n-C16:0CoA) + Diphosphate 
FACOAL160t2pp	Fatty-acid-CoA ligase (hexadecanoate transport via vectoral Co-A coupling)		ATP C10H12N5O13P3 + Coenzyme A + H+ + Hexadecanoate (n-C16:0)  -> AMP C10H12N5O7P + H+ + Palmitoyl-CoA (n-C16:0CoA) + Diphosphate 
FACOAL161	Fatty acid  CoA ligase  hexadecenoate		ATP C10H12N5O13P3 + Coenzyme A + Hexadecenoate (n-C16:1)  -> AMP C10H12N5O7P + Hexadecenoyl-CoA (n-C16:1CoA) + Diphosphate 
FACOAL161t2pp	Fatty-acid-CoA ligase (hexadecenoate transport via vectoral Co-A coupling)		ATP C10H12N5O13P3 + Coenzyme A + H+ + Hexadecenoate (n-C16:1)  -> AMP C10H12N5O7P + H+ + Hexadecenoyl-CoA (n-C16:1CoA) + Diphosphate 
FACOAL180t2pp	Fatty-acid-CoA ligase (octadecanoate transport via vectoral Co-A coupling)		ATP C10H12N5O13P3 + Coenzyme A + H+ + Octadecanoate (n-C18:0)  -> AMP C10H12N5O7P + H+ + Diphosphate + Stearoyl-CoA (n-C18:0CoA) 
FACOAL181	Fatty acid  CoA ligase  octadecenoate		ATP C10H12N5O13P3 + Coenzyme A + Octadecenoate (n-C18:1)  -> AMP C10H12N5O7P + Octadecenoyl-CoA (n-C18:1CoA) + Diphosphate 
FACOAL181t2pp	Fatty-acid-CoA ligase (octadecenoate transport via vectoral Co-A coupling)		ATP C10H12N5O13P3 + Coenzyme A + H+ + Octadecenoate (n-C18:1)  -> AMP C10H12N5O7P + H+ + Octadecenoyl-CoA (n-C18:1CoA) + Diphosphate 
FACOAL40It2pp	Fatty-acid--CoA ligase (isobutanoate transport via vectoral Co-A coupling)		ATP C10H12N5O13P3 + Coenzyme A + H+ + Isobutyrate  -> AMP C10H12N5O7P + H+ + Isobutyryl-CoA + Diphosphate 
FACOAL40t2pp	Fatty-acid--CoA ligase (butanoate transport via vectoral Co-A coupling)		ATP C10H12N5O13P3 + Butyrate (n-C4:0) + Coenzyme A + H+  -> AMP C10H12N5O7P + Butanoyl-CoA + H+ + Diphosphate 
FACOAL50It2pp	Fatty-acid--CoA ligase (isovalerate transport via vectoral Co-A coupling)		3-Methylbutanoic acid + ATP C10H12N5O13P3 + Coenzyme A + H+  -> AMP C10H12N5O7P + H+ + Isovaleryl-CoA + Diphosphate 
FACOAL50t2pp	Fatty-acid--CoA ligase (pentanoate / valerate transport via vectoral Co-A coupling)		ATP C10H12N5O13P3 + Coenzyme A + H+ + Pentanoate  -> AMP C10H12N5O7P + H+ + Diphosphate + Pentanoyl-CoA 
FACOAL60i	Fatty acid  CoA ligase  hexanoate		ATP C10H12N5O13P3 + Coenzyme A + Hexanoate (n-C6:0)  -> AMP C10H12N5O7P + Hexanoyl-CoA (n-C6:0CoA) + Diphosphate 
FACOAL60t2pp	Fatty-acid-CoA ligase (hexanoate transport via vectoral Co-A coupling)		ATP C10H12N5O13P3 + Coenzyme A + H+ + Hexanoate (n-C6:0)  -> AMP C10H12N5O7P + H+ + Hexanoyl-CoA (n-C6:0CoA) + Diphosphate 
FACOAL80	Fatty-acid--CoA ligase (octanoate)	6.2.1.3	ATP C10H12N5O13P3 + Coenzyme A + Octanoate (n-C8:0)  -> AMP C10H12N5O7P + Octanoyl-CoA (n-C8:0CoA) + Diphosphate 
FACOAL80t2pp	Fatty-acid-CoA ligase (octanoate transport via vectoral Co-A coupling)		ATP C10H12N5O13P3 + Coenzyme A + H+ + Octanoate (n-C8:0)  -> AMP C10H12N5O7P + H+ + Octanoyl-CoA (n-C8:0CoA) + Diphosphate 
FADB2	FADB2		CoA-24-hydroxy-cholest-4-en-3-one C8 side chain + Nicotinamide adenine dinucleotide  -> H+ + Nicotinamide adenine dinucleotide - reduced + CoA-24-one-cholest-4-en-3-one C8 side chain 
FADB3	FADB3		CoA-22-hydroxy-cholest-4-en-3-one C5 side chain + Nicotinamide adenine dinucleotide  -> H+ + Nicotinamide adenine dinucleotide - reduced + CoA-22-one-cholest-4-en-3-one C5 side chain 
FADD17	MNXR86378		ATP C10H12N5O13P3 + 26-Carboxycholest-4-en-3-one + Coenzyme A + 3 H+  -> ADP C10H12N5O10P2 + CoA-cholest-4-en-3-one C8 side chain + Phosphate 
FADE281	MNXR87732		CoA-cholest-4-en-3-one C8 side chain + Flavin adenine dinucleotide oxidized  -> CoA-24-ene-cholest-4-en-3-one C8 side chain + Flavin adenine dinucleotide reduced 
FADE282	MNXR87738		CoA-cholest-4-en-3-one C3 side chain + Flavin adenine dinucleotide oxidized + H+  -> CoA-20-ene-cholest-4-en-3-one C5 side chain + Flavin adenine dinucleotide reduced 
FADE30	MNXR87739		5-hydroxy-3-[(3aS,4S,5R,7aS)-7a-methyl-1,5-dioxo-octahydro-1H-inden-4-yl]propanoyl-CoA + Flavin adenine dinucleotide oxidized  -> Flavin adenine dinucleotide reduced + (2E)-3-[(3aS,4S,5R,7aS)-5-hydroxy-7a-methyl-1-oxo-octahydro-1H-inden-4-yl]prop-2-enoyl-CoA 
FADE51	MNXR76950		Coenzyme A + CoA-24-one-cholest-4-en-3-one C8 side chain  -> CoA-cholest-4-en-3-one C5 side chain + Propanoyl-CoA 
FADE52	MNXR22325		Coenzyme A + CoA-22-one-cholest-4-en-3-one C5 side chain  -> Acetyl-CoA + CoA-cholest-4-en-3-one C3 side chain 
FADRx	FAD reductase	1.5.1.36; 1.5.1.37; 1.5.1.45	Flavin adenine dinucleotide oxidized + H+ + Nicotinamide adenine dinucleotide - reduced  -> Flavin adenine dinucleotide reduced + Nicotinamide adenine dinucleotide 
FADRx2	FAD reductase	1.5.1.30; 1.5.1.45	Flavin adenine dinucleotide oxidized + H+ + Nicotinamide adenine dinucleotide phosphate - reduced  -> Flavin adenine dinucleotide reduced + Nicotinamide adenine dinucleotide phosphate 
FADt	FAD transporter, periplasm		Flavin adenine dinucleotide oxidized  -> Flavin adenine dinucleotide oxidized 
FADtex	FAD transport, outer membrane		Flavin adenine dinucleotide oxidized  -> Flavin adenine dinucleotide oxidized 
FALDH2	Formaldehyde dehydrogenase	1.1.1; 1.1.1.284	Hydroxymethylglutathione + Nicotinamide adenine dinucleotide  <=> S-Formylglutathione + H+ + Nicotinamide adenine dinucleotide - reduced 
FALDep	Formaldehyde extrusion pump		Formaldehyde + H+  -> Formaldehyde + H+ 
FALDtex	Formaldehyde transport via diffusion (extracellular to periplasm)		Formaldehyde  -> Formaldehyde 
FALDtpp	Formaldehyde transport via diffusion (periplasm)		Formaldehyde  -> Formaldehyde 
FALDtpp2	Formaldehyde extrusion  pp		Formaldehyde + H+  -> Formaldehyde + H+ 
FALGTHLs	Formaldehyde glutathione ligase (spontaneous)	4.4.1.22	Formaldehyde + Reduced glutathione  <=> Hydroxymethylglutathione 
FAO10	FAO10		ATP C10H12N5O13P3 + 9 Coenzyme A + 7 Flavin adenine dinucleotide oxidized + 8 H2O H2O + 8 Nicotinamide adenine dinucleotide + Octadecenoate (n-C18:1)  -> 9 Acetyl-CoA + AMP C10H12N5O7P + 7 Flavin adenine dinucleotide reduced + 8 H+ + 8 Nicotinamide adenine dinucleotide - reduced + Diphosphate 
FAO11	FAO11		ATP C10H12N5O13P3 + 8 Coenzyme A + 6 Flavin adenine dinucleotide oxidized + 7 H2O H2O + Hexadecenoate (n-C16:1) + 7 Nicotinamide adenine dinucleotide  -> 8 Acetyl-CoA + AMP C10H12N5O7P + 6 Flavin adenine dinucleotide reduced + 7 H+ + 7 Nicotinamide adenine dinucleotide - reduced + Diphosphate 
FAS120	Fatty acid synthase  n C120	2.3.1.85	Decanoate (n-C10:0) + 3 H+ + Malonyl CoA C24H33N7O19P3S + 2 Nicotinamide adenine dinucleotide phosphate - reduced  -> CO2 CO2 + Coenzyme A + Dodecanoate (n-C12:0) + H2O H2O + 2 Nicotinamide adenine dinucleotide phosphate 
FASC141ACP	Fatty acid biosynthesis (n-C14:1)		Dodecanoyl-ACP (n-C12:0ACP) + 2 H+ + Malonyl-[acyl-carrier protein] + Nicotinamide adenine dinucleotide phosphate - reduced  -> Acyl carrier protein + CO2 CO2 + H2O H2O + Nicotinamide adenine dinucleotide phosphate + Cis-tetradec-7-enoyl-[acyl-carrier protein] (n-C14:1) 
FBA	Fructose-bisphosphate aldolase	4.1.2.13	D-Fructose 1,6-bisphosphate  <=> Dihydroxyacetone phosphate + Glyceraldehyde 3-phosphate 
FBA2	D Fructose 1 phosphate D glyceraldehyde 3 phosphate lyase	4.1.2.13	D-Fructose 1-phosphate  <=> Dihydroxyacetone phosphate + D-Glyceraldehyde 
FBA3	Sedoheptulose 1,7-bisphosphate D-glyceraldehyde-3-phosphate-lyase	4.1.2; 4.1.2.13	Sedoheptulose 1,7-bisphosphate  <=> Dihydroxyacetone phosphate + D-Erythrose 4-phosphate 
FBP	Fructose-bisphosphatase	3.1.3.11	D-Fructose 1,6-bisphosphate + H2O H2O  -> D-Fructose 6-phosphate + Phosphate 
FCLT	Ferrochelatase	4.99.1.1	Fe2+ mitochondria + Protoporphyrin  -> 2 H+ + Protoheme C34H30FeN4O4 
FDH	Formate dehydrogenase	1.2.1.2	Formate + Nicotinamide adenine dinucleotide  -> CO2 CO2 + Nicotinamide adenine dinucleotide - reduced 
FDH4pp	Formate dehydrogenase (quinone-8) (periplasm)		Formate + 2 H+ + Ubiquinone-8  -> CO2 CO2 + H+ + Ubiquinol-8 
FDH4pp_1	Formate dehydrogenase (quinone-8) (periplasm)	1.2.2.1	Formate + 2 H+ + Ubiquinone-8  -> CO2 CO2 + H+ + Ubiquinol-8 
FDH5pp	Formate Dehydrogenase (menaquinone-8) (periplasm)		Formate + 2 H+ + Menaquinone 8  -> CO2 CO2 + H+ + Menaquinol 8 
FDH5pp_1	Formate Dehydrogenase (menaquinone-8) (periplasm)	1.2.2.1	Formate + 2 H+ + Menaquinone 8  -> CO2 CO2 + H+ + Menaquinol 8 
FDMO	FMNH2-dependent monooxygenase	1.14.14.5	Reduced FMN + Isethionic acid + O2 O2  -> FMN C17H19N4O9P + Glycolaldehyde + H2O H2O + H+ + Sulfite 
FDMO2	FMNH2-dependent monooxygenase (methanesulfonate)	1.14.14.34; 1.14.14.5; 1.14.14.ah	Reduced FMN + Methanesulfonate + O2 O2  -> Formaldehyde + FMN C17H19N4O9P + H2O H2O + H+ + Sulfite 
FDMO3	FMNH2-dependent monooxygenase (ethanesulfonate)		Ethanesulfonate + Reduced FMN + O2 O2  -> Acetaldehyde + FMN C17H19N4O9P + H2O H2O + H+ + Sulfite 
FDMO4	FMNH2-dependent monooxygenase (butanesulfonate)	1.14.14.5	Butanesulfonate + Reduced FMN + O2 O2  -> Butanal C4H8O + FMN C17H19N4O9P + H2O H2O + H+ + Sulfite 
FDMO4_1	FMN dependent monooxygenase  taurine		Flavin mononucleotide reduced C17H21N4O9P + O2 O2 + Taurine C2H7NO3S  -> Aminoacetaldehyde C2H5NO + FMN C17H19N4O9P + H2O H2O + H+ + Sulfite 
FDMO6	FMNH2-dependent monooxygenase (sulfoacetate)		Reduced FMN + O2 O2 + Sulfoacetate  -> FMN C17H19N4O9P + Glyoxylate + H2O H2O + H+ + Sulfite 
FE2Gabcpp	Iron (II) transport via ABC system (GTP) (periplasm)		Fe2+ mitochondria + GTP C10H12N5O14P3 + H2O H2O  -> Fe2+ mitochondria + GDP C10H12N5O11P2 + H+ + Phosphate 
FE2abc	Iron (II) transport via ABC system		ATP C10H12N5O13P3 + Fe2+ mitochondria + H2O H2O  -> ADP C10H12N5O10P2 + Fe2+ mitochondria + H+ + Phosphate 
FE2abcpp	Iron (II) transport via ABC system (periplasm)		ATP C10H12N5O13P3 + Fe2+ mitochondria + H2O H2O  -> ADP C10H12N5O10P2 + Fe2+ mitochondria + H+ + Phosphate 
FE2t	Iron  II  transport		Fe2+ mitochondria  -> Fe2+ mitochondria 
FE2t2pp	Iron (II) transport in via proton symport (periplasm)		Fe2+ mitochondria + H+  -> Fe2+ mitochondria + H+ 
FE2t3pp	Iron (Fe+2) transport out via proton antiport (periplasm)		Fe2+ mitochondria + H+  -> Fe2+ mitochondria + H+ 
FE2t4pp	Iron(II) transport out via antiport (periplasm)		Fe2+ mitochondria + H+ + Potassium  -> Fe2+ mitochondria + H+ + Potassium 
FE2tex	Iron (II) transport via diffusion (extracellular to periplasm)		Fe2+ mitochondria  -> Fe2+ mitochondria 
FE2tpp	Iron (+2) transport in via permease (no H+)		Fe2+ mitochondria  -> Fe2+ mitochondria 
FE3DCIT2abcpp	Iron transport from ferric dicitrate via ABC system  periplasm		ATP C10H12N5O13P3 + Fe(III)dicitrate + H2O H2O  -> ADP C10H12N5O10P2 + Fe(III)dicitrate + H+ + Phosphate 
FE3DCITCH	Ferric dicitrate chelation		2 Citrate + Iron (Fe3+)  <=> Fe(III)dicitrate 
FE3DCITR5	Ferric-dicitrate reductase via nadph		2 Fe(III)dicitrate + Nicotinamide adenine dinucleotide phosphate - reduced  -> 4 Citrate + 2 Fe2+ mitochondria + H+ + Nicotinamide adenine dinucleotide phosphate 
FE3DCITabc	Iron transport from ferric-dicitrate via ABC system		ATP C10H12N5O13P3 + Fe(III)dicitrate + H2O H2O  -> ADP C10H12N5O10P2 + 2 Citrate + Iron (Fe3+) + H+ + Phosphate 
FE3DCITabcpp	Iron transport from ferric-dicitrate via ABC system (periplasm)		ATP C10H12N5O13P3 + Fe(III)dicitrate + H2O H2O  -> ADP C10H12N5O10P2 + 2 Citrate + Iron (Fe3+) + H+ + Phosphate 
FE3DCITtonex	Ferric-dicitrate transport via ton system (extracellular)		Fe(III)dicitrate + H+  -> Fe(III)dicitrate + H+ 
FE3DHBZR	Release of Fe(III) from ferric 2,3-dihydroxybenzoylserine		Ferric 2,3-dihydroxybenzoylserine  -> 2,3-dihydroxybenzoylserine + Iron (Fe3+) 
FE3DHBZS3R	Fe(III)-(2,3-dihydroxybenzoylserine)3 reductase via NADPH		2 2-3-dihydroxybenzoylserine trimer-Fe-III + Nicotinamide adenine dinucleotide phosphate - reduced  -> 2 2-3-dihydroxybenzoylserine trimer + 2 Fe2+ mitochondria + 3 H+ + Nicotinamide adenine dinucleotide phosphate 
FE3DHBZSabcpp	Ferric 2,3-dihydroxybenzoylserine transport via ABC system (periplasm)		ATP C10H12N5O13P3 + Ferric 2,3-dihydroxybenzoylserine + H2O H2O  -> ADP C10H12N5O10P2 + Ferric 2,3-dihydroxybenzoylserine + H+ + Phosphate 
FE3DHBZStonex	Ferric 2,3-dihydroxybenzoylserine transport via ton system (extracellular)		Ferric 2,3-dihydroxybenzoylserine + H+  -> Ferric 2,3-dihydroxybenzoylserine + H+ 
FE3Gabcpp	Iron (III) transport via ABC system (GTP) (periplasm)		Iron (Fe3+) + GTP C10H12N5O14P3 + H2O H2O  -> Iron (Fe3+) + GDP C10H12N5O11P2 + H+ + Phosphate 
FE3PYOVD2tonex	Ferrypioverdine  Pputida specific  Ton dependent transport		Ferrypyoverdine  P putida KT2440 specific + H+  -> Ferrypyoverdine  P putida KT2440 specific + H+ 
FE3PYOVDDR2	Ferrypyoverdine  dissociation reduction  Pputida specific		2 Ferrypyoverdine  P putida KT2440 specific + Reduced pyrroloquinoline-quinone  <=> 2 Fe2+ mitochondria + 2 H+ + Pyrroloquinoline-quinone + 2 Pyoverdine  P putida specific 
FE3PYOVDL2	Ferripyoverdine complex formation  P putida KT2440 specific		Iron (Fe3+) + Pyoverdine  P putida specific  <=> Ferrypyoverdine  P putida KT2440 specific 
FE3Ri	Fe(III) reduction		Flavin adenine dinucleotide reduced + 2 Iron (Fe3+)  -> Flavin adenine dinucleotide oxidized + 2 Fe2+ mitochondria + 2 H+ 
FE3abc	Iron (III) transport via ABC system	3.6.3.30	ATP C10H12N5O13P3 + Iron (Fe3+) + H2O H2O  -> ADP C10H12N5O10P2 + Iron (Fe3+) + H+ + Phosphate 
FE3abcpp	Iron (III) transport via ABC system (periplasm to cytoplasm)	3.6.3.30	ATP C10H12N5O13P3 + Iron (Fe3+) + H2O H2O  -> ADP C10H12N5O10P2 + Iron (Fe3+) + H+ + Phosphate 
FE3t	Ferric iron uptake, plasma membrane		Iron (Fe3+)  <=> Iron (Fe3+) 
FE3tex	Iron (III) transport via diffusion (extracellular to periplasm)		Iron (Fe3+)  -> Iron (Fe3+) 
FEDCabc	Iron  III  dicitrate transport via ABC system		ATP C10H12N5O13P3 + 2 Citrate + Iron (Fe3+) + H2O H2O  -> ADP C10H12N5O10P2 + 2 Citrate + Iron (Fe3+) + H+ + Phosphate 
FEDHBZS3R1	Fe3dhbzs3 Fe III reduction and offloading		Flavin adenine dinucleotide reduced + 2 2-3-dihydroxybenzoylserine trimer-Fe-III  -> 2 2-3-dihydroxybenzoylserine trimer + Flavin adenine dinucleotide oxidized + 2 Fe2+ mitochondria + 4 H+ 
FEDHBZS3R2	Fe3dhbzs3 Fe III reduction and offloading		2 2-3-dihydroxybenzoylserine trimer-Fe-III + Reduced FMN  -> 2 2-3-dihydroxybenzoylserine trimer + 2 Fe2+ mitochondria + FMN C17H19N4O9P + 4 H+ 
FEDHBZS3R3	Fe3dhbzs3 Fe III reduction and offloading		2 2-3-dihydroxybenzoylserine trimer-Fe-III + Reduced riboflavin  -> 2 2-3-dihydroxybenzoylserine trimer + 2 Fe2+ mitochondria + 4 H+ + Riboflavin C17H20N4O6 
FEENTER2tpp	Enterochelin transport2 via ABC system periplasm		ATP C10H12N5O13P3 + Enterochelin + H2O H2O  -> ADP C10H12N5O10P2 + Enterochelin + H+ + Phosphate 
FEENTERES	Enterochelin Esterase (Fe containing)		Fe-enterobactin + H2O H2O + H+  -> 2-3-dihydroxybenzoylserine trimer-Fe-III 
FEENTERR1	Fe-enterobactin reduction (Fe(III)-unloading)		Flavin adenine dinucleotide reduced + 2 Fe-enterobactin  -> 2 Enterochelin + Flavin adenine dinucleotide oxidized + 2 Fe2+ mitochondria + 2 H+ 
FEENTERR2	Fe-enterobactin reduction (Fe(III)-unloading)		2 Fe-enterobactin + Reduced FMN  -> 2 Enterochelin + 2 Fe2+ mitochondria + FMN C17H19N4O9P + 2 H+ 
FEENTERR3	Fe-enterobactin reduction (Fe(III)-unloading)		2 Fe-enterobactin + Reduced riboflavin  -> 2 Enterochelin + 2 Fe2+ mitochondria + 2 H+ + Riboflavin C17H20N4O6 
FEENTERR4	Fe-enterobactin reduction via nadph		2 Fe-enterobactin + Nicotinamide adenine dinucleotide phosphate - reduced  -> 2 Enterochelin + 2 Fe2+ mitochondria + H+ + Nicotinamide adenine dinucleotide phosphate 
FEENTERabcpp	Fe-enterobactin transport via ABC system (periplasm)	3.6.3.34	ATP C10H12N5O13P3 + Fe-enterobactin + H2O H2O  -> ADP C10H12N5O10P2 + Fe-enterobactin + H+ + Phosphate 
FEENTERtex	Enterochelin transport (secretion periplasm)		Enterochelin + H+  -> Enterochelin + H+ 
FEENTERtonex	Fe-enterobactin transport via ton system (extracellular)		Fe-enterobactin + H+  -> Fe-enterobactin + H+ 
FEENTERtpp	Enterochelin transport (secretion)		Enterochelin + H+  -> Enterochelin + H+ 
FEOXAMR1	Ferroxamine reductase		Flavin adenine dinucleotide reduced + 2 Generic ferrioxamine-Fe-III  -> Flavin adenine dinucleotide oxidized + 2 Fe2+ mitochondria + 2 Ferroxamine minus Fe(3) + 2 H+ 
FEOXAMR2	Ferroxamine reductase		2 Generic ferrioxamine-Fe-III + Reduced FMN  -> 2 Fe2+ mitochondria + 2 Ferroxamine minus Fe(3) + FMN C17H19N4O9P + 2 H+ 
FEOXAMR3	Ferroxamine reductase		2 Generic ferrioxamine-Fe-III + Reduced riboflavin  -> 2 Fe2+ mitochondria + 2 Ferroxamine minus Fe(3) + 2 H+ + Riboflavin C17H20N4O6 
FEOXAMUtex	Ferroxamine (minus Fe3) secretion (to extracellular)		Ferroxamine minus Fe(3) + H+  -> Ferroxamine minus Fe(3) + H+ 
FEOXAMUtpp	Ferroxamine (minus Fe3) secretion (to periplasm)		Ferroxamine minus Fe(3) + H+  -> Ferroxamine minus Fe(3) + H+ 
FEOXAMabcpp	Ferroxamine transport via ABC system (periplasm)		ATP C10H12N5O13P3 + Generic ferrioxamine-Fe-III + H2O H2O  -> ADP C10H12N5O10P2 + Generic ferrioxamine-Fe-III + H+ + Phosphate 
FEOXAMtonex	Ferroxamine transport via ton system (extracellular)		Generic ferrioxamine-Fe-III + H+  -> Generic ferrioxamine-Fe-III + H+ 
FEROpp	Ferroxidase	1.16.3.1	4 Fe2+ mitochondria + 4 H+ + O2 O2  -> 4 Iron (Fe3+) + 2 H2O H2O 
FESD2s	Iron-sulfur cluster damage (nitrous oxide, spontaneous)		2 [4Fe-4S] iron-sulfur cluster + 2 H+ + 2 Nitric oxide  -> 2 [3Fe-4S] damaged iron-sulfur cluster + 2 Iron (Fe3+) + H2O H2O + Nitrous oxide 
FESR	Iron-sulfur cluster repair		[3Fe-4S] damaged iron-sulfur cluster + Fe2+ mitochondria  -> [4Fe-4S] iron-sulfur cluster 
FFSD	Beta-fructofuranosidase	3.2.1.26	H2O H2O + Sucrose 6-phosphate  -> D-Fructose + D-Glucose 6-phosphate 
FFSD1r	Beta-fructofuranosidase		H2O H2O + Alpha,alpha'-Trehalose 6-phosphate  -> D-Fructose + D-Glucose 6-phosphate 
FGLU	Formimidoylglutamase	3.5.3.8	N-Formimidoyl-L-glutamate + H2O H2O  -> Formamide + L-Glutamate 
FLDR	Flavodoxin reductase (NADPH)	1.19.1.1; 1.19.1.a	Flavodoxin (oxidized) - obsolete + H+ + Nicotinamide adenine dinucleotide phosphate - reduced  -> Flavodoxin (reduced) - obsolete + Nicotinamide adenine dinucleotide phosphate 
FLVR	Flavin reductase	1.5.1.30; 1.5.1.41	H+ + Nicotinamide adenine dinucleotide phosphate - reduced + Riboflavin C17H20N4O6  -> Nicotinamide adenine dinucleotide phosphate + Reduced riboflavin 
FLVRx	Flavin reductase (NAD)	1.5.1.36; 1.5.1.41	H+ + Nicotinamide adenine dinucleotide - reduced + Riboflavin C17H20N4O6  -> Nicotinamide adenine dinucleotide + Reduced riboflavin 
FMNAT	FMN adenylyltransferase	2.7.7.2	ATP C10H12N5O13P3 + FMN C17H19N4O9P + H+  -> Flavin adenine dinucleotide oxidized + Diphosphate 
FMNRx	FMN reductase	1.5.1.-; 1.5.1.36; 1.5.1.39; 1.5.1.41; 1.5.1.42	FMN C17H19N4O9P + H+ + Nicotinamide adenine dinucleotide - reduced  -> Reduced FMN + Nicotinamide adenine dinucleotide 
FMNRx2	FMN reductase	1.5.1.-; 1.5.1.38; 1.5.1.39	FMN C17H19N4O9P + H+ + Nicotinamide adenine dinucleotide phosphate - reduced  -> Reduced FMN + Nicotinamide adenine dinucleotide phosphate 
FMNRy	FMN reductase  NADPH dependent		FMN C17H19N4O9P + H+ + Nicotinamide adenine dinucleotide phosphate - reduced  -> Flavin mononucleotide reduced C17H21N4O9P + Nicotinamide adenine dinucleotide phosphate 
FMNt	FMN transporter, periplasm		FMN C17H19N4O9P  -> FMN C17H19N4O9P 
FMNtex	FMN transport, outer membrane		FMN C17H19N4O9P  -> FMN C17H19N4O9P 
FOAMtex	Formamide transport via diffusion extracellular to periplasm		Formamide  -> Formamide 
FOAMtrpp	Formamide transport		Formamide  -> Formamide 
FOMETRi	Aminomethyltransferase	2.1.2.10	5-Formyltetrahydrofolate + H+  -> H2O H2O + 5,10-Methenyltetrahydrofolate 
FORAMD	FORAMD	3.5.1.49	Formamide + H2O H2O  -> Formate + Ammonium 
FORt2pp	Formate transport via proton symport (uptake only, periplasm)		Formate + H+  -> Formate + H+ 
FORtex	Formate transport via diffusion (extracellular to periplasm)		Formate  -> Formate 
FORtppi	Formate transport via diffusion (cytoplasm to periplasm)		Formate  -> Formate 
FRD2	Fumarate reductase		Fumarate + Menaquinol 8  -> Menaquinone 8 + Succinate 
FRD3	Fumarate reductase	1.3.99.1	2-Demethylmenaquinol 8 + Fumarate  -> 2-Demethylmenaquinone 8 + Succinate 
FRDx	Fumarate reductase NADH		Fumarate + H+ + Nicotinamide adenine dinucleotide - reduced  -> Nicotinamide adenine dinucleotide + Succinate 
FRTT	Farnesyltranstransferase	2.5.1.29	Farnesyl diphosphate + Isopentenyl diphosphate  -> Geranylgeranyl diphosphate C20H33O7P2 + Diphosphate 
FRUK	Fructose-1-phosphate kinase	2.7.1.56	ATP C10H12N5O13P3 + D-Fructose 1-phosphate  -> ADP C10H12N5O10P2 + D-Fructose 1,6-bisphosphate + H+ 
FRULYSDG	Fructoselysine phosphate deglycase		Fructoselysine Phosphate + H2O H2O  <=> D-Glucose 6-phosphate + L-Lysine 
FRULYSE	Fructoselysine 3-epimerase		Psicoselysine  <=> Fructoselysine 
FRULYSK	Fructoselysine Kinase		ATP C10H12N5O13P3 + Fructoselysine  -> ADP C10H12N5O10P2 + Fructoselysine Phosphate + H+ 
FRULYSt2pp	Fructoselysine transport via proton symport (periplasm)		Fructoselysine + H+  -> Fructoselysine + H+ 
FRULYStex	Fructoselysine transporter via diffusion (extracellular)		Fructoselysine  -> Fructoselysine 
FRUURt2rpp	D-fructuronate transport via proton symport, reversible (periplasm)		D-Fructuronate + H+  -> D-Fructuronate + H+ 
FRUURtex	D-fructuronate transport via diffusion (extracellular)		D-Fructuronate  -> D-Fructuronate 
FRUpts	D-fructose transport via PEP:Pyr PTS		D-Fructose + Phosphoenolpyruvate  -> D-Fructose 1-phosphate + Pyruvate 
FRUpts2pp	Fructose transport via PEP:Pyr PTS (f6p generating) (periplasm)		D-Fructose + Phosphoenolpyruvate  -> D-Fructose 6-phosphate + Pyruvate 
FRUptspp	D-fructose transport via PEP:Pyr PTS (periplasm)		D-Fructose + Phosphoenolpyruvate  -> D-Fructose 1-phosphate + Pyruvate 
FRUtex	D-fructose transport via diffusion (extracellular to periplasm)		D-Fructose  -> D-Fructose 
FTHFD	Formyltetrahydrofolate deformylase	3.5.1.10	10-Formyltetrahydrofolate + H2O H2O  -> Formate + H+ + 5,6,7,8-Tetrahydrofolate 
FUC_L_Et	L-Fucose transport (transport mechanism unknown - evidence from biolog data)		L-Fucose  -> L-Fucose 
FUCtex	L-fucose transport via diffusion (extracellular to periplasm)		L-Fucose  -> L-Fucose 
FUCtpp	L-fucose transport via proton symport (periplasm)		L-Fucose + H+  -> L-Fucose + H+ 
FUM	Fumarase	4.2.1.2	Fumarate + H2O H2O  <=> L-Malate 
FUMt1pp	Fumarate transport via diffusion in (periplasm)		Fumarate  -> Fumarate 
FUMt2_2pp	Fumarate transport via proton symport (2 H) (periplasm)		Fumarate + 2 H+  -> Fumarate + 2 H+ 
FUMt2_3pp	Fumarate transport via proton symport (3 H) (periplasm)		Fumarate + 3 H+  -> Fumarate + 3 H+ 
FUMtex	Fumarate transport via diffusion (extracellular to periplasm)		Fumarate  -> Fumarate 
FUSAtex	Fusidic acid transport via diffusion (extracellular to periplasm)		Fusidic acid  -> Fusidic acid 
FUSAtpp	Fusidic acid transport via TolC system		Fusidic acid + H+  -> Fusidic acid + H+ 
G1PACT	Glucosamine-1-phosphate N-acetyltransferase	2.3.1.157; 2.3.1.4	Acetyl-CoA + D-Glucosamine 1-phosphate  -> N-Acetyl-D-glucosamine 1-phosphate + Coenzyme A + H+ 
G1PP	Glucose-1-phosphatase	3.1.3.10	D-Glucose 1-phosphate + H2O H2O  -> D-Glucose + Phosphate 
G1PPpp	Glucose-1-phosphatase	3.1.3.10	D-Glucose 1-phosphate + H2O H2O  -> D-Glucose + Phosphate 
G1Ptex	D-glucose 1-phosphate transport via diffusion		D-Glucose 1-phosphate  -> D-Glucose 1-phosphate 
G1SAT	Glutamate-1-semialdehyde aminotransferase	5.4.3.8	L-Glutamate 1-semialdehyde  <=> 5-Amino-4-oxopentanoate 
G2PP	Glycerol-2-phosphate phosphatase	3.1.3.19	Glycerol 2-phosphate + H2O H2O  -> Glycerol + Phosphate 
G2PPpp	Glycerol 2-phosphate phosphatase (periplasmic)	3.1.3.19	Glycerol 2-phosphate + H2O H2O  -> Glycerol + Phosphate 
G3PAT120	Glycerol-3-phosphate acyltransferase (C12:0)	2.3.1.15	Dodecanoyl-ACP (n-C12:0ACP) + Glycerol 3-phosphate  -> 1-dodecanoyl-sn-glycerol 3-phosphate + Acyl carrier protein 
G3PAT141	Glycerol-3-phosphate acyltransferase (C14:1)	2.3.1.15	Glycerol 3-phosphate + Cis-tetradec-7-enoyl-[acyl-carrier protein] (n-C14:1)  -> 1-tetradec-7-enoyl-sn-glycerol 3-phosphate + Acyl carrier protein 
G3PAT161	Glycerol-3-phosphate acyltransferase (C16:1)	2.3.1.15	Glycerol 3-phosphate + Cis-hexadec-9-enoyl-[acyl-carrier protein] (n-C16:1)  -> 1-hexadec-9-enoyl-sn-glycerol 3-phosphate + Acyl carrier protein 
G3PCabcpp	Sn-glycerol-3-phosphocholine transport via ABC system (periplasm)		ATP C10H12N5O13P3 + Sn-Glycero-3-phosphocholine + H2O H2O  -> ADP C10H12N5O10P2 + Sn-Glycero-3-phosphocholine + H+ + Phosphate 
G3PCtex	Glycero-3-phosphocholine transport via diffusion (extracellular to periplasm)		Sn-Glycero-3-phosphocholine  -> Sn-Glycero-3-phosphocholine 
G3PD2	Glycerol-3-phosphate dehydrogenase (NADP)	1.1.1.94	Glycerol 3-phosphate + Nicotinamide adenine dinucleotide phosphate  <=> Dihydroxyacetone phosphate + H+ + Nicotinamide adenine dinucleotide phosphate - reduced 
G3PD5	Glycerol-3-phosphate dehydrogenase (ubiquinone-8)		Glycerol 3-phosphate + Ubiquinone-8  -> Dihydroxyacetone phosphate + Ubiquinol-8 
G3PD6	Glycerol-3-phosphate dehydrogenase (menaquinone-8)		Glycerol 3-phosphate + Menaquinone 8  -> Dihydroxyacetone phosphate + Menaquinol 8 
G3PD7	Glycerol-3-phosphate dehydrogenase (demethylmenaquinone-8)	1.1.99.5	2-Demethylmenaquinone 8 + Glycerol 3-phosphate  -> 2-Demethylmenaquinol 8 + Dihydroxyacetone phosphate 
G3PEabcpp	Sn-glycerol-3-phosphoethanolamine transport via ABC system (periplasm)		ATP C10H12N5O13P3 + Sn-Glycero-3-phosphoethanolamine + H2O H2O  -> ADP C10H12N5O10P2 + Sn-Glycero-3-phosphoethanolamine + H+ + Phosphate 
G3PEtex	Glycero-3-phosphoethanolamine transport via diffusion (extracellular to periplasm)		Sn-Glycero-3-phosphoethanolamine  -> Sn-Glycero-3-phosphoethanolamine 
G3PGabcpp	Sn-glycerol-3-phosphoglycerol transport via ABC system (periplasm)		ATP C10H12N5O13P3 + Glycerophosphoglycerol + H2O H2O  -> ADP C10H12N5O10P2 + Glycerophosphoglycerol + H+ + Phosphate 
G3PGtex	Glycerophoglycerol transport via diffusion (extracellular to periplasm)		Glycerophosphoglycerol  -> Glycerophosphoglycerol 
G3PIabcpp	Sn-glycerol-3-phosphoethanolamine transport via ABC system (periplasm)		ATP C10H12N5O13P3 + Sn-Glycero-3-phospho-1-inositol + H2O H2O  -> ADP C10H12N5O10P2 + Sn-Glycero-3-phospho-1-inositol + H+ + Phosphate 
G3PItex	Glycero-3-phospho-1-inositol transport via diffusion (extracellular to periplasm)		Sn-Glycero-3-phospho-1-inositol  -> Sn-Glycero-3-phospho-1-inositol 
G3PSabcpp	Sn-glycerol-3-phosphoserine transport via ABC system (periplasm)		ATP C10H12N5O13P3 + Glycerophosphoserine + H2O H2O  -> ADP C10H12N5O10P2 + Glycerophosphoserine + H+ + Phosphate 
G3PStex	Glycerophosphserine transport via diffusion (extracellular to periplasm)		Glycerophosphoserine  -> Glycerophosphoserine 
G3PT	Glycerol-3-phosphatase	3.1.3.2; 3.1.3.21	Glycerol 3-phosphate + H2O H2O  -> Glycerol + Phosphate 
G5SADs	L-glutamate 5-semialdehyde dehydratase (spontaneous)		L-Glutamate 5-semialdehyde  -> 1-Pyrroline-5-carboxylate + H2O H2O + H+ 
G5SD	Glutamate-5-semialdehyde dehydrogenase	1.2.1.41	L-Glutamate 5-phosphate + H+ + Nicotinamide adenine dinucleotide phosphate - reduced  -> L-Glutamate 5-semialdehyde + Nicotinamide adenine dinucleotide phosphate + Phosphate 
G6PDA	Glucosamine-6-phosphate deaminase	3.5.99.6	D-Glucosamine 6-phosphate + H2O H2O  -> D-Fructose 6-phosphate + Ammonium 
G6PDH1	G6PDH1	1.1.1.363; 1.1.1.388	D-Glucose 6-phosphate + Nicotinamide adenine dinucleotide  -> 6-phospho-D-glucono-1,5-lactone + H+ + Nicotinamide adenine dinucleotide - reduced 
G6PDH2r	Glucose 6-phosphate dehydrogenase	1.1.1.363; 1.1.1.49	D-Glucose 6-phosphate + Nicotinamide adenine dinucleotide phosphate  <=> 6-phospho-D-glucono-1,5-lactone + H+ + Nicotinamide adenine dinucleotide phosphate - reduced 
G6PP	Glucose-6-phosphate phosphatase	3.1.3.58; 3.1.3.9	D-Glucose 6-phosphate + H2O H2O  -> D-Glucose + Phosphate 
G6Pt6_2pp	Glucose-6-phosphate transport via phosphate antiport (periplasm)		D-Glucose 6-phosphate + 2 Phosphate  -> D-Glucose 6-phosphate + 2 Phosphate 
G6Ptex	Glucose 6-phosphate transport via diffusion (extracellular to periplasm)		D-Glucose 6-phosphate  -> D-Glucose 6-phosphate 
GAL1PPpp	D-galactose 1-phosphatase	3.1.3.94	Alpha-D-Galactose 1-phosphate + H2O H2O  -> D-Galactose + Phosphate 
GAL1Ptex	D-galactose 1-phosphate transport via diffusion (extracellular to periplasm)		Alpha-D-Galactose 1-phosphate  -> Alpha-D-Galactose 1-phosphate 
GALAM6PISO	N Acetyl D Galactosamine 6 phosphate isomerase	3.5.99; 5.3.1.-	D Galactosamine 6 phosphate C6H14NO8P + H2O H2O  -> Ammonium + D-Tagatose 6-phosphate 
GALAMPTSpp	D Galactosamine transport via PEPPyr  periplasm		D Galactosamine C6H13NO5 + Phosphoenolpyruvate  -> D Galactosamine 6 phosphate C6H14NO8P + Pyruvate 
GALAMtex	D Galactosamine transport transport via diffusion extracellular to periplasm		D Galactosamine C6H13NO5  -> D Galactosamine C6H13NO5 
GALBDtex	Beta D-galactose transport via diffusion (extracellular to periplasm)		Beta D-Galactose  -> Beta D-Galactose 
GALCTD	Galactarate dehydratase	4.2.1.42	D-Galactarate  -> 5-Dehydro-4-deoxy-D-glucarate + H2O H2O 
GALCTLO	L-galactonate oxidoreductase	1.1.1.M8	L-Galactonate + Nicotinamide adenine dinucleotide  -> H+ + Nicotinamide adenine dinucleotide - reduced + D-Tagaturonate 
GALCTND	Galactonate dehydratase	4.2.1.140; 4.2.1.6	D-Galactonate  -> 2-Dehydro-3-deoxy-D-galactonate + H2O H2O 
GALCTNLt2pp	L-galactonate transport via proton symport (periplasm)		L-Galactonate + H+  -> L-Galactonate + H+ 
GALCTNLtex	L-galactonate transport via diffusion (extracellular to periplasm)		L-Galactonate  -> L-Galactonate 
GALCTNt2pp	D-galactonate transport via proton symport (periplasm)		D-Galactonate + H+  -> D-Galactonate + H+ 
GALCTNtex	D-galactonate transport via diffusion (extracellular to periplasm)		D-Galactonate  -> D-Galactonate 
GALCTt2rpp	D-galactarte transport via proton symport, reversible (periplasm)		D-Galactarate + H+  -> D-Galactarate + H+ 
GALCTtex	D-galactarte transport via diffusion (extracellular to periplasm)		D-Galactarate  -> D-Galactarate 
GALKr	Galactokinase	2.7.1.6	ATP C10H12N5O13P3 + D-Galactose  <=> ADP C10H12N5O10P2 + Alpha-D-Galactose 1-phosphate + H+ 
GALM2pp	Aldose-1-epimerase	5.1.3.3	Beta D-Galactose  -> D-Galactose 
GALMAN4	Hydrolysis of galactomannan		Galactomannan(n=4 repeat units mannose, alpha-1,4 man) + 3 H2O H2O  -> D-Galactose + 3 D-Mannose 
GALMAN4abc	Galactomannan transport via ABC system		ATP C10H12N5O13P3 + Galactomannan(n=4 repeat units mannose, alpha-1,4 man) + H2O H2O  -> ADP C10H12N5O10P2 + Galactomannan(n=4 repeat units mannose, alpha-1,4 man) + H+ + Phosphate 
GALMAN6	Hydrolysis of galactomannan		Galactomannan(n=6 repeat units mannose, alpha-1,4 man) + 5 H2O H2O  -> 2 D-Galactose + 4 D-Mannose 
GALMAN6abc	Galactomannan transport via ABC system		ATP C10H12N5O13P3 + Galactomannan(n=6 repeat units mannose, alpha-1,4 man) + H2O H2O  -> ADP C10H12N5O10P2 + Galactomannan(n=6 repeat units mannose, alpha-1,4 man) + H+ + Phosphate 
GALS3	A-galactosidase (melibiose)	3.2.1.22	H2O H2O + Melibiose C12H22O11  -> D-Galactose + D-Glucose 
GALTpts	Galactitol transport via PEP:Pyr PTS		Galactitol + Phosphoenolpyruvate  -> Galactitol 1-phosphate + Pyruvate 
GALTptspp	Galactitol transport via PEP:Pyr PTS (periplasm)		Galactitol + Phosphoenolpyruvate  -> Galactitol 1-phosphate + Pyruvate 
GALTtex	Galactitol transport via diffusion (extracellular to periplasm)		Galactitol  -> Galactitol 
GALUR_Et	D-Galacturonate transport (transport mechanism unknown - evidence from biolog data)		D-Galacturonate  <=> D-Galacturonate 
GALURt2r	D-galacturonate transport via proton symport, reversible		D-Galacturonate + H+  -> D-Galacturonate + H+ 
GALURt2rpp	D-galacturonate transport via proton symport, reversible (periplasm)		D-Galacturonate + H+  -> D-Galacturonate + H+ 
GALURtex	D-galacturonate transport via diffusion (extracellular to periplasm)		D-Galacturonate  -> D-Galacturonate 
GALUi	UTP-glucose-1-phosphate uridylyltransferase (irreversible)	2.7.7.64; 2.7.7.9	D-Glucose 1-phosphate + H+ + UTP C9H11N2O15P3  -> Diphosphate + UDPglucose 
GALabcpp	D-galactose transport via ABC system (periplasm)	3.6.3.17	ATP C10H12N5O13P3 + D-Galactose + H2O H2O  -> ADP C10H12N5O10P2 + D-Galactose + H+ + Phosphate 
GALpts	Galactose transport via PTS		D-Galactose + Phosphoenolpyruvate  -> D-Galactose 6-phosphate + Pyruvate 
GALt2pp	D-galactose transport in via proton symport (periplasm)		D-Galactose + H+  -> D-Galactose + H+ 
GALtex	D-galactose transport via diffusion (extracellular to periplasm)		D-Galactose  -> D-Galactose 
GAM6Pt6_2pp	D-Glucosamine 6-phosphate transport via phosphate antiport (periplasm)		D-Glucosamine 6-phosphate + 2 Phosphate  -> D-Glucosamine 6-phosphate + 2 Phosphate 
GAMAN6Ptex	D-glucosamine 6-phosphate transport via diffusion (extracellular to periplasm)		D-Glucosamine 6-phosphate  -> D-Glucosamine 6-phosphate 
GAMpts	D-glucosamine transport via PEP:Pyr PTS		D-Glucosamine + Phosphoenolpyruvate  -> D-Glucosamine 6-phosphate + Pyruvate 
GAMptspp	D-glucosamine transport via PEP:Pyr PTS (periplasm)		D-Glucosamine + Phosphoenolpyruvate  -> D-Glucosamine 6-phosphate + Pyruvate 
GAMtex	D-glucosamine transport via diffusion (extracellular to periplasm)		D-Glucosamine  -> D-Glucosamine 
GAPD	Glyceraldehyde-3-phosphate dehydrogenase	1.2.1.12; 1.2.1.59	Glyceraldehyde 3-phosphate + Nicotinamide adenine dinucleotide + Phosphate  -> 3-Phospho-D-glyceroyl phosphate + H+ + Nicotinamide adenine dinucleotide - reduced 
GAPDi_nadp	Glyceraldehyde-3-phosphate dehydrogenase (NAD(P)+) (phosphorylating)	1.2.1.13; 1.2.1.59	3-Phospho-D-glyceroyl phosphate + H+ + Nicotinamide adenine dinucleotide phosphate - reduced  -> Glyceraldehyde 3-phosphate + Nicotinamide adenine dinucleotide phosphate + Phosphate 
GAPP	Glyceraldehyde-3-phosphate phosphatase		Glyceraldehyde 3-phosphate + H2O H2O  -> D-Glyceraldehyde + Phosphate 
GARFT	Phosphoribosylglycinamide formyltransferase	2.1.2.2	10-Formyltetrahydrofolate + N1-(5-Phospho-D-ribosyl)glycinamide  <=> N2-Formyl-N1-(5-phospho-D-ribosyl)glycinamide + H+ + 5,6,7,8-Tetrahydrofolate 
GART	GAR transformylase-T	2.1.2; 2.1.2.-	ATP C10H12N5O13P3 + Formate + N1-(5-Phospho-D-ribosyl)glycinamide  -> ADP C10H12N5O10P2 + N2-Formyl-N1-(5-phospho-D-ribosyl)glycinamide + H+ + Phosphate 
GBBTNabc	Gamma butyrobetaine transport in via ABC system		ATP C10H12N5O13P3 + Gamma-butyrobetaine + H2O H2O  -> ADP C10H12N5O10P2 + Gamma-butyrobetaine + H+ + Phosphate 
GBBTNtex	Gamma-butyrobetaine transport via diffusion (extracellular to periplasm)		Gamma-butyrobetaine  -> Gamma-butyrobetaine 
GBDM	Glycine betaine demethylase		Glycine betaine + H2O H2O + O2 O2  -> N,N-Dimethylglycine + Formaldehyde + Hydrogen peroxide 
GCALDD	Glycolaldehyde dehydrogenase	1.2.1.21	Glycolaldehyde + H2O H2O + Nicotinamide adenine dinucleotide  -> Glycolate C2H3O3 + 2 H+ + Nicotinamide adenine dinucleotide - reduced 
GCVHADPr	GcvH-L complex ADP ribosylation		N-Lipoyl gcvh-L protein + Nicotinamide adenine dinucleotide  -> N-Lipoyl ADP-ribose gcvh-L protein + Nicotinamide 
GCVHRADPr	GcvH-L complex reverse ADP ribosylation		N-Lipoyl ADP-ribose gcvh-L protein + H2O H2O  -> ADPribose C15H21N5O14P2 + N-Lipoyl gcvh-L protein + H+ 
GDOCBIK	R_GDOCBIK		Adenosyl cobinamide + GTP C10H12N5O14P3  -> Adenosyl cobinamide phosphate + GDP C10H12N5O11P2 + H+ 
GDPDPK	GDP diphosphokinase	2.7.6.5	ATP C10H12N5O13P3 + GDP C10H12N5O11P2  -> AMP C10H12N5O7P + H+ + Guanosine 3',5'-bis(diphosphate) 
GDPMNH	GDP-mannose mannosyl hydrolase		GDP-D-mannose + H2O H2O  -> GDP C10H12N5O11P2 + H+ + D-Mannose 
GDPMNP	GDP-mannose phyrophosphatase	3.6.1.-; 3.6.1.21	GDP-D-mannose + H2O H2O  -> GMP C10H12N5O8P + 2 H+ + D-Mannose 1-phosphate 
GDPTPDP	Guanosine 3'-diphosphate 5'-triphosphate 3'-diphosphatase	3.1.7.2	Guanosine 3'-diphosphate 5'-triphosphate + H2O H2O  -> GTP C10H12N5O14P3 + Diphosphate 
GDPtex	GDP transport via diffusion (extracellular to periplasm)		GDP C10H12N5O11P2  -> GDP C10H12N5O11P2 
GF6PTA	Glutamine-fructose-6-phosphate transaminase	2.6.1.16	D-Fructose 6-phosphate + L-Glutamine  -> D-Glucosamine 6-phosphate + L-Glutamate 
GGGABADxr	Gamma glutamyl gamma aminobutyric acid dehydrogenase		Gamma-glutamyl-gamma-butyraldehyde + H2O H2O + Nicotinamide adenine dinucleotide  <=> Gamma-glutamyl-gamma aminobutyric acid + 2 H+ + Nicotinamide adenine dinucleotide - reduced 
GGGABAH	Gamma-glutamyl-gamma-aminobutyric acid hydrolase	3.5.1.94	Gamma-glutamyl-gamma aminobutyric acid + H2O H2O  -> 4-Aminobutanoate + L-Glutamate 
GGPTRCO	Gamma glutamyl putrescine oxidase		Gamma-glutamyl-putrescine + H2O H2O + O2 O2  -> Gamma-glutamyl-gamma-butyraldehyde + Hydrogen peroxide + Ammonium 
GGPTRCS	Gamma glutamyl putrescine synthase	6.3.1.11	ATP C10H12N5O13P3 + L-Glutamate + Putrescine  -> ADP C10H12N5O10P2 + Gamma-glutamyl-putrescine + H+ + Phosphate 
GHMT2r	Glycine hydroxymethyltransferase, reversible	2.1.2.1	L-Serine + 5,6,7,8-Tetrahydrofolate  <=> Glycine + H2O H2O + 5,10-Methylenetetrahydrofolate 
GK1	Guanylate kinase (GMP:ATP)	2.7.4.8	ATP C10H12N5O13P3 + GMP C10H12N5O8P  <=> ADP C10H12N5O10P2 + GDP C10H12N5O11P2 
GLBRAN2	1,4-alpha-glucan branching enzyme (glycogen -> bglycogen)	2.4.1.18	Glycogen C6H10O5  -> Branching glycogen 
GLBRAN3	1 4 alpha glucan branching enzyme  glyg4n   bglyg4n		Glycogen  4 units  linear glucan  -> Branching glycogen  4 units 
GLCADpts	R_GLCADpts		Alpha D-glucose + Phosphoenolpyruvate  -> Alpha-D-glucose 6 phosphate + Pyruvate 
GLCDpp	Glucose dehydrogenase (ubiquinone-8 as acceptor) (periplasm)		D-Glucose + H2O H2O + Ubiquinone-8  -> D-Gluconate + H+ + Ubiquinol-8 
GLCE	Alpha-D-Glucose 1-epimerase		D-Glucose  -> Beta-D-Glucose 
GLCMAN4	Hydrolysis of glucomannan		Glucomannan (n=4 repeat units, glc beta-1,4 man) + 3 H2O H2O  -> D-Glucose + 3 D-Mannose 
GLCMAN4abc	Glucomannan transport via ABC system		ATP C10H12N5O13P3 + Glucomannan (n=4 repeat units, glc beta-1,4 man) + H2O H2O  -> ADP C10H12N5O10P2 + Glucomannan (n=4 repeat units, glc beta-1,4 man) + H+ + Phosphate 
GLCMAN6	Hydrolysis of glucomannan		Glucomannan (n=6 repeat units, glc beta-1,4 man) + 5 H2O H2O  -> 2 D-Glucose + 4 D-Mannose 
GLCMAN6abc	Glucomannan transport via ABC system		ATP C10H12N5O13P3 + Glucomannan (n=6 repeat units, glc beta-1,4 man) + H2O H2O  -> ADP C10H12N5O10P2 + Glucomannan (n=6 repeat units, glc beta-1,4 man) + H+ + Phosphate 
GLCNt2rpp	D-gluconate transport via proton symport, reversible (periplasm)		D-Gluconate + H+  -> D-Gluconate + H+ 
GLCNtex	D-gluconate transport via diffusion (extracellular to periplasm)		D-Gluconate  -> D-Gluconate 
GLCOAS	Glutaryl-CoA synthetase	6.2.1.6	ATP C10H12N5O13P3 + Coenzyme A + Glutarate  -> ADP C10H12N5O10P2 + Glutaryl-CoA mitochondria + Phosphate 
GLCOASYNT	Glutaryl CoAdihydrolipoamide S succinyltransferase	2.3.1.61	S-Glutaryldihydrolipoamide + Coenzyme A  <=> Dihydrolipoamide C8H17NOS2 + Glutaryl-CoA mitochondria 
GLCRAL	5-dehydro-4-deoxyglucarate aldolase	4.1.2.20	5-Dehydro-4-deoxy-D-glucarate  -> 2-Hydroxy-3-oxopropanoate + Pyruvate 
GLCRD	Glucarate dehydratase	4.2.1.40	D-Glucarate  -> 5-Dehydro-4-deoxy-D-glucarate + H2O H2O 
GLCRt2r	D-glucarate transport via proton symport, reversible		D-Glucarate + H+  -> D-Glucarate + H+ 
GLCRt2rpp	D-glucarate transport via proton symport, reversible (periplasm)		D-Glucarate + H+  -> D-Glucarate + H+ 
GLCRtex	D-glucarate transport via diffusion (extracellular to periplasm)		D-Glucarate  -> D-Glucarate 
GLCS3_1	Glycogen synthase  ADPGlc   4 units		4 ADPglucose C16H23N5O15P2  -> 4 ADP C10H12N5O10P2 + Glycogen  4 units  linear glucan + 4 H+ 
GLCUR1Ptex	D-glucuronate 1-phosphate transport via diffusion (extracellular to periplasm)		D-Glucuronate 1-phosphate  -> D-Glucuronate 1-phosphate 
GLCURS1	Alpha-glucuronidase, de-branching xylan		H2O H2O + Xylan (4 backbone units, 1 glcur side chain)  <=> D-Glucuronate + Xylotetraose 
GLCURt2r	D-glucuronate transport via proton symport, reversible		D-Glucuronate + H+  -> D-Glucuronate + H+ 
GLCURt2rpp	D-glucuronate transport via proton symport, reversible (periplasm)		D-Glucuronate + H+  -> D-Glucuronate + H+ 
GLCURtex	D-glucuronat transport via diffusion (extracellular to periplasm)		D-Glucuronate  -> D-Glucuronate 
GLCabc	D-glucose transport via ABC system	3.6.3.17	ATP C10H12N5O13P3 + D-Glucose + H2O H2O  -> ADP C10H12N5O10P2 + D-Glucose + H+ + Phosphate 
GLCabcpp	D-glucose transport via ABC system (periplasm)	3.6.3.17	ATP C10H12N5O13P3 + D-Glucose + H2O H2O  -> ADP C10H12N5O10P2 + D-Glucose + H+ + Phosphate 
GLCpts	D-glucose transport via PEP:Pyr PTS		D-Glucose + Phosphoenolpyruvate  -> D-Glucose 6-phosphate + Pyruvate 
GLCptspp	D-glucose transport via PEP:Pyr PTS (periplasm)		D-Glucose + Phosphoenolpyruvate  -> D-Glucose 6-phosphate + Pyruvate 
GLCt2pp	D-glucose transport in via proton symport (periplasm)		D-Glucose + H+  -> D-Glucose + H+ 
GLCtex	Glucose transport via diffusion (extracellular to periplasm)		D-Glucose  -> D-Glucose 
GLDBRAN2	Glycogen debranching enzyme (bglycogen -> glycogen)	2.4.1.18	Branching glycogen  -> Glycogen C6H10O5 
GLDBRAN3	Glycogen debranching enzyme  bglyg4n   glyg4n		Branching glycogen  4 units  -> Glycogen  4 units  linear glucan 
GLGC	Glucose-1-phosphate adenylyltransferase	2.7.7.27	ATP C10H12N5O13P3 + D-Glucose 1-phosphate + H+  -> ADPglucose C16H23N5O15P2 + Diphosphate 
GLNS	Glutamine synthetase	6.3.1.2	ATP C10H12N5O13P3 + L-Glutamate + Ammonium  -> ADP C10H12N5O10P2 + L-Glutamine + H+ + Phosphate 
GLNabc	L-glutamine transport via ABC system	3.6.3.21	ATP C10H12N5O13P3 + L-Glutamine + H2O H2O  -> ADP C10H12N5O10P2 + L-Glutamine + H+ + Phosphate 
GLNabcpp	L-glutamine transport via ABC system (periplasm)	3.6.3.21	ATP C10H12N5O13P3 + L-Glutamine + H2O H2O  -> ADP C10H12N5O10P2 + L-Glutamine + H+ + Phosphate 
GLNtex	L-glutamine transport via diffusion (extracellular to periplasm)		L-Glutamine  -> L-Glutamine 
GLTPD	Galactitol-1-phosphate dehydrogenase	1.1.1.251; 1.1.1.M6	Galactitol 1-phosphate + Nicotinamide adenine dinucleotide  <=> H+ + Nicotinamide adenine dinucleotide - reduced + D-Tagatose 6-phosphate 
GLU5K	Glutamate 5-kinase	2.7.2.11	ATP C10H12N5O13P3 + L-Glutamate  -> ADP C10H12N5O10P2 + L-Glutamate 5-phosphate 
GLUABUTt7pp	4-aminobutyrate/glutamate antiport (periplasm)		4-Aminobutanoate + L-Glutamate  <=> 4-Aminobutanoate + L-Glutamate 
GLUCYS	Gamma-glutamylcysteine synthetase	6.3.2.2	ATP C10H12N5O13P3 + L-Cysteine + L-Glutamate  -> ADP C10H12N5O10P2 + Gamma-L-Glutamyl-L-cysteine + H+ + Phosphate 
GLUDC	Glutamate Decarboxylase	4.1.1.15	L-Glutamate + H+  -> 4-Aminobutanoate + CO2 CO2 
GLUDxi	Glutamate dehydrogenase  NAD	1.4.1.2; 1.4.1.3; 1.4.1.4	L-Glutamate + H2O H2O + Nicotinamide adenine dinucleotide  <=> 2-Oxoglutarate + H+ + Nicotinamide adenine dinucleotide - reduced + Ammonium 
GLUDy	Glutamate dehydrogenase (NADP)	1.4.1.13; 1.4.1.3; 1.4.1.4	L-Glutamate + H2O H2O + Nicotinamide adenine dinucleotide phosphate  -> 2-Oxoglutarate + H+ + Nicotinamide adenine dinucleotide phosphate - reduced + Ammonium 
GLUN	Glutaminase	1.4.1.13; 1.4.7.1; 3.5.1.2; 3.5.1.38; 4.3.3.6; 6.3.4.2; 6.3.5.2; 6.3.5.4; 6.3.5.5	L-Glutamine + H2O H2O  -> L-Glutamate + Ammonium 
GLUPRT	Glutamine phosphoribosyldiphosphate amidotransferase	2.4.2.14	L-Glutamine + H2O H2O + 5-Phospho-alpha-D-ribose 1-diphosphate  -> L-Glutamate + Diphosphate + 5-Phospho-beta-D-ribosylamine 
GLUR	Glutamate racemase	5.1.1.3	D-Glutamate  <=> L-Glutamate 
GLUSy	Glutamate synthase (NADPH)	1.4.1.13	2-Oxoglutarate + L-Glutamine + H+ + Nicotinamide adenine dinucleotide phosphate - reduced  -> 2 L-Glutamate + Nicotinamide adenine dinucleotide phosphate 
GLUTCOADHc	Glutaryl-CoA dehydrogenase (citosol)	1.3.8.6; 1.3.99.7	Flavin adenine dinucleotide oxidized + Glutaryl-CoA mitochondria + H+  -> Crotonoyl-CoA + CO2 CO2 + Flavin adenine dinucleotide reduced 
GLUTRR	Glutamyl-tRNA reductase	1.2.1.70	L-Glutamyl-tRNA(Glu) + H+ + Nicotinamide adenine dinucleotide phosphate - reduced  -> L-Glutamate 1-semialdehyde + Nicotinamide adenine dinucleotide phosphate + TRNA (Glu) 
GLUTRS	Glutamyl-tRNA synthetase	6.1.1; 6.1.1.17; 6.1.1.24	ATP C10H12N5O13P3 + L-Glutamate + TRNA (Glu)  -> AMP C10H12N5O7P + L-Glutamyl-tRNA(Glu) + Diphosphate 
GLUabc	L-glutamate transport via ABC system	3.6.3.21	ATP C10H12N5O13P3 + L-Glutamate + H2O H2O  -> ADP C10H12N5O10P2 + L-Glutamate + H+ + Phosphate 
GLUabcpp	L-glutamate transport via ABC system (periplasm)	3.6.3.21	ATP C10H12N5O13P3 + L-Glutamate + H2O H2O  -> ADP C10H12N5O10P2 + L-Glutamate + H+ + Phosphate 
GLUt2rpp	L-glutamate transport via proton symport, reversible (periplasm)		L-Glutamate + H+  -> L-Glutamate + H+ 
GLUt4	Na+/glutamate symport		L-Glutamate + Sodium  -> L-Glutamate + Sodium 
GLUtex	L-glutamate transport via diffusion (extracellular to periplasm)		L-Glutamate  -> L-Glutamate 
GLXCBL	Glyoxalate carboligase	4.1.1.47	2 Glyoxylate + H+  -> 2 Hydroxy 3 oxopropanoate C3H3O4 + CO2 CO2 
GLXO3r	Glyoxylate dehydrogenase	1.2.3.5	Glyoxylate + H2O H2O + O2 O2  -> Hydrogen peroxide + H+ + Oxalate 
GLYALDDr	D-Glyceraldehyde dehydrogenase	1.2.1.3	D-Glyceraldehyde + H2O H2O + Nicotinamide adenine dinucleotide  -> (R)-Glycerate + 2 H+ + Nicotinamide adenine dinucleotide - reduced 
GLYALDtex	Glyceraldehyde transport via diffusion (extracellular to periplasm)		D-Glyceraldehyde  -> D-Glyceraldehyde 
GLYALDtpp	Glyceraldehyde facilitated diffusion (periplasm)		D-Glyceraldehyde  -> D-Glyceraldehyde 
GLYAT	Glycine C-acetyltransferase	2.3.1.29; 2.3.1.37	Acetyl-CoA + Glycine  <=> L-2-Amino-3-oxobutanoate + Coenzyme A 
GLYBACT1r	Glycine betaine CoA C acetyltransferase		Coenzyme A + 3 dehydrocarnitine coenzyme A  <=> Acetyl-CoA + Glycine betaine coenzyme A 
GLYBCOAT	Glycine betaine CoA thioesterase		Glycine betaine coenzyme A + H2O H2O  -> Coenzyme A + Glycine betaine + H+ 
GLYBabc	Glycine betaine transport via ABC system		ATP C10H12N5O13P3 + Glycine betaine + H2O H2O  -> ADP C10H12N5O10P2 + Glycine betaine + H+ + Phosphate 
GLYBabcpp	Glycine betaine transport via ABC system (periplasm)		ATP C10H12N5O13P3 + Glycine betaine + H2O H2O  -> ADP C10H12N5O10P2 + Glycine betaine + H+ + Phosphate 
GLYBt2pp	Glycine betaine transport via proton symport (periplasm)		Glycine betaine + H+  -> Glycine betaine + H+ 
GLYBt3pp	Glycine betaine transport via proton antiport (periplasm)		Glycine betaine + H+  -> Glycine betaine + H+ 
GLYBtex	Glycine betaine transport via diffusion (extracellular to periplasm)		Glycine betaine  -> Glycine betaine 
GLYBti4pp	Betaine transport  sodium symport		Glycine betaine + Sodium  -> Glycine betaine + Sodium 
GLYC2Pabcpp	Sn-Glycerol 2-phosphate transport via ABC system (periplasm)		ATP C10H12N5O13P3 + Glycerol 2-phosphate + H2O H2O  -> ADP C10H12N5O10P2 + Glycerol 2-phosphate + H+ + Phosphate 
GLYC2Ptex	Glycerol-2-phosphate transport via diffusion (extracellular to periplasm)		Glycerol 2-phosphate  -> Glycerol 2-phosphate 
GLYC3Pabc	Sn-Glycerol 3-phosphate transport via ABC system	3.6.3.20	ATP C10H12N5O13P3 + Glycerol 3-phosphate + H2O H2O  -> ADP C10H12N5O10P2 + Glycerol 3-phosphate + H+ + Phosphate 
GLYC3Pabcpp	Sn-Glycerol 3-phosphate transport via ABC system (periplasm)	3.6.3.20	ATP C10H12N5O13P3 + Glycerol 3-phosphate + H2O H2O  -> ADP C10H12N5O10P2 + Glycerol 3-phosphate + H+ + Phosphate 
GLYC3Pt6pp	Glycerol-3-phosphate : phosphate antiporter (periplasm)		Glycerol 3-phosphate + Phosphate  -> Glycerol 3-phosphate + Phosphate 
GLYC3Ptex	Glycerol-3-phosphate transport via diffusion (extracellular to periplasm)		Glycerol 3-phosphate  -> Glycerol 3-phosphate 
GLYCAt2rpp	D-glycerate transport via proton symport, reversible (periplasm)		(R)-Glycerate + H+  -> (R)-Glycerate + H+ 
GLYCAtex	D-glycerate transport via diffusion (extracellular to periplasm)		(R)-Glycerate  -> (R)-Glycerate 
GLYCDx	Glycerol dehydrogenase	1.1.1.6	Glycerol + Nicotinamide adenine dinucleotide  -> Dihydroxyacetone + H+ + Nicotinamide adenine dinucleotide - reduced 
GLYCK	Glycerate kinase	2.7.1.31	ATP C10H12N5O13P3 + (R)-Glycerate  -> 3-Phospho-D-glycerate + ADP C10H12N5O10P2 + H+ 
GLYCK2	Glycerate kinase	2.7.1.165; 2.7.1.31	ATP C10H12N5O13P3 + (R)-Glycerate  -> D-Glycerate 2-phosphate + ADP C10H12N5O10P2 + H+ 
GLYCL	Glycine Cleavage System	1.4.4.2; 1.8.1.4; 2.1.2.10	Glycine + Nicotinamide adenine dinucleotide + 5,6,7,8-Tetrahydrofolate  -> CO2 CO2 + 5,10-Methylenetetrahydrofolate + Nicotinamide adenine dinucleotide - reduced + Ammonium 
GLYCLTDx	Glycolate dehydrogenase (NAD)	1.1.1.26; 1.1.1.29; 1.1.1.79	Glyoxylate + H+ + Nicotinamide adenine dinucleotide - reduced  -> Glycolate C2H3O3 + Nicotinamide adenine dinucleotide 
GLYCLTDy	Glycolate dehydrogenase (NADP)	1.1.1.79	Glyoxylate + H+ + Nicotinamide adenine dinucleotide phosphate - reduced  -> Glycolate C2H3O3 + Nicotinamide adenine dinucleotide phosphate 
GLYCLTt2rpp	Glycolate transport via proton symport, reversible (periplasm)		Glycolate C2H3O3 + H+  -> Glycolate C2H3O3 + H+ 
GLYCLTt4pp	Glycolate transport via sodium symport (periplasm)		Glycolate C2H3O3 + Sodium  -> Glycolate C2H3O3 + Sodium 
GLYCLTtex	Glycolate transport via diffusion (extracellular to periplasm)		Glycolate C2H3O3  -> Glycolate C2H3O3 
GLYCL_2	Glycine cleavage system, cytosol	1.4.4.2; 1.8.1.4; 2.1.2.10	CO2 CO2 + 5,10-Methylenetetrahydrofolate + Nicotinamide adenine dinucleotide - reduced + Ammonium  -> Glycine + Nicotinamide adenine dinucleotide + 5,6,7,8-Tetrahydrofolate 
GLYCTO1	Glycolate oxidase	1.1.3.15	Glycolate C2H3O3 + O2 O2  -> Glyoxylate + Hydrogen peroxide 
GLYCTO3	Glycolate oxidase		Glycolate C2H3O3 + Menaquinone 8  -> Glyoxylate + Menaquinol 8 
GLYCYSAP	Gly-Cys aminopeptidase		Gly-Cys + H2O H2O  <=> L-Cysteine + Glycine + H+ 
GLYCYSabc	Gly-Cys ABC transporters		ATP C10H12N5O13P3 + Gly-Cys + H2O H2O  -> ADP C10H12N5O10P2 + Gly-Cys + Phosphate 
GLYCtex	Glycerol transport via diffusion (extracellular to periplasm)		Glycerol  -> Glycerol 
GLYCtpp	Glycerol transport via channel (periplasm)		Glycerol  -> Glycerol 
GLYGLNtr	Dipeptide transport via ABC system gly-gln		ATP C10H12N5O13P3 + Gly-Gln + H2O H2O  -> ADP C10H12N5O10P2 + Gly-Gln + H+ + Phosphate 
GLYGLYCNc	Hydrolysis of glycylycine for uptake		Glycylglycine C4H8N2O3 + H2O H2O  -> 2 Glycine 
GLYGLYabcpp	L Glycinilglycine  Gly Gly  transport via ABC system  periplasm		ATP C10H12N5O13P3 + Glycylglycine C4H8N2O3 + H2O H2O  -> ADP C10H12N5O10P2 + Glycylglycine C4H8N2O3 + H+ + Phosphate 
GLYGLYtex	L Glycinylglycine transport via diffusion  extracellular to periplasm		Glycylglycine C4H8N2O3  -> Glycylglycine C4H8N2O3 
GLYK	Glycerol kinase	2.7.1.30	ATP C10H12N5O13P3 + Glycerol  -> ADP C10H12N5O10P2 + Glycerol 3-phosphate + H+ 
GLYLEUAP	Gly-Leu aminopeptidase		Gly-Leu + H2O H2O  <=> Glycine + H+ + L-Leucine 
GLYLEUtr	Gly-Leu ABC transporters		ATP C10H12N5O13P3 + Gly-Leu + H2O H2O  -> ADP C10H12N5O10P2 + Gly-Leu + Phosphate 
GLYMETtr	Dipeptide transport via ABC system gly-met		ATP C10H12N5O13P3 + Gly-Met + H2O H2O  -> ADP C10H12N5O10P2 + Gly-Met + H+ + Phosphate 
GLYOX	Hydroxyacylglutathione hydrolase	3.1.2.6	H2O H2O + (R)-S-Lactoylglutathione  -> Reduced glutathione + H+ + D-Lactate 
GLYOX3	Glyoxalase III	4.2.1.130	H2O H2O + Methylglyoxal  -> H+ + D-Lactate 
GLYPHEAP	Gly-Phe aminopeptidase		Gly-Phe + H2O H2O  <=> Glycine + H+ + L-Phenylalanine 
GLYPHEtr	Gly-Phe ABC transporters		ATP C10H12N5O13P3 + Gly-Phe + H2O H2O  -> ADP C10H12N5O10P2 + Gly-Phe + Phosphate 
GLYTYRAP	Gly-Try aminopeptidase		Gly-Tyr + H2O H2O  <=> Glycine + H+ + L-Tyrosine 
GLYTYRabc	Gly-Try ABC transporters		ATP C10H12N5O13P3 + Gly-Tyr + H2O H2O  -> ADP C10H12N5O10P2 + Gly-Tyr + Phosphate 
GLYabc	Glycine transport via ABC system		ATP C10H12N5O13P3 + Glycine + H2O H2O  -> ADP C10H12N5O10P2 + Glycine + H+ + Phosphate 
GLYabcpp	Glycine transport via ABC system		ATP C10H12N5O13P3 + Glycine + H2O H2O  -> ADP C10H12N5O10P2 + Glycine + H+ + Phosphate 
GLYt2pp	Glycine transport in via proton symport (periplasm)		Glycine + H+  -> Glycine + H+ 
GLYt4pp	Glycine transport in via sodium symport (periplasm)		Glycine + Sodium  -> Glycine + Sodium 
GLYtex	Glycine transport via diffusion (extracellular to periplasm)		Glycine  -> Glycine 
GLYtpp	Glycine transport via facillitated diffusion		Glycine  -> Glycine 
GMPR	GMP reductase	1.7.1.7	GMP C10H12N5O8P + 2 H+ + Nicotinamide adenine dinucleotide phosphate - reduced  -> IMP C10H11N4O8P + Nicotinamide adenine dinucleotide phosphate + Ammonium 
GMPS	GMP synthase	6.3.5.2	ATP C10H12N5O13P3 + Ammonium + Xanthosine 5'-phosphate  -> AMP C10H12N5O7P + GMP C10H12N5O8P + 2 H+ + Diphosphate 
GMPS2	GMP synthase	6.3.5.2	ATP C10H12N5O13P3 + L-Glutamine + H2O H2O + Xanthosine 5'-phosphate  -> AMP C10H12N5O7P + L-Glutamate + GMP C10H12N5O8P + 2 H+ + Diphosphate 
GMPtex	GMP transport via diffusion (extracellular to periplasm)		GMP C10H12N5O8P  -> GMP C10H12N5O8P 
GND	Phosphogluconate dehydrogenase	1.1.1.351; 1.1.1.44	6-Phospho-D-gluconate + Nicotinamide adenine dinucleotide phosphate  -> CO2 CO2 + Nicotinamide adenine dinucleotide phosphate - reduced + D-Ribulose 5-phosphate 
GNK	Gluconokinase	2.7.1.12	ATP C10H12N5O13P3 + D-Gluconate  -> 6-Phospho-D-gluconate + ADP C10H12N5O10P2 + H+ 
GNP	Phosphogluconate phosphatase		6-Phospho-D-gluconate + H2O H2O  -> D-Gluconate + Phosphate 
GPDDA1	Glycerophosphodiester phosphodiesterase (Glycerophosphocholine)	3.1.4.2; 3.1.4.46	Sn-Glycero-3-phosphocholine + H2O H2O  -> Choline C5H14NO + Glycerol 3-phosphate + H+ 
GPDDA1pp	Glycerophosphodiester phosphodiesterase (Glycerophosphocholine)	3.1.4.2; 3.1.4.46	Sn-Glycero-3-phosphocholine + H2O H2O  -> Choline C5H14NO + Glycerol 3-phosphate + H+ 
GPDDA2	Glycerophosphodiester phosphodiesterase (Glycerophosphoethanolamine)	3.1.4.2; 3.1.4.46	Sn-Glycero-3-phosphoethanolamine + H2O H2O  -> Ethanolamine + Glycerol 3-phosphate + H+ 
GPDDA2pp	Glycerophosphodiester phosphodiesterase (Glycerophosphoethanolamine)	3.1.4.2; 3.1.4.46	Sn-Glycero-3-phosphoethanolamine + H2O H2O  -> Ethanolamine + Glycerol 3-phosphate + H+ 
GPDDA3	Glycerophosphodiester phosphodiesterase (Glycerophosphoserine)	3.1.4.46	Glycerophosphoserine + H2O H2O  -> Glycerol 3-phosphate + H+ + L-Serine 
GPDDA3pp	Glycerophosphodiester phosphodiesterase (Glycerophosphoserine)	3.1.4.46	Glycerophosphoserine + H2O H2O  -> Glycerol 3-phosphate + H+ + L-Serine 
GPDDA4	Glycerophosphodiester phosphodiesterase (Glycerophosphoglycerol)	3.1.4.46	Glycerophosphoglycerol + H2O H2O  -> Glycerol 3-phosphate + Glycerol + H+ 
GPDDA4pp	Glycerophosphodiester phosphodiesterase (Glycerophosphoglycerol)	3.1.4.46	Glycerophosphoglycerol + H2O H2O  -> Glycerol 3-phosphate + Glycerol + H+ 
GPDDA5	Glycerophosphodiester phosphodiesterase (Glycerophosphoinositol)	3.1.4.44	Sn-Glycero-3-phospho-1-inositol + H2O H2O  -> Glycerol 3-phosphate + H+ + Myo-Inositol 
GPDDA5pp	Glycerophosphodiester phosphodiesterase (Glycerophosphoinositol)	3.1.4.44	Sn-Glycero-3-phospho-1-inositol + H2O H2O  -> Glycerol 3-phosphate + H+ + Myo-Inositol 
GRTT	Geranyltranstransferase	2.5.1.10	Geranyl diphosphate + Isopentenyl diphosphate  -> Farnesyl diphosphate + Diphosphate 
GRXR	Glutaredoxin reductase	1.8.4.2	Glutaredoxin (oxidized) + 2 Reduced glutathione  -> Glutaredoxin (reduced) + Oxidized glutathione 
GSEALD	GSEALD		L-Glutamate + 2 H+ + Nicotinamide adenine dinucleotide phosphate - reduced  <=> L-Glutamate 1-semialdehyde + H2O H2O + Nicotinamide adenine dinucleotide phosphate 
GSNK	Guanosine kinase	2.7.1.73	ATP C10H12N5O13P3 + Guanosine  -> ADP C10H12N5O10P2 + GMP C10H12N5O8P + H+ 
GSNt2pp	Guanosine transport in via proton symport (periplasm)		Guanosine + H+  -> Guanosine + H+ 
GSNt3pp	Guanosine transport out via proton antiport (periplasm)		Guanosine + H+  -> Guanosine + H+ 
GSNtex	Guanosine transport via diffusion (extracellular to periplasm)		Guanosine  -> Guanosine 
GSPMDA	Glutathionylspermidine amidase	3.5.1.-; 3.5.1.78	Glutathionylspermidine + H2O H2O  -> Reduced glutathione + Spermidine 
GSPMDS	Glutathionylspermidine synthetase	6.3.1.8; 6.3.1.9	ATP C10H12N5O13P3 + Reduced glutathione + Spermidine  -> ADP C10H12N5O10P2 + Glutathionylspermidine + H+ + Phosphate 
GTHOr	Glutathione oxidoreductase	1.8.1.7	Oxidized glutathione + H+ + Nicotinamide adenine dinucleotide phosphate - reduced  <=> 2 Reduced glutathione + Nicotinamide adenine dinucleotide phosphate 
GTHPi	Glutathione peridoxase	1.11.1.9	2 Reduced glutathione + Hydrogen peroxide  -> Oxidized glutathione + 2 H2O H2O 
GTHRDH_syn	Glutathione hydralase (periplasmic)	3.4.19; 3.4.19.13	Reduced glutathione + H2O H2O  -> Cys Gly C5H10N2O3S + L-Glutamate 
GTHRDHpp	Glutathione hydralase (periplasmic)	3.4.19; 3.4.19.13	Reduced glutathione + H2O H2O  -> Cys Gly C5H10N2O3S + L-Glutamate 
GTHRDabc2pp	Glutathione export via ABC system (cytoplasm to periplasm)		ATP C10H12N5O13P3 + Reduced glutathione + H2O H2O  -> ADP C10H12N5O10P2 + Reduced glutathione + H+ + Phosphate 
GTHRDabcpp	Reduced glutathione via ABC system (periplasm)		ATP C10H12N5O13P3 + Reduced glutathione + H2O H2O  -> ADP C10H12N5O10P2 + Reduced glutathione + H+ + Phosphate 
GTHRDt2_1	Glutathione transport		ATP C10H12N5O13P3 + Reduced glutathione + H2O H2O  -> ADP C10H12N5O10P2 + Reduced glutathione + H+ + Phosphate 
GTHRDtex	Glutathione transport via diffusion (extracellular to periplasm)		Reduced glutathione  -> Reduced glutathione 
GTHS	Glutathione synthetase	6.3.2.3	ATP C10H12N5O13P3 + Gamma-L-Glutamyl-L-cysteine + Glycine  -> ADP C10H12N5O10P2 + Reduced glutathione + H+ + Phosphate 
GTPCI	GTP cyclohydrolase I	3.5.4.16	GTP C10H12N5O14P3 + H2O H2O  -> 2-Amino-4-hydroxy-6-(erythro-1,2,3-trihydroxypropyl)dihydropteridine triphosphate + Formate + H+ 
GTPCII2	GTP cyclohydrolase II (25drapp)	3.5.4.25	GTP C10H12N5O14P3 + 3 H2O H2O  -> 2,5-Diamino-6-(ribosylamino)-4-(3H)-pyrimidinone 5'-phosphate + Formate + 2 H+ + Diphosphate 
GTPDPDP	Guanosine-5'-triphosphate,3'-diphosphate diphosphatase	3.6.1.11; 3.6.1.40	Guanosine 3'-diphosphate 5'-triphosphate + H2O H2O  -> H+ + Phosphate + Guanosine 3',5'-bis(diphosphate) 
GTPDPK	GTP diphosphokinase	2.7.6.5	ATP C10H12N5O13P3 + GTP C10H12N5O14P3  -> AMP C10H12N5O7P + Guanosine 3'-diphosphate 5'-triphosphate + H+ 
GTPHs	GTP amine hydrolysis (spontaneous)		GTP C10H12N5O14P3 + H2O H2O + H+  -> Ammonium + XTP 
GTPtex	GTP transport via diffusion (extracellular to periplasm)		GTP C10H12N5O14P3  -> GTP C10H12N5O14P3 
GUACYC	Guanylate cyclase	4.6.1.1; 4.6.1.2	GTP C10H12N5O14P3  -> 3',5'-Cyclic GMP + Diphosphate 
GUAPRT	Guanine phosphoribosyltransferase	2.4.2.22; 2.4.2.7; 2.4.2.8	Guanine + 5-Phospho-alpha-D-ribose 1-diphosphate  -> GMP C10H12N5O8P + Diphosphate 
GUAt	Guanine transport		Guanine  <=> Guanine 
GUAt2pp	Guanine transport in via proton symport (periplasm)		Guanine + H+  -> Guanine + H+ 
GUAtex	Guanine transport via diffusion (extracellular to periplasm)		Guanine  -> Guanine 
GUAtpp	Guanine transport via diffusion (periplasm)		Guanine  -> Guanine 
GUI1	Glucuronate isomerase (D-glucuronate)	5.3.1.12	D-Glucuronate  <=> D-Fructuronate 
GUI2	Glucuronate isomerase (D-galacturonate)	5.3.1.12	D-Galacturonate  <=> D-Tagaturonate 
GULNLR	L-gulonate reductase	1.1.1.380	L-gulonate + 2 Nicotinamide adenine dinucleotide  -> D-Fructuronate + 2 Nicotinamide adenine dinucleotide - reduced 
GULNLtex	L-gulonate transport		L-gulonate  -> L-gulonate 
GULNLtpp	L-gulonate transport		L-gulonate + H+  -> L-gulonate + H+ 
GUR1PPpp	Glucuronate 1-phosphate phosphatase (periplasm)		D-Glucuronate 1-phosphate + H2O H2O  -> D-Glucuronate + Phosphate 
H2CO3D	Carboxylic acid dissociation		CO2 CO2 + H2O H2O  -> Carbonic acid 
H2CO3D2	Carboxylic acid dissociation		H+ + Bicarbonate  -> Carbonic acid 
H2O2tex	Hydrogen peroxide transport via diffusion (external)		Hydrogen peroxide  -> Hydrogen peroxide 
H2Ot	H2O transport via diffusion		H2O H2O  <=> H2O H2O 
H2Otex	H2O transport via diffusion (extracellular to periplasm)		H2O H2O  -> H2O H2O 
H2Otpp	H2O transport via diffusion (periplasm)		H2O H2O  -> H2O H2O 
H2St1pp	H2s transport (periplasm)		Hydrogen sulfide  -> Hydrogen sulfide 
H2Stex	H2s transport via diffusion (extracellular to periplasm)		Hydrogen sulfide  -> Hydrogen sulfide 
H2tex	Hydrogen transport via diffusion (extracellular to periplasm)		Hydrogen  -> Hydrogen 
HACD1	3-hydroxyacyl-CoA dehydrogenase (acetoacetyl-CoA)	1.1.1.35	Acetoacetyl-CoA + H+ + Nicotinamide adenine dinucleotide - reduced  <=> (S)-3-Hydroxybutanoyl-CoA + Nicotinamide adenine dinucleotide 
HACD1i	3-hydroxyacyl-CoA dehydrogenase (acetoacetyl-CoA)	1.1.1.35	(S)-3-Hydroxybutanoyl-CoA + Nicotinamide adenine dinucleotide  -> Acetoacetyl-CoA + H+ + Nicotinamide adenine dinucleotide - reduced 
HACD2	3-hydroxyacyl-CoA dehydrogenase (3-oxohexanoyl-CoA)	1.1.1.211; 1.1.1.35	3-Oxohexanoyl-CoA + H+ + Nicotinamide adenine dinucleotide - reduced  <=> (S)-3-Hydroxyhexanoyl-CoA + Nicotinamide adenine dinucleotide 
HACD2i	3-hydroxyacyl-CoA dehydrogenase (3-oxohexanoyl-CoA)	1.1.1.211; 1.1.1.35	(S)-3-Hydroxyhexanoyl-CoA + Nicotinamide adenine dinucleotide  -> 3-Oxohexanoyl-CoA + H+ + Nicotinamide adenine dinucleotide - reduced 
HACD3	3-hydroxyacyl-CoA dehydrogenase (3-oxooctanoyl-CoA)	1.1.1.211; 1.1.1.35	3-Oxooctanoyl-CoA + H+ + Nicotinamide adenine dinucleotide - reduced  -> (S)-3-Hydroxyoctanoyl-CoA + Nicotinamide adenine dinucleotide 
HACD3i	3-hydroxyacyl-CoA dehydrogenase (3-oxooctanoyl-CoA)	1.1.1.211; 1.1.1.35	(S)-3-Hydroxyoctanoyl-CoA + Nicotinamide adenine dinucleotide  -> 3-Oxooctanoyl-CoA + H+ + Nicotinamide adenine dinucleotide - reduced 
HACD4	3-hydroxyacyl-CoA dehydrogenase (3-oxodecanoyl-CoA)	1.1.1.211; 1.1.1.35	3-Oxodecanoyl-CoA + H+ + Nicotinamide adenine dinucleotide - reduced  <=> (S)-3-Hydroxydecanoyl-CoA + Nicotinamide adenine dinucleotide 
HACD4i	3-hydroxyacyl-CoA dehydrogenase (3-oxodecanoyl-CoA)	1.1.1.211; 1.1.1.35	(S)-3-Hydroxydecanoyl-CoA + Nicotinamide adenine dinucleotide  -> 3-Oxodecanoyl-CoA + H+ + Nicotinamide adenine dinucleotide - reduced 
HACD5	3-hydroxyacyl-CoA dehydrogenase (3-oxododecanoyl-CoA)	1.1.1.211; 1.1.1.35	3-Oxododecanoyl-CoA + H+ + Nicotinamide adenine dinucleotide - reduced  <=> (S)-3-Hydroxydodecanoyl-CoA + Nicotinamide adenine dinucleotide 
HACD5i	3-hydroxyacyl-CoA dehydrogenase (3-oxododecanoyl-CoA)	1.1.1.211; 1.1.1.35	(S)-3-Hydroxydodecanoyl-CoA + Nicotinamide adenine dinucleotide  -> 3-Oxododecanoyl-CoA + H+ + Nicotinamide adenine dinucleotide - reduced 
HACD6	3-hydroxyacyl-CoA dehydrogenase (3-oxotetradecanoyl-CoA)	1.1.1.211; 1.1.1.35	3-Oxotetradecanoyl-CoA + H+ + Nicotinamide adenine dinucleotide - reduced  <=> (S)-3-Hydroxytetradecanoyl-CoA + Nicotinamide adenine dinucleotide 
HACD6i	3-hydroxyacyl-CoA dehydrogenase (3-oxotetradecanoyl-CoA)	1.1.1.211; 1.1.1.35	(S)-3-Hydroxytetradecanoyl-CoA + Nicotinamide adenine dinucleotide  -> 3-Oxotetradecanoyl-CoA + H+ + Nicotinamide adenine dinucleotide - reduced 
HACD7	3-hydroxyacyl-CoA dehydrogenase (3-oxohexadecanoyl-CoA)	1.1.1.211; 1.1.1.35	3-Oxohexadecanoyl-CoA + H+ + Nicotinamide adenine dinucleotide - reduced  <=> (S)-3-Hydroxyhexadecanoyl-CoA + Nicotinamide adenine dinucleotide 
HACD7i	3-hydroxyacyl-CoA dehydrogenase (3-oxohexadecanoyl-CoA)	1.1.1.211; 1.1.1.35	(S)-3-Hydroxyhexadecanoyl-CoA + Nicotinamide adenine dinucleotide  -> 3-Oxohexadecanoyl-CoA + H+ + Nicotinamide adenine dinucleotide - reduced 
HACD8	3-hydroxyacyl-CoA dehydrogenase (3-oxooctadecanoyl-CoA), peroxisomal	1.1.1.35	3-Oxooctadecanoyl-CoA + H+ + Nicotinamide adenine dinucleotide - reduced  -> (S)-3-Hydroxyoctadecanoyl-CoA + Nicotinamide adenine dinucleotide 
HACD8i	3-hydroxyacyl-CoA dehydrogenase (3-oxooctadecanoyl-CoA)	1.1.1.35	(S)-3-Hydroxyoctadecanoyl-CoA + Nicotinamide adenine dinucleotide  -> 3-Oxooctadecanoyl-CoA + H+ + Nicotinamide adenine dinucleotide - reduced 
HADPCOADH	3-hydroxyadipyl-CoA dehydrogenase		(3S)-3-Hydroxyadipyl-CoA  -> Hydrogen + 3-Oxoadipyl-CoA 
HAMR	Hydroxylamine reductase	1.7.1.10; 1.7.99.1	2 H+ + Hydroxylamine + Nicotinamide adenine dinucleotide - reduced  <=> H2O H2O + Nicotinamide adenine dinucleotide + Ammonium 
HAMt	R_HAMt		Hydroxylamine  -> Hydroxylamine 
HBZOPT	Hydroxybenzoate octaprenyltransferase	2.5.1.39	4-Hydroxybenzoate + All-trans-Octaprenyl diphosphate  -> 3-Octaprenyl-4-hydroxybenzoate + Diphosphate 
HCINNMt2rpp	3-hydroxycinnamic acid transport via proton symport, reversible (periplasm)		3-hydroxycinnamic acid + H+  -> 3-hydroxycinnamic acid + H+ 
HCINNMtex	3-hydroxycinnamic acid transport via diffusion (extracellular to periplasm)		3-hydroxycinnamic acid  -> 3-hydroxycinnamic acid 
HCO3E	HCO3 equilibration reaction	4.2.1.1	CO2 CO2 + H2O H2O  <=> H+ + Bicarbonate 
HCO3tex	Bicarbonate transport via diffusion (extracellular to periplasm)		Bicarbonate  -> Bicarbonate 
HCYSMT	Homocysteine S-methyltransferase	2.1.1; 2.1.1.10	S-Adenosyl-L-methionine + L-Homocysteine  -> S-Adenosyl-L-homocysteine + H+ + L-Methionine 
HCYSMT2	Homocysteine Methyltransferase	2.1.1.10	L-Homocysteine + S-Methyl-L-methionine  -> H+ + 2 L-Methionine 
HDAD	MNXR76953		9,10-disecoandrosta-1(10),2-dien-4-oate + H2O H2O  -> (2Z,4Z)-2-Hydroxyhexa-2,4-dienoic acid + 3-[(3aS,4S,7aS)-7a-Methyl-1,5-dioxo-octahydro-1H-inden-4-yl]propanoic acid 
HDCAt2pp	Hexadecanoate transport via proton symport		H+ + Hexadecanoate (n-C16:0)  -> H+ + Hexadecanoate (n-C16:0) 
HDCAtexi	Hexadecanoate transport via facilitated irreversible diffusion (extracellular to periplasm)		Hexadecanoate (n-C16:0)  -> Hexadecanoate (n-C16:0) 
HDCEAtexi	Hexadecenoate transport via facilitated irreversible diffusion (extracellular to periplasm)		Hexadecenoate (n-C16:1)  -> Hexadecenoate (n-C16:1) 
HEMEOS	Heme O synthase	2.5.1.-	Farnesyl diphosphate + H2O H2O + Protoheme C34H30FeN4O4  -> Heme O C49H56FeN4O5 + Diphosphate 
HETZK	Hydroxyethylthiazole kinase	2.7.1.50	4-Methyl-5-(2-hydroxyethyl)-thiazole + ATP C10H12N5O13P3  -> 4-Methyl-5-(2-phosphoethyl)-thiazole + ADP C10H12N5O10P2 + H+ 
HEX1	Hexokinase (D-glucose:ATP)	2.7.1.1; 2.7.1.2	ATP C10H12N5O13P3 + D-Glucose  -> ADP C10H12N5O10P2 + D-Glucose 6-phosphate + H+ 
HEX7	Hexokinase (D-fructose:ATP)	2.7.1.1; 2.7.1.4	ATP C10H12N5O13P3 + D-Fructose  -> ADP C10H12N5O10P2 + D-Fructose 6-phosphate + H+ 
HG2abcpp	Mercury (Hg+2) ABC transporter (periplasm)		ATP C10H12N5O13P3 + H2O H2O + Mercury  charged 2  Hg  -> ADP C10H12N5O10P2 + H+ + Mercury  charged 2  Hg + Phosphate 
HG2t3pp	Mercury (Hg+2) transport out via proton antiport (periplasm)		H+ + Mercury  charged 2  Hg  -> H+ + Mercury  charged 2  Hg 
HG2tex	Mercury (Hg+2) transport via diffusion (extracellular to periplasm)		Mercury  charged 2  Hg  -> Mercury  charged 2  Hg 
HGt	Mercury transport		Mercury  charged 2  Hg  <=> Mercury  charged 2  Hg 
HHDDI	2-hydroxyhepta-2,4-diene-1,7-dioate isomerase		2-Hydroxyhepta-2-4-dienedioate  <=> 2-Oxohept-3-ene-1,7-dioate 
HIAA	HIAA		H2O H2O + 3-[(3aS,4S,5R,7aS)-5-hydroxy-7a-methyl-1-oxo-octahydro-1H-inden-4-yl]-3-oxopropanoyl-CoA  -> Acetyl-CoA + 3-[(3aS,4S,5R,7aS)-5-hydroxy-7a-methyl-1-oxo-octahydro-1H-indene-4-carboxylate 
HIAt	THIA Transport		3-[(3aS,4S,5R,7aS)-5-hydroxy-7a-methyl-1-oxo-octahydro-1H-indene-4-carboxylate  <=> 3-[(3aS,4S,5R,7aS)-5-hydroxy-7a-methyl-1-oxo-octahydro-1H-indene-4-carboxylate 
HIBDkt	3-hydroxyisobutyrate dehydrogenase	1.1.1.35	3-Hydroxy-2-methylpropanoate + Nicotinamide adenine dinucleotide  -> H+ + (S)-Methylmalonate semialdehyde + Nicotinamide adenine dinucleotide - reduced 
HIBHr	3 hydroxyisobutyryl CoA hydrolase	3.1.2.4	H2O H2O +  S  3 Hydroxyisobutyryl CoA C25H38N7O18P3S  -> 3-Hydroxy-2-methylpropanoate + Coenzyme A + 2 H+ 
HIPA	HIPA		H+ + 3-[(3aS,4S,7aS)-7a-Methyl-1,5-dioxo-octahydro-1H-inden-4-yl]propanoic acid + Nicotinamide adenine dinucleotide - reduced  -> 3-[(3aS,4S,7aS)-7a-Methyl-1-hydroxy-5-oxo-octahydro-1H-inden-4-yl]propanoic acid + Nicotinamide adenine dinucleotide 
HISDr	Histidase r	4.3.1.3	L-Histidine  -> Ammonium + Urocanate C6H5N2O2 
HISTD	Histidinol dehydrogenase	1.1.1.23	H2O H2O + L-Histidinol + 2 Nicotinamide adenine dinucleotide  -> 3 H+ + L-Histidine + 2 Nicotinamide adenine dinucleotide - reduced 
HISTP	Histidinol-phosphatase	3.1.3.15	H2O H2O + L-Histidinol phosphate  -> L-Histidinol + Phosphate 
HISabc	L-histidine transport via ABC system	3.6.3.21	ATP C10H12N5O13P3 + H2O H2O + L-Histidine  -> ADP C10H12N5O10P2 + H+ + L-Histidine + Phosphate 
HISabcpp	L-histidine transport via ABC system (periplasm)	3.6.3.21	ATP C10H12N5O13P3 + H2O H2O + L-Histidine  -> ADP C10H12N5O10P2 + H+ + L-Histidine + Phosphate 
HISt2rpp	L-histidine reversible transport via proton symport (periplasm)		H+ + L-Histidine  -> H+ + L-Histidine 
HIStex	L-histidine transport via diffusion (extracellular to periplasm)		L-Histidine  -> L-Histidine 
HKNDDH	2-hydroxy-6-ketonona-2,4-dienedioic acid hydrolase	3.7.1.14	H2O H2O + 2-Hydroxy-6-oxonona-2,4-diene-1,9-dioate  -> H+ + 2-Oxopent-4-enoate + Succinate 
HKNTDH	2-hydroxy-6-ketononotrienedioate hydrolase	3.7.1.14	H2O H2O + 2-hydroxy-6-ketononatrienedioate  -> Fumarate + H+ + 2-Oxopent-4-enoate 
HMBS	Hydroxymethylbilane synthase	2.5.1.61; 4.3.1.8	H2O H2O + 4 Porphobilinogen  -> Hydroxymethylbilane + 4 Ammonium 
HMGL	Hydroxymethylglutaryl-CoA lyase	4.1.3.4	Hydroxymethylglutaryl CoA C27H39N7O20P3S  -> Acetoacetate + Acetyl-CoA 
HMPK1	Hydroxymethylpyrimidine kinase (ATP)	2.7.1.49	4-Amino-5-hydroxymethyl-2-methylpyrimidine + ATP C10H12N5O13P3  -> 4-Amino-2-methyl-5-phosphomethylpyrimidine + ADP C10H12N5O10P2 + H+ 
HMPSCD	2-[hydroxy(phenyl)methyl]-succinyl-CoA dehydrogenase		(Hydroxymethylphenyl)succinyl-CoA + Nicotinamide adenine dinucleotide  <=> H+ + Nicotinamide adenine dinucleotide - reduced + O-Succinylbenzoyl-CoA 
HOMt2pp	L-homoserineserine efflux via proton symport		H+ + L-Homoserine  -> H+ + L-Homoserine 
HOMtex	L-homoserine transport via diffusion (extracellular to periplasm)		L-Homoserine  -> L-Homoserine 
HOPNTAL	4-hydroxy-2-oxopentanoate aldolase	4.1.2; 4.1.2.n4; 4.1.3.39	4-Hydroxy-2-oxopentanoate  -> Acetaldehyde + Pyruvate 
HOPNTAL2	4-hydroxy-2-oxopentanoate aldolase(p-xylene)	4.1.2; 4.1.2.n4; 4.1.3.39; 4.1.3.43	4-Hydroxy-2-oxohexanoic acid  -> Propanal + Pyruvate 
HOXPRx	2 hydroxy 3 oxopropionate reductase  NAD	1.1.1; 1.1.1.60	(R)-Glycerate + Nicotinamide adenine dinucleotide  <=> 2 Hydroxy 3 oxopropanoate C3H3O4 + H+ + Nicotinamide adenine dinucleotide - reduced 
HPAtex	4-hydroxyphenylacetate transport via diffusion (extracellular to periplasm)		4-Hydroxyphenylacetate  -> 4-Hydroxyphenylacetate 
HPPK2	6-hydroxymethyl-dihydropterin pyrophosphokinase	2.7.6.3	6-hydroxymethyl dihydropterin + ATP C10H12N5O13P3  -> 6-hydroxymethyl-dihydropterin pyrophosphate + AMP C10H12N5O7P + H+ 
HPPPNDO	2,3-dihydroxypheylpropionate 1,2-dioxygenase	1.13.11.16	3-(2,3-Dihydroxyphenyl)propanoate + O2 O2  -> H+ + 2-Hydroxy-6-oxonona-2,4-diene-1,9-dioate 
HPPPNt2rpp	3-(3-hydroxyphenyl)propionate transport via proton symport, reversible (periplasm)		3-(3-hydroxy-phenyl)propionate + H+  -> 3-(3-hydroxy-phenyl)propionate + H+ 
HPPPNtex	3-(3-hydroxyphenyl)propionate transport via diffusion (extracellular to periplasm)		3-(3-hydroxy-phenyl)propionate  -> 3-(3-hydroxy-phenyl)propionate 
HPYRP	3-phosphohydroxypyruvate phosphatase		3-Phosphohydroxypyruvate + H2O H2O  -> Hydroxypyruvate + Phosphate 
HPYRRx	Hydroxypyruvate reductase (NADH)	1.1.1.26; 1.1.1.29; 1.1.1.81	H+ + Hydroxypyruvate + Nicotinamide adenine dinucleotide - reduced  -> (R)-Glycerate + Nicotinamide adenine dinucleotide 
HPYRRy	Hydroxypyruvate reductase (NADPH)	1.1.1; 1.1.1.79; 1.1.1.81	H+ + Hydroxypyruvate + Nicotinamide adenine dinucleotide phosphate - reduced  -> (R)-Glycerate + Nicotinamide adenine dinucleotide phosphate 
HQNt6	Hydroquinone transport inout via proton symport		H+ + Hydroquinone  <=> H+ + Hydroquinone 
HSA	MNXR75761		Secophenol + Reduced FMN + O2 O2  -> 3,4-Dihydroxy-9,10-secoandrosta-1,3,5(10)-triene-9,17-dione + FMN C17H19N4O9P + H2O H2O 
HSAC	R04597		3,4-Dihydroxy-9,10-secoandrosta-1,3,5(10)-triene-9,17-dione + O2 O2  -> 9,10-disecoandrosta-1(10),2-dien-4-oate 
HSAE	R09960		H2O H2O + (2Z,4Z)-2-Hydroxyhexa-2,4-dienoic acid  -> 4-Hydroxy-2-oxohexanoic acid + H+ 
HSDy	Homoserine dehydrogenase (NADPH)	1.1.1.3	L-Homoserine + Nicotinamide adenine dinucleotide phosphate  <=> L-Aspartate 4-semialdehyde + H+ + Nicotinamide adenine dinucleotide phosphate - reduced 
HSK	Homoserine kinase	2.7.1.39	ATP C10H12N5O13P3 + L-Homoserine  -> ADP C10H12N5O10P2 + H+ + O-Phospho-L-homoserine 
HSST	Homoserine O-succinyltransferase	2.3.1.46	L-Homoserine + Succinyl-CoA  -> Coenzyme A + O-Succinyl-L-homoserine 
HSTPT	Histidinol-phosphate transaminase	2.6.1.9	L-Glutamate + 3-(Imidazol-4-yl)-2-oxopropyl phosphate  -> 2-Oxoglutarate + L-Histidinol phosphate 
HVCD	3-hydroxyacyl-CoA dehydrogenase (3-hydroxyacyl-CoA dehydrogenase (3-oxovaleryl-CoA))		3-Ocopentanoyl-CoA + H+ + Nicotinamide adenine dinucleotide - reduced  <=> 3-Hydroxypentoyl-CoA + Nicotinamide adenine dinucleotide 
HXAND	Hypoxanthine dehydrogenase	1.17.1.4	H2O H2O + Hypoxanthine + Nicotinamide adenine dinucleotide  -> H+ + Nicotinamide adenine dinucleotide - reduced + Xanthine 
HXAtex	Hexanoate transport via diffusion (extracellular to periplasm)		Hexanoate (n-C6:0)  -> Hexanoate (n-C6:0) 
HXPRT	Hypoxanthine phosphoribosyltransferase (Hypoxanthine)	2.4.2.8	Hypoxanthine + 5-Phospho-alpha-D-ribose 1-diphosphate  -> IMP C10H11N4O8P + Diphosphate 
HYD1pp	Hydrogenase (ubiquinone-8: 2 protons) (periplasm)		Hydrogen + 2 H+ + Ubiquinone-8  -> 2 H+ + Ubiquinol-8 
HYXNtex	Hypoxanthine transport via diffusion (extracellular to periplasm)		Hypoxanthine  -> Hypoxanthine 
HYXNtpp	Hypoxanthine transport (periplasm)		Hypoxanthine  -> Hypoxanthine 
Htex	Proton transport via diffusion (extracellular to periplasm)		H+  -> H+ 
IBTtex	Isobutyrate transport via diffusion (extracellular to periplasm)		Isobutyrate  -> Isobutyrate 
ICDHyr	Isocitrate dehydrogenase (NADP)	1.1.1.42	Isocitrate + Nicotinamide adenine dinucleotide phosphate  <=> 2-Oxoglutarate + CO2 CO2 + Nicotinamide adenine dinucleotide phosphate - reduced 
ICHORS	Isochorismate synthase	5.4.4.2	Chorismate  <=> Isochorismate 
ICHORT	Isochorismatase	3.3.2.1	H2O H2O + Isochorismate  -> 2,3-Dihydro-2,3-dihydroxybenzoate + Pyruvate 
ICITtex	Citrate transport via diffusion extracellular to periplasm		Isocitrate  -> Isocitrate 
ICITtupp	Isocitrate transport periplasm		Isocitrate  -> Isocitrate 
ICL	Isocitrate lyase	4.1.3.1	Isocitrate  -> Glyoxylate + Succinate 
ID3ACALDt	Indoleacetaldehyde transport  extracellular		Indole 3 acetaldehyde C10H9NO  <=> Indole 3 acetaldehyde C10H9NO 
IDOND	L-idonate 5-dehydrogenase	1.1.1.264; 1.1.1.366	5-Dehydro-D-gluconate + H+ + Nicotinamide adenine dinucleotide - reduced  <=> L-Idonate + Nicotinamide adenine dinucleotide 
IDONt2rpp	L-idonate transport via proton symport, reversible (periplasm)	3.6.3	H+ + L-Idonate  -> H+ + L-Idonate 
IDONtex	L-idonate transport via diffusion (extracellular to periplasm)		L-Idonate  -> L-Idonate 
IG3PS	Imidazole-glycerol-3-phosphate synthase	2.4.2.-; 4.1.3.-; 4.3.2.M2	L-Glutamine + 5-[(5-phospho-1-deoxyribulos-1-ylamino)methylideneamino]-1-(5-phosphoribosyl)imidazole-4-carboxamide  -> 5-Amino-1-(5-Phospho-D-ribosyl)imidazole-4-carboxamide + D-erythro-1-(Imidazol-4-yl)glycerol 3-phosphate + L-Glutamate + H+ 
IGPDH	Imidazoleglycerol-phosphate dehydratase	4.2.1.19	D-erythro-1-(Imidazol-4-yl)glycerol 3-phosphate  -> H2O H2O + 3-(Imidazol-4-yl)-2-oxopropyl phosphate 
IGPS	Indole-3-glycerol-phosphate synthase	4.1.1.48	1-(2-Carboxyphenylamino)-1-deoxy-D-ribulose 5-phosphate + H+  -> C'-(3-Indolyl)-glycerol 3-phosphate + CO2 CO2 + H2O H2O 
ILETA	Isoleucine transaminase	2.6.1.42	2-Oxoglutarate + L-Isoleucine  <=> (S)-3-Methyl-2-oxopentanoate + L-Glutamate 
ILEabc	L-isoleucine transport via ABC system		ATP C10H12N5O13P3 + H2O H2O + L-Isoleucine  -> ADP C10H12N5O10P2 + H+ + L-Isoleucine + Phosphate 
ILEabcpp	L-isoleucine transport via ABC system (periplasm)		ATP C10H12N5O13P3 + H2O H2O + L-Isoleucine  -> ADP C10H12N5O10P2 + H+ + L-Isoleucine + Phosphate 
ILEt2rpp	L-isoleucine reversible transport via proton symport (periplasm)		H+ + L-Isoleucine  -> H+ + L-Isoleucine 
ILEt3pp	L-isoleucine transport out via proton antiport (periplasm)		H+ + L-Isoleucine  -> H+ + L-Isoleucine 
ILEtex	L-isoleucine transport via diffusion (extracellular to periplasm)		L-Isoleucine  -> L-Isoleucine 
IMPC	IMP cyclohydrolase	2.1.2.3; 3.5.4.10	H2O H2O + IMP C10H11N4O8P  <=> 5-Formamido-1-(5-phospho-D-ribosyl)imidazole-4-carboxamide 
IMPD	IMP dehydrogenase	1.1.1.205	H2O H2O + IMP C10H11N4O8P + Nicotinamide adenine dinucleotide  -> H+ + Nicotinamide adenine dinucleotide - reduced + Xanthosine 5'-phosphate 
IMPtex	IMP transport via diffusion (extracellular to periplasm)		IMP C10H11N4O8P  -> IMP C10H11N4O8P 
IND3ACtex	Indole 3 acetate transport  exterior		Indole 3 acetate C10H8NO2  -> Indole 3 acetate C10H8NO2 
IND3ACtpp	Indole 3 acetic acid export  periplasm		H+ + Indole 3 acetate C10H8NO2  -> H+ + Indole 3 acetate C10H8NO2 
INDOLEt2pp	Indole transport via proton symport, irreversible (periplasm)		H+ + Indole  -> H+ + Indole 
INDOLEt2rpp	Indole transport via proton symport, reversible (periplasm)		H+ + Indole  -> H+ + Indole 
INDOLEt5	Indole transport out via proton antiport  cytosolexternal		H+ + Indole  -> H+ + Indole 
INDOLEt6	Indole transport out via proton antiport  periplasmexternal		H+ + Indole  -> H+ + Indole 
INDOLEtex	Indole transport via diffusion (extracellular to periplasm)		Indole  -> Indole 
INOSR	Ketoinositol reductase		Myo-Inositol + Nicotinamide adenine dinucleotide phosphate  <=> 2-Inosose + H+ + Nicotinamide adenine dinucleotide phosphate - reduced 
INOST_Et	Myo-Inositol transport (transport mechanism unknown - evidence from biolog data)		Myo-Inositol  <=> Myo-Inositol 
INS2D	Inositol 2-dehydrogenase	1.1.1.18	Myo-Inositol + Nicotinamide adenine dinucleotide  -> 2-Inosose + H+ + Nicotinamide adenine dinucleotide - reduced 
INSH	Inosine hydrolase	3.2.2.1; 3.2.2.2; 3.2.2.8	H2O H2O + Inosine  -> Hypoxanthine + D-Ribose 
INSK	Insosine kinase	2.7.1.73	ATP C10H12N5O13P3 + Inosine  -> ADP C10H12N5O10P2 + H+ + IMP C10H11N4O8P 
INSTabc	Inositol transport in via ABC transport		ATP C10H12N5O13P3 + H2O H2O + Myo-Inositol  -> ADP C10H12N5O10P2 + H+ + Myo-Inositol + Phosphate 
INSTtex	Inositol transport via diffusion (extracellular to periplasm)		Myo-Inositol  -> Myo-Inositol 
INSt2pp	Inosine transport in via proton symport (periplasm)		H+ + Inosine  -> H+ + Inosine 
INSt3pp	Inosine transport out via proton antiport (perisplasm)		H+ + Inosine  -> H+ + Inosine 
INStex	Inosine transport via diffusion (extracellular to periplasm)		Inosine  -> Inosine 
IPDAB	IPDAB		3-[(3aS,4S,7aS)-7a-Methyl-1-hydroxy-5-oxo-octahydro-1H-inden-4-yl]propanoic acid + ATP C10H12N5O13P3 + Coenzyme A + 3 H+  -> 5-hydroxy-3-[(3aS,4S,5R,7aS)-7a-methyl-1,5-dioxo-octahydro-1H-inden-4-yl]propanoyl-CoA + AMP C10H12N5O7P + Diphosphate 
IPDDI	Isopentenyl-diphosphate D-isomerase	5.3.3.2	Isopentenyl diphosphate  <=> Dimethylallyl diphosphate 
IPDPS	1-hydroxy-2-methyl-2-(E)-butenyl 4-diphosphate reductase (ipdp)	1.17.1.2	1-hydroxy-2-methyl-2-(E)-butenyl 4-diphosphate + H+ + Nicotinamide adenine dinucleotide - reduced  -> H2O H2O + Isopentenyl diphosphate + Nicotinamide adenine dinucleotide 
IPDPUDCT	R_IPDPUDCT		Geranylgeranyl diphosphate C20H33O7P2 + H+ + 7 Isopentenyl diphosphate  -> 7 Diphosphate + Undecaprenyl diphosphate 
IPMD	3-isopropylmalate dehydrogenase	1.1.1.85	3-Carboxy-2-hydroxy-4-methylpentanoate + Nicotinamide adenine dinucleotide  -> 3-Carboxy-4-methyl-2-oxopentanoate + H+ + Nicotinamide adenine dinucleotide - reduced 
IPPMIa	3-isopropylmalate dehydratase	4.2.1.33	3-Carboxy-2-hydroxy-4-methylpentanoate  <=> 2-Isopropylmaleate + H2O H2O 
IPPMIb	2-isopropylmalate hydratase	4.2.1.33	2-Isopropylmaleate + H2O H2O  <=> 3-Carboxy-3-hydroxy-4-methylpentanoate 
IPPS	2-isopropylmalate synthase	2.3.3.13	3-Methyl-2-oxobutanoate + Acetyl-CoA + H2O H2O  -> 3-Carboxy-3-hydroxy-4-methylpentanoate + Coenzyme A + H+ 
ISETACabcpp	Isethionate transport via ABC system (periplasm)		ATP C10H12N5O13P3 + H2O H2O + Isethionic acid  -> ADP C10H12N5O10P2 + H+ + Isethionic acid + Phosphate 
ISETACtex	Isethionate transport via diffusion (extracellular to periplasm)		Isethionic acid  -> Isethionic acid 
ISOAML	Isoamylase		Branching glycogen  4 units + H2O H2O  -> Maltotetraose 
IZPN	Imidazolonepropionase	3.5.2; 3.5.2.7	4-Imidazolone-5-propanoate + H2O H2O  -> N-Formimidoyl-L-glutamate 
IZPN_1	Imidazolonepropionase	3.5.2; 3.5.2.7	4-Imidazolone-5-propanoate + H2O H2O  -> N-Formimidoyl-L-glutamate 
KARA1	Ketol-acid reductoisomerase (2,3-dihydroxy-3-methylbutanoate)	1.1.1.383; 1.1.1.86	(R)-2,3-Dihydroxy-3-methylbutanoate + Nicotinamide adenine dinucleotide phosphate  <=> (S)-2-Acetolactate + H+ + Nicotinamide adenine dinucleotide phosphate - reduced 
KARA2	Ketol-acid reductoisomerase (2-Acetolactate)	1.1.1.86	(S)-2-Aceto-2-hydroxybutanoate + H+ + Nicotinamide adenine dinucleotide phosphate - reduced  <=> (R)-2,3-Dihydroxy-3-methylpentanoate + Nicotinamide adenine dinucleotide phosphate 
KARI_1	Ketol-acid reductoisomerase		(S)-2-Aceto-2-hydroxybutanoate  -> (R)-3-Hydroxy-3-methyl-2-oxopentanoate 
KARI_23dhmp_1	Ketol-acid reductoisomerase, (R)-2,3-Dihydroxy-3-methylpentanoate forming		(R)-3-Hydroxy-3-methyl-2-oxopentanoate + H+ + Nicotinamide adenine dinucleotide phosphate - reduced  -> (R)-2,3-Dihydroxy-3-methylpentanoate + Nicotinamide adenine dinucleotide phosphate 
KAS13	B-ketoacyl synthetase (octadecanoate)	2.3.1.41	Acetyl-CoA + 23 H+ + 8 Malonyl CoA C24H33N7O19P3S + 16 Nicotinamide adenine dinucleotide phosphate - reduced  -> 8 CO2 CO2 + 9 Coenzyme A + 7 H2O H2O + 16 Nicotinamide adenine dinucleotide phosphate + Octadecanoate (n-C18:0) 
KAS17	B-ketoacyl synthetase (n-C18:1)		Acetyl-CoA + 22 H+ + 8 Malonyl CoA C24H33N7O19P3S + 15 Nicotinamide adenine dinucleotide phosphate - reduced  -> 8 CO2 CO2 + 9 Coenzyme A + 7 H2O H2O + 15 Nicotinamide adenine dinucleotide phosphate + Octadecenoate (n-C18:1) 
KAS2	B-ketoacyl synthetase (n-C14:0)	2.3.1.41	Acetyl-CoA + 17 H+ + 6 Malonyl CoA C24H33N7O19P3S + 12 Nicotinamide adenine dinucleotide phosphate - reduced  -> 6 CO2 CO2 + 7 Coenzyme A + 5 H2O H2O + 12 Nicotinamide adenine dinucleotide phosphate + Tetradecanoate (n-C14:0) 
KAS7	B-ketoacyl synthetase (n-C16:1)		Acetyl-CoA + 19 H+ + 7 Malonyl CoA C24H33N7O19P3S + 13 Nicotinamide adenine dinucleotide phosphate - reduced  -> 7 CO2 CO2 + 8 Coenzyme A + 6 H2O H2O + Hexadecenoate (n-C16:1) + 13 Nicotinamide adenine dinucleotide phosphate 
KAS8	B-ketoacyl synthetase (palmitate, n-C16:0)	2.3.1.41; 2.3.1.85	Acetyl-CoA + 20 H+ + 7 Malonyl CoA C24H33N7O19P3S + 14 Nicotinamide adenine dinucleotide phosphate - reduced  -> 7 CO2 CO2 + 8 Coenzyme A + 6 H2O H2O + Hexadecanoate (n-C16:0) + 14 Nicotinamide adenine dinucleotide phosphate 
KAT1	3-ketoacyl-CoA thiolase	2.3.1.9	Acetoacetyl-CoA + Coenzyme A  -> 2 Acetyl-CoA 
KG6PDC	3-keto-L-gulonate 6-phosphate decarboxylase	4.1.1.85	3-keto-L-gulonate-6-phosphate + H+  -> CO2 CO2 + L-Xylulose 5-phosphate 
KSH	R09860		Androsta-1,4-diene-3,17-dione + H+ + Nicotinamide adenine dinucleotide - reduced + O2 O2  -> 9alpha-Hydroxyandrosta-1,4-diene-3,17-dione + H2O H2O + Nicotinamide adenine dinucleotide 
KSTD	MNXR85993		Androst-4-ene-3,17-dione + Nicotinamide adenine dinucleotide  -> Androsta-1,4-diene-3,17-dione + H+ + Nicotinamide adenine dinucleotide - reduced 
Kabcpp	Potassium ABC transporter (periplasm)	3.6.3.10; 3.6.3.12	ATP C10H12N5O13P3 + H2O H2O + Potassium  -> ADP C10H12N5O10P2 + H+ + Potassium + Phosphate 
Kt1	Potassium transport via uniport (facilitated diffusion)		Potassium  <=> Potassium 
Kt2pp	Potassium transport in via proton symport (periplasm)		H+ + Potassium  -> H+ + Potassium 
Kt3pp	Potassium transport out via proton antiport (periplasm)		H+ + Potassium  -> H+ + Potassium 
Ktex	Potassium transport via diffusion (extracellular to periplasm)		Potassium  -> Potassium 
LACZ	B-galactosidase	3.2.1.108; 3.2.1.23	H2O H2O + Lactose C12H22O11  -> D-Galactose + D-Glucose 
LACZpp	B-galactosidase	3.2.1.108; 3.2.1.23	H2O H2O + Lactose C12H22O11  -> D-Galactose + D-Glucose 
LACpts	Lactose transport via PEP:Pyr PTS		Lactose C12H22O11 + Phosphoenolpyruvate  <=> Lactose-6-phosphate + Pyruvate 
LADGMDH	L-alanyl-gamma-D-glutamyl-meso-diaminopimelate hydrolase		L-alanine-D-glutamate-meso-2,6-diaminoheptanedioate + H2O H2O  -> Meso-2,6-Diaminoheptanedioate + L-alanine-D-glutamate 
LALADGLUtex	L-alanyl-D-glutamate transport via diffusion (extracellular to periplasm)		L-alanine-D-glutamate  -> L-alanine-D-glutamate 
LALADGLUtpp	L-alanyl-D-glutamate transport in via proton symport (periplasm)		L-alanine-D-glutamate + H+  -> L-alanine-D-glutamate + H+ 
LALALGLUtex	L-alanyl-L-glutamate transport via diffusion (extracellular to periplasm)		L-alanine-L-glutamate  -> L-alanine-L-glutamate 
LALALGLUtpp	L-alanyl-L-glutamate transport in via proton symport (periplasm)		L-alanine-L-glutamate + H+  -> L-alanine-L-glutamate + H+ 
LALGP	L-alanyl-gamma-L-glutamate peptidase	3.4.13.18	L-alanine-L-glutamate + H2O H2O  -> L-Alanine + L-Glutamate 
LASP2OA	L-Aspartate 2-oxoglutarate aminotransferase		L-Arogenate + Oxaloacetate  <=> L-Aspartate + H+ + Prephenate 
LAT	R00457		2-Oxoglutarate + L-Lysine  <=> L 2 Aminoadipate 6 semialdehyde C6H11NO3 + L-Glutamate 
LCADi	Lactaldehyde dehydrogenase	1.2.1.22	H2O H2O + L-Lactaldehyde + Nicotinamide adenine dinucleotide  -> 2 H+ + L-Lactate + Nicotinamide adenine dinucleotide - reduced 
LCARR	Lacaldehyde reductase (R-propane-1,2-diol forming)	1.1.1.77	H+ + D-Lactaldehyde + Nicotinamide adenine dinucleotide - reduced  -> (R)-Propane-1,2-diol + Nicotinamide adenine dinucleotide 
LCARSyi	Lacaldehyde reductase (S-propane-1,2-diol forming)		H+ + L-Lactaldehyde + Nicotinamide adenine dinucleotide phosphate - reduced  -> (S)-Propane-1,2-diol + Nicotinamide adenine dinucleotide phosphate 
LCTSabc	Lactose transport via ABC system (import)		ATP C10H12N5O13P3 + H2O H2O + Lactose C12H22O11  -> ADP C10H12N5O10P2 + H+ + Lactose C12H22O11 + Phosphate 
LCTSt3ipp	Lactose transport via proton aniport (periplasm)		H+ + Lactose C12H22O11  -> H+ + Lactose C12H22O11 
LCTStex	Lactose transport via diffusion (extracellular to periplasm)		Lactose C12H22O11  -> Lactose C12H22O11 
LCTStpp	Lactose transport via proton symport (periplasm)		H+ + Lactose C12H22O11  -> H+ + Lactose C12H22O11 
LCYSTabcpp	L-cysteate transport via ABC system (periplasm)		L-Cysteate + ATP C10H12N5O13P3 + H2O H2O  -> L-Cysteate + ADP C10H12N5O10P2 + H+ + Phosphate 
LCYSTtex	L-cysteate transport via ABC system  (extracellular to periplasm)		L-Cysteate  -> L-Cysteate 
LDGUNPD	Linear diguanylate phosphodiesterase		5-Phosphoguanylyl(3->5)guanosine + H2O H2O  -> 2 GMP C10H12N5O8P + H+ 
LDH_D	D-lactate dehydrogenase	1.1.1.28	D-Lactate + Nicotinamide adenine dinucleotide  <=> H+ + Nicotinamide adenine dinucleotide - reduced + Pyruvate 
LDH_D2	D-lactate dehydrogenase		D-Lactate + Ubiquinone-8  -> Pyruvate + Ubiquinol-8 
LDH_L	L-lactate dehydrogenase	1.1.1.27	L-Lactate + Nicotinamide adenine dinucleotide  <=> H+ + Nicotinamide adenine dinucleotide - reduced + Pyruvate 
LEULEULAPc	Hydrolysis of Leucylleucine in the small intestine for cellular uptake	3.4.13	H2O H2O + Leucylleucine  <=> 2 L-Leucine 
LEULEUabcpp	L leucylleucine  leuleu  transport via ABC system  periplasm		ATP C10H12N5O13P3 + H2O H2O + Leucylleucine  -> ADP C10H12N5O10P2 + H+ + Leucylleucine + Phosphate 
LEULEUtex	Leucylleucine transport via diffusion  extracellular to periplasm		Leucylleucine  -> Leucylleucine 
LEUTAi	Leucine transaminase (irreversible)	2.6.1.42; 2.6.1.6; 2.6.1.67	4-Methyl-2-oxopentanoate + L-Glutamate  -> 2-Oxoglutarate + L-Leucine 
LEUabc	L-leucine transport via ABC system		ATP C10H12N5O13P3 + H2O H2O + L-Leucine  -> ADP C10H12N5O10P2 + H+ + L-Leucine + Phosphate 
LEUabcpp	L-leucine transport via ABC system (periplasm)		ATP C10H12N5O13P3 + H2O H2O + L-Leucine  -> ADP C10H12N5O10P2 + H+ + L-Leucine + Phosphate 
LEUt2rpp	L-leucine reversible transport via proton symport (periplasm)		H+ + L-Leucine  -> H+ + L-Leucine 
LEUt3pp	L-leucine transport out via proton antiport (periplasm)		H+ + L-Leucine  -> H+ + L-Leucine 
LEUt4rpp	L-leucine transport in via sodium symport		L-Leucine + Sodium  <=> L-Leucine + Sodium 
LEUtex	L-leucine transport via diffusion (extracellular to periplasm)		L-Leucine  -> L-Leucine 
LEVUACOAL	Levulinate CoA ligase		4 Oxopentanoate + ATP C10H12N5O13P3 + Coenzyme A  -> 4 Oxopentanoyl CoA + AMP C10H12N5O7P + Diphosphate 
LGTHL	Lactoylglutathione lyase	4.4.1.5	Reduced glutathione + Methylglyoxal  -> (R)-S-Lactoylglutathione 
LIPAMPL	Lipoyl-adenylate protein ligase		Lipoyl-AMP  -> AMP C10H12N5O7P + Lipoate (protein bound) 
LIPATPT	Lipoate-ATP adenylate transferase	2.7.7.63; 6.3.1.20	ATP C10H12N5O13P3 + H+ + Lipoate  -> Lipoyl-AMP + Diphosphate 
LIPOt2pp	Lipoate transport via proton symport (periplasm)		H+ + Lipoate  -> H+ + Lipoate 
LIPOtex	Lipoate transport via diffusion (extracellular to periplasm)		Lipoate  -> Lipoate 
LPLIPAL1A120pp	Lysophospholipase L1 (2-acylglycerophosphotidate, n-C12:0) (periplasm)	3.1.1.5	1-dodecanoyl-sn-glycerol 3-phosphate + H2O H2O  -> Dodecanoate (n-C12:0) + Glycerol 3-phosphate + H+ 
LPLIPAL1A141pp	Lysophospholipase L1 (2-acylglycerophosphotidate, n-C14:1) (periplasm)	3.1.1.5	1-tetradec-7-enoyl-sn-glycerol 3-phosphate + H2O H2O  -> Glycerol 3-phosphate + H+ + Tetradecenoate (n-C14:1) 
LPLIPAL1A161pp	Lysophospholipase L1 (2-acylglycerophosphotidate, n-C16:1) (periplasm)		1-hexadec-9-enoyl-sn-glycerol 3-phosphate + H2O H2O  -> Glycerol 3-phosphate + H+ + Hexadecenoate (n-C16:1) 
LPLIPAL1E120pp	Lysophospholipase L1 (2-acylglycerophosphoethanolamine, n-C12:0) (periplasm)		1-Acyl-sn-glycero-3-phosphoethanolamine (n-C12:0) + H2O H2O  -> Dodecanoate (n-C12:0) + Sn-Glycero-3-phosphoethanolamine + H+ 
LPLIPAL1E141pp	Lysophospholipase L1 (2-acylglycerophosphoethanolamine, n-C14:1) (periplasm)		1-Acyl-sn-glycero-3-phosphoethanolamine (n-C14:1) + H2O H2O  -> Sn-Glycero-3-phosphoethanolamine + H+ + Tetradecenoate (n-C14:1) 
LPLIPAL1E161pp	Lysophospholipase L1 (2-acylglycerophosphoethanolamine, n-C16:1) (periplasm)		1-Acyl-sn-glycero-3-phosphoethanolamine (n-C16:1) + H2O H2O  -> Sn-Glycero-3-phosphoethanolamine + H+ + Hexadecenoate (n-C16:1) 
LPLIPAL1G120pp	Lysophospholipase L1 (2-acylglycerophosphoglycerol, n-C12:0) (periplasm)		1-Acyl-sn-glycero-3-phosphoglycerol (n-C12:0) + H2O H2O  -> Dodecanoate (n-C12:0) + Glycerophosphoglycerol + H+ 
LPLIPAL1G141pp	Lysophospholipase L1 (2-acylglycerophosphoglycerol, n-C14:1) (periplasm)		1-Acyl-sn-glycero-3-phosphoglycerol (n-C14:1) + H2O H2O  -> Glycerophosphoglycerol + H+ + Tetradecenoate (n-C14:1) 
LPLIPAL1G161pp	Lysophospholipase L1 (2-acylglycerophosphoglycerol, n-C16:1) (periplasm)		1-Acyl-sn-glycero-3-phosphoglycerol (n-C16:1) + H2O H2O  -> Glycerophosphoglycerol + H+ + Hexadecenoate (n-C16:1) 
LPLIPAL2A120	Lysophospholipase L2 (2-acylglycerophosphotidate, n-C12:0)	3.1.1.5	2-dodecanoyl-sn-glycerol 3-phosphate + H2O H2O  -> Dodecanoate (n-C12:0) + Glycerol 3-phosphate + 2 H+ 
LPLIPAL2A141	Lysophospholipase L2 (2-acylglycerophosphotidate, n-C14:1)	3.1.1.5	2-tetradec-7-enoyl-sn-glycerol 3-phosphate + H2O H2O  -> Glycerol 3-phosphate + 2 H+ + Tetradecenoate (n-C14:1) 
LPLIPAL2A161	Lysophospholipase L2 (2-acylglycerophosphotidate, n-C16:1)		2-hexadec-9-enoyl-sn-glycerol 3-phosphate + H2O H2O  -> Glycerol 3-phosphate + 2 H+ + Hexadecenoate (n-C16:1) 
LPLIPAL2E120	Lysophospholipase L2 (2-acylglycerophosphoethanolamine, n-C12:0)		2-Acyl-sn-glycero-3-phosphoethanolamine (n-C12:0) + H2O H2O  -> Dodecanoate (n-C12:0) + Sn-Glycero-3-phosphoethanolamine + H+ 
LPLIPAL2E141	Lysophospholipase L2 (2-acylglycerophosphoethanolamine, n-C14:1)		2-Acyl-sn-glycero-3-phosphoethanolamine (n-C14:1) + H2O H2O  -> Sn-Glycero-3-phosphoethanolamine + H+ + Tetradecenoate (n-C14:1) 
LPLIPAL2E161	Lysophospholipase L2 (2-acylglycerophosphoethanolamine, n-C16:1)		2-Acyl-sn-glycero-3-phosphoethanolamine (n-C16:1) + H2O H2O  -> Sn-Glycero-3-phosphoethanolamine + H+ + Hexadecenoate (n-C16:1) 
LPLIPAL2G120	Lysophospholipase L2 (2-acylglycerophosphoglycerol, n-C12:0)		2-Acyl-sn-glycero-3-phosphoglycerol (n-C12:0) + H2O H2O  -> Dodecanoate (n-C12:0) + Glycerophosphoglycerol + H+ 
LPLIPAL2G141	Lysophospholipase L2 (2-acylglycerophosphoglycerol, n-C14:1)		2-Acyl-sn-glycero-3-phosphoglycerol (n-C14:1) + H2O H2O  -> Glycerophosphoglycerol + H+ + Tetradecenoate (n-C14:1) 
LPLIPAL2G161	Lysophospholipase L2 (2-acylglycerophosphoglycerol, n-C16:1)		2-Acyl-sn-glycero-3-phosphoglycerol (n-C16:1) + H2O H2O  -> Glycerophosphoglycerol + H+ + Hexadecenoate (n-C16:1) 
LSERDHr	L-serine dehydrogenase	1.1.1.276	Nicotinamide adenine dinucleotide phosphate + L-Serine  <=> 2-Aminomalonate semialdehyde + H+ + Nicotinamide adenine dinucleotide phosphate - reduced 
LTHRK	L threonine kinase	2.7.1.177	ATP C10H12N5O13P3 + L-Threonine  -> ADP C10H12N5O10P2 + H+ + L-Threonine O-3-phosphate 
LYSAM	Lysine 2,3-aminomutase	5.4.3.2	L-Lysine  <=> (3S)-3,6-Diaminohexanoate 
LYSDC	Lysine decarboxylase	4.1.1.18	H+ + L-Lysine  -> 1,5-Diaminopentane + CO2 CO2 
LYSRC	Lysine racemase	5.1.1.5; 5.1.1.9	L-Lysine  <=> D-Lysine 
LYSabc	L-lysine transport via ABC system	3.6.3.21	ATP C10H12N5O13P3 + H2O H2O + L-Lysine  -> ADP C10H12N5O10P2 + H+ + L-Lysine + Phosphate 
LYSabcpp	L-lysine transport via ABC system (periplasm)	3.6.3.21	ATP C10H12N5O13P3 + H2O H2O + L-Lysine  -> ADP C10H12N5O10P2 + H+ + L-Lysine + Phosphate 
LYSt2pp	L-lysine transport in via proton symport (periplasm)		H+ + L-Lysine  -> H+ + L-Lysine 
LYSt3pp	L-lysine transport out via proton antiport (cytoplasm to periplasm)		H+ + L-Lysine  -> H+ + L-Lysine 
LYSt3r	L lysine transport out via proton antiport reversible		H+ + L-Lysine  -> H+ + L-Lysine 
LYStex	L-lysine transport via diffusion (extracellular to periplasm)		L-Lysine  -> L-Lysine 
LYXI	Lyxose isomerase	5.3.1.-	L-Lyxose  -> L-Xylulose 
LYXt2pp	L-Lyxose transport via proton symport (periplasm)		H+ + L-Lyxose  -> H+ + L-Lyxose 
LYXtex	L-Lyxose transport via diffusion (extracellular to periplasm)		L-Lyxose  -> L-Lyxose 
L_LACD2	L-Lactate dehydrogenase (ubiquinone)	1.1.2.3	L-Lactate + Ubiquinone-8  -> Pyruvate + Ubiquinol-8 
L_LACD3	L-Lactate dehydrogenase (menaquinone)	1.1.2.3	L-Lactate + Menaquinone 8  -> Menaquinol 8 + Pyruvate 
L_LACt2rpp	L-lactate reversible transport via proton symport (periplasm)		H+ + L-Lactate  -> H+ + L-Lactate 
L_LACtex	L-lactate transport via diffusion (extracellular to periplasm)		L-Lactate  -> L-Lactate 
M1PD	Mannitol-1-phosphate 5-dehydrogenase	1.1.1.17	D-Mannitol 1-phosphate + Nicotinamide adenine dinucleotide  <=> D-Fructose 6-phosphate + H+ + Nicotinamide adenine dinucleotide - reduced 
MAL6PG	Maltose 6  phosphate glucosidase	3.2.1.122	H2O H2O + Maltose 6'-phosphate  <=> D-Glucose 6-phosphate + D-Glucose 
MALDt2_2pp	D-Malate transport via proton symport (2 H) (periplasm)		2 H+ + D-Malate  -> 2 H+ + D-Malate 
MALDtex	D-Malate transport via diffusion (extracellular to periplasm)		D-Malate  -> D-Malate 
MALS	Malate synthase	2.3.3.9	Acetyl-CoA + Glyoxylate + H2O H2O  -> Coenzyme A + H+ + L-Malate 
MALTHPabc	MALTHPabc		ATP C10H12N5O13P3 + H2O H2O + Maltoheptaose  -> ADP C10H12N5O10P2 + H+ + Maltoheptaose + Phosphate 
MALTHXabc	Maltohexaose transport via ABC system		ATP C10H12N5O13P3 + H2O H2O + Maltohexaose  -> ADP C10H12N5O10P2 + H+ + Maltohexaose + Phosphate 
MALTHXabcpp	Maltohexaose transport via ABC system (periplasm)		ATP C10H12N5O13P3 + H2O H2O + Maltohexaose  -> ADP C10H12N5O10P2 + H+ + Maltohexaose + Phosphate 
MALTHXtexi	Maltohexaose transport via diffusion (extracellular to periplasm) irreversible		Maltohexaose  -> Maltohexaose 
MALTPTabcpp	Maltopentaose transport via ABC system (periplasm)		ATP C10H12N5O13P3 + H2O H2O + Maltopentaose  -> ADP C10H12N5O10P2 + H+ + Maltopentaose + Phosphate 
MALTPTtexi	MaltopentaoseMaltotriose transport via diffusion (extracellular to periplasm) irreversible		Maltopentaose  -> Maltopentaose 
MALTTRabc	Maltotriose transport via ABC system	3.6.3	ATP C10H12N5O13P3 + H2O H2O + Maltotriose C18H32O16  -> ADP C10H12N5O10P2 + H+ + Maltotriose C18H32O16 + Phosphate 
MALTTRabcpp	Maltotriose transport via ABC system (periplasm)	3.6.3	ATP C10H12N5O13P3 + H2O H2O + Maltotriose C18H32O16  -> ADP C10H12N5O10P2 + H+ + Maltotriose C18H32O16 + Phosphate 
MALTTRtexi	Maltotriose transport via diffusion (extracellular to periplasm) irreversible		Maltotriose C18H32O16  -> Maltotriose C18H32O16 
MALTTTRabcpp	Maltotetraose transport via ABC system (periplasm)	3.6.3	ATP C10H12N5O13P3 + H2O H2O + Maltotetraose  -> ADP C10H12N5O10P2 + H+ + Maltotetraose + Phosphate 
MALTTTRtexi	MaltotetraoseMaltotriose transport via diffusion (extracellular to periplasm) irreversible		Maltotetraose  -> Maltotetraose 
MALTabc	Maltose transport via ABC system	3.6.3.19	ATP C10H12N5O13P3 + H2O H2O + Maltose C12H22O11  -> ADP C10H12N5O10P2 + H+ + Maltose C12H22O11 + Phosphate 
MALTabcpp	Maltose transport via ABC system (periplasm)	3.6.3.19	ATP C10H12N5O13P3 + H2O H2O + Maltose C12H22O11  -> ADP C10H12N5O10P2 + H+ + Maltose C12H22O11 + Phosphate 
MALTpts	Maltose transport via PEP:Pyr PTS		Maltose C12H22O11 + Phosphoenolpyruvate  -> Maltose 6'-phosphate + Pyruvate 
MALTptspp	Maltose transport via PEP:Pyr PTS (periplasm)		Maltose C12H22O11 + Phosphoenolpyruvate  -> Maltose 6'-phosphate + Pyruvate 
MALTtexi	MaltoseMaltotriose transport via diffusion (extracellular to periplasm) irreversible		Maltose C12H22O11  -> Maltose C12H22O11 
MAL_D_Et	D-Malate transport (transport mechanism unknown - evidence from biolog data)		D-Malate  <=> D-Malate 
MALt2_2pp	Malate transport via proton symport (2 H) (periplasm)		2 H+ + L-Malate  -> 2 H+ + L-Malate 
MALt2_3pp	Malate transport via proton symport (3 H) (periplasm)		3 H+ + L-Malate  -> 3 H+ + L-Malate 
MALtex	Malate transport via diffusion (extracellular to periplasm)		L-Malate  -> L-Malate 
MAN1PT2	Mannose-1-phosphate guanylyltransferase (GDP)	2.7.7.22	GDP C10H12N5O11P2 + H+ + D-Mannose 1-phosphate  -> GDP-D-mannose + Phosphate 
MAN6PI	Mannose-6-phosphate isomerase	5.3.1.8	D-Mannose 6-phosphate  <=> D-Fructose 6-phosphate 
MAN6Pt6_2pp	Mannose-6-phosphate transport via phosphate antiport (periplasm)		D-Mannose 6-phosphate + 2 Phosphate  -> D-Mannose 6-phosphate + 2 Phosphate 
MAN6Ptex	Mannose 6-phosphate transport via diffusion (extracellular to periplasm)		D-Mannose 6-phosphate  -> D-Mannose 6-phosphate 
MANA1	Mannase		H2O H2O + Mannobiose (beta-1,4)  -> 2 D-Mannose 
MANA2	Mannase		H2O H2O + Mannotriose (beta-1,4)  -> D-Mannose + Mannobiose (beta-1,4) 
MANA3	Mannase		H2O H2O + Mannotetraose  -> D-Mannose + Mannotriose (beta-1,4) 
MANAO	Mannonate oxidoreductase	1.1.1.57	D-Mannonate + Nicotinamide adenine dinucleotide  <=> D-Fructuronate + H+ + Nicotinamide adenine dinucleotide - reduced 
MANE	Manose epimerase		D-Mannose  <=> D-Glucose 
MANGLYCptspp	2-O-alpha-mannosyl-D-glycerate transport via PEP:Pyr PTS (periplasm)		2(alpha-D-Mannosyl)-D-glycerate + Phosphoenolpyruvate  -> 2(alpha-D-Mannosyl-6-phosphate)-D-glycerate + Pyruvate 
MANGLYCtex	2-O-alpha-mannosyl-D-glycerate transport via diffusion (extracellular to periplasm)		2(alpha-D-Mannosyl)-D-glycerate  -> 2(alpha-D-Mannosyl)-D-glycerate 
MANPGH	2-O-alpha-mannosyl-6-phosphate-D-glycerate hydrolase	3.2.1.170	H2O H2O + 2(alpha-D-Mannosyl-6-phosphate)-D-glycerate  -> (R)-Glycerate + D-Mannose 6-phosphate 
MANTTRabc	Mannotetraose transport via ABC transporter		ATP C10H12N5O13P3 + H2O H2O + Mannotetraose  -> ADP C10H12N5O10P2 + H+ + Mannotetraose + Phosphate 
MANpts	D-mannose transport via PEP:Pyr PTS		D-Mannose + Phosphoenolpyruvate  -> D-Mannose 6-phosphate + Pyruvate 
MANptspp	D-mannose transport via PEP:Pyr PTS (periplasm)		D-Mannose + Phosphoenolpyruvate  -> D-Mannose 6-phosphate + Pyruvate 
MANtex	D-mannose transport via diffusion (extracellular to periplasm)		D-Mannose  -> D-Mannose 
MBCOAi	3-Methylbutanoyl-CoA:(acceptor) 2,3-oxidoreductase	1.3.8.4; 1.3.8.7; 1.3.99.10	Flavin adenine dinucleotide oxidized + Isovaleryl-CoA  <=> 3-Methylbut-2-enoyl-CoA + Flavin adenine dinucleotide reduced 
MCA	Methyl cis aconitase		2-Methylcitrate  <=> Methylisocitrate 
MCITD	2-methylcitrate dehydratase	4.2.1.79	2-Methylcitrate  -> Cis-2-Methylaconitate + H2O H2O 
MCITL2	Methylisocitrate lyase	4.1.3.30	Methylisocitrate  <=> Pyruvate + Succinate 
MCOATA	Malonyl-CoA-ACP transacylase	2.3.1.-; 2.3.1.0; 2.3.1.39; 2.3.1.85; 2.3.1.86	Acyl carrier protein + Malonyl CoA C24H33N7O19P3S  <=> Coenzyme A + Malonyl-[acyl-carrier protein] 
MCPST	3-mercaptopyruvate sulfurtransferase	2.8.1.2	Hydrogen cyanide + Mercaptopyruvate  -> H+ + Pyruvate + Thiocyanate 
MCSNAH	5-Methylcytosine aminohydrolase	3.5.4.1	5-Methylcytosine + H2O H2O + H+  -> Ammonium + Thymine C5H6N2O2 
MCTC_1	R_MCTC_1		3-Methylbut-2-enoyl-CoA + ATP C10H12N5O13P3 + Bicarbonate  -> 3-Methylglutaconyl-CoA + ADP C10H12N5O10P2 + H+ + Phosphate 
MCTP1App	Murein crosslinking transpeptidase 1A:(A2pm->D-ala) (periplasm)		Two linked disacharide pentapeptide murein units (uncrosslinked, middle of chain)  -> D-Alanine + Two disacharide linked murein units, pentapeptide crosslinked tetrapeptide (A2pm->D-ala) (middle of chain) 
MCTP1Bpp	Murein crosslinking transpeptidase 1B:(A2pm->A2pm) (periplasm)		Two linked disacharide pentapeptide murein units (uncrosslinked, middle of chain)  -> D-Alanyl-D-alanine + Two disacharide linked murein units, pentapeptide corsslinked tripeptide (A2pm->A2pm) (middle of chain) 
MCTP2App	Murein crosslinking transpeptidase 1A:(A2pm->D-ala) (periplasm)		Three linked disacharide pentapeptide murein units (uncrosslinked, middle of chain)  -> 2 D-Alanine + Three disacharide linked murein units (pentapeptide crosslinked tetrapeptide (A2pm->D-ala) tetrapeptide corsslinked tetrapeptide (A2pm->D-ala)) (middle of chain) 
MDDCP1pp	Murein D,D-carboxypeptidase (murein5px4p) (periplasm)	3.4.16.4	H2O H2O + Two disacharide linked murein units, pentapeptide crosslinked tetrapeptide (A2pm->D-ala) (middle of chain)  -> D-Alanine + Two disacharide linked murein units, tetrapeptide corsslinked tetrapeptide (A2pm->D-ala) (middle of chain) 
MDDCP2pp	Murein D,D-carboxypeptidase (murein5px4px4p) (periplasm)	3.4.16.4	H2O H2O + Three disacharide linked murein units (pentapeptide crosslinked tetrapeptide (A2pm->D-ala) tetrapeptide corsslinked tetrapeptide (A2pm->D-ala)) (middle of chain)  -> D-Alanine + Three disacharide linked murein units (tetrapeptide crosslinked tetrapeptide (A2pm->D-ala) & tetrapeptide corsslinked tetrapeptide (A2pm->D-ala)) (middle of chain) 
MDDCP3pp	Murein D,D-carboxypeptidase (murein5p5p) (periplasm)	3.4.16.4	H2O H2O + Two linked disacharide pentapeptide murein units (uncrosslinked, middle of chain)  -> D-Alanine + Two linked disacharide pentapeptide and tetrapeptide murein units (uncrosslinked, middle of chain) 
MDDCP4pp	Murein D,D-carboxypeptidase (murein5p4p) (periplasm)	3.4.16.4	H2O H2O + Two linked disacharide pentapeptide and tetrapeptide murein units (uncrosslinked, middle of chain)  -> D-Alanine + Two linked disacharide tetrapeptide murein units (uncrosslinked, middle of chain) 
MDDCP5pp	Murein D,D-carboxypeptidase (murein5p3p) (periplasm)	3.4.16.4	H2O H2O + Two linked disacharide pentapeptide and tripeptide murein units (uncrosslinked, middle of chain)  -> D-Alanine + Two linked disacharide tetrapeptide and tripeptide murein units (uncrosslinked, middle of chain) 
MDDEP1pp	Murein D,D-endopeptidase (murein4px4p) (periplasm)		H2O H2O + Two disacharide linked murein units, tetrapeptide corsslinked tetrapeptide (A2pm->D-ala) (middle of chain)  -> Two linked disacharide tetrapeptide murein units (uncrosslinked, middle of chain) 
MDDEP2pp	Murein D,D-endopeptidase (murein3px4p) (periplasm)		H2O H2O + Two disacharide linked murein units, tripeptide crosslinked tetrapeptide (A2pm->D-ala) (middle of chain)  -> Two linked disacharide tetrapeptide and tripeptide murein units (uncrosslinked, middle of chain) 
MDDEP3pp	Murein D,D-endopeptidase (murein5px4p) (periplasm)		H2O H2O + Two disacharide linked murein units, pentapeptide crosslinked tetrapeptide (A2pm->D-ala) (middle of chain)  -> Two linked disacharide pentapeptide and tetrapeptide murein units (uncrosslinked, middle of chain) 
MDDEP4pp	Murein D,D-endopeptidase (murein4px4px4p) (periplasm)		H2O H2O + Three disacharide linked murein units (tetrapeptide crosslinked tetrapeptide (A2pm->D-ala) & tetrapeptide corsslinked tetrapeptide (A2pm->D-ala)) (middle of chain)  -> Three disacharide linked murein units (tetrapeptide crosslinked tetrapeptide (A2pm->D-ala), one uncrosslinked tetrapaptide) (middle of chain) 
MDH	Malate dehydrogenase	1.1.1.299; 1.1.1.37	L-Malate + Nicotinamide adenine dinucleotide  -> H+ + Nicotinamide adenine dinucleotide - reduced + Oxaloacetate 
MDH2	Malate dehydrogenase (ubiquinone 8 as acceptor)		L-Malate + Ubiquinone-8  -> Oxaloacetate + Ubiquinol-8 
MDH3	Malate dehydrogenase (menaquinone 8 as acceptor)		L-Malate + Menaquinone 8  -> Menaquinol 8 + Oxaloacetate 
MDNTHAep	N  2 methyl 3 5 dinitrophenyl  4 methyl 3 5 dinitroaniline extrusion pump		N  2 methyl 3 5 dinitrophenyl  4 methyl 3 5 dinitroaniline + H+  -> N  2 methyl 3 5 dinitrophenyl  4 methyl 3 5 dinitroaniline + H+ 
MDRPD	5-Methylthio-5-deoxy-D-ribulose 1-phosphate dehydratase	4.2.1.109	5-Methylthio-5-deoxy-D-ribulose 1-phosphate  -> 2,3-diketo-5-methylthio-1-phosphopentane + H2O H2O 
ME1	Malic enzyme (NAD)	1.1.1.38; 1.1.1.39	L-Malate + Nicotinamide adenine dinucleotide  -> CO2 CO2 + Nicotinamide adenine dinucleotide - reduced + Pyruvate 
ME2	Malic enzyme (NADP)	1.1.1.40	L-Malate + Nicotinamide adenine dinucleotide phosphate  -> CO2 CO2 + Nicotinamide adenine dinucleotide phosphate - reduced + Pyruvate 
MECDPDH2	2C-methyl-D-erythritol 2,4 cyclodiphosphate dehydratase		2-C-methyl-D-erythritol 2,4-cyclodiphosphate + Nicotinamide adenine dinucleotide - reduced  -> 1-hydroxy-2-methyl-2-(E)-butenyl 4-diphosphate + H2O H2O + Nicotinamide adenine dinucleotide 
MECDPS	2-C-methyl-D-erythritol 2,4-cyclodiphosphate synthase	4.6.1.12	2-phospho-4-(cytidine 5'-diphospho)-2-C-methyl-D-erythritol  -> 2-C-methyl-D-erythritol 2,4-cyclodiphosphate + CMP C9H12N3O8P 
MELIBt2pp	Melibiose transport in via symport (periplasm)		H+ + Melibiose C12H22O11  -> H+ + Melibiose C12H22O11 
MELIBt3ipp	Melibiose transport in via antiport (periplasm)		H+ + Melibiose C12H22O11  -> H+ + Melibiose C12H22O11 
MELIBtex	Melibiose transport via diffusion (extracellular to periplasm)		Melibiose C12H22O11  -> Melibiose C12H22O11 
MEOHtex	Methanol transport via diffusion (extracellular to periplasm)		Methanol  -> Methanol 
MEOHtrpp	Methanol reversible transport via diffusion (periplasm)		Methanol  -> Methanol 
MEPCT	2-C-methyl-D-erythritol 4-phosphate cytidylyltransferase	2.7.7.60	2-C-methyl-D-erythritol 4-phosphate + CTP C9H12N3O14P3 + H+  -> 4-(cytidine 5'-diphospho)-2-C-methyl-D-erythritol + Diphosphate 
METAT	Methionine adenosyltransferase	2.5.1.6	ATP C10H12N5O13P3 + H2O H2O + L-Methionine  -> S-Adenosyl-L-methionine + Phosphate + Diphosphate 
METDabc	D-methionine transport via ABC system		ATP C10H12N5O13P3 + H2O H2O + D-Methionine  -> ADP C10H12N5O10P2 + H+ + D-Methionine + Phosphate 
METDabcpp	D-methionine transport via ABC system (periplasm)		ATP C10H12N5O13P3 + H2O H2O + D-Methionine  -> ADP C10H12N5O10P2 + H+ + D-Methionine + Phosphate 
METDtex	D-methionine transport via diffusion (extracellular to periplasm)		D-Methionine  -> D-Methionine 
METGLCUR	1-O-Methyl-Beta-D-glucuronidase		H2O H2O + 1-O-methyl-Beta-D-glucuronate  -> D-Glucuronate + Methanol 
METGLCURt2pp	1-O-methyl-Beta-D-glucuronate transport via proton symport (periplasm)		H+ + 1-O-methyl-Beta-D-glucuronate  -> H+ + 1-O-methyl-Beta-D-glucuronate 
METGLCURtex	1-O-methyl-Beta-D-glucuronate via diffusion (extracellular)		1-O-methyl-Beta-D-glucuronate  -> 1-O-methyl-Beta-D-glucuronate 
METS	Methionine synthase	2.1.1.13	5-Methyltetrahydrofolate + L-Homocysteine  -> H+ + L-Methionine + 5,6,7,8-Tetrahydrofolate 
METSOX1abc	L-Methionine S-oxide transport via ABC system		ATP C10H12N5O13P3 + H2O H2O + L-Methionine Sulfoxide  -> ADP C10H12N5O10P2 + H+ + L-Methionine Sulfoxide + Phosphate 
METSOX1abcpp	L-methionine S-oxide transport via ABC system (periplasm)		ATP C10H12N5O13P3 + H2O H2O + L-Methionine Sulfoxide  -> ADP C10H12N5O10P2 + H+ + L-Methionine Sulfoxide + Phosphate 
METSOX1tex	L-methionine S-oxide diffusion (extracellular)		L-Methionine Sulfoxide  -> L-Methionine Sulfoxide 
METSOX2abc	L-Methionine R-oxide transport via ABC system		ATP C10H12N5O13P3 + H2O H2O + L-methionine-R-sulfoxide  -> ADP C10H12N5O10P2 + H+ + L-methionine-R-sulfoxide + Phosphate 
METSOX2abcpp	L-methionine R-oxide transport via ABC system (periplasm)		ATP C10H12N5O13P3 + H2O H2O + L-methionine-R-sulfoxide  -> ADP C10H12N5O10P2 + H+ + L-methionine-R-sulfoxide + Phosphate 
METSOX2tex	L-methionine R-oxide diffusion (extracellular)		L-methionine-R-sulfoxide  -> L-methionine-R-sulfoxide 
METSOXR1	L-methionine-S-oxide reductase	1.8.4.13; 1.8.4.14	L-Methionine Sulfoxide + Reduced thioredoxin  -> H2O H2O + L-Methionine + Oxidized thioredoxin 
METSOXR2	L-methionine-R-sulfoxide reductase	1.8.4.14	L-methionine-R-sulfoxide + Reduced thioredoxin  -> H2O H2O + L-Methionine + Oxidized thioredoxin 
METSR_R1	L methionine R oxide reductase  trdrd		L methionine R oxide C5H11NO3S + Reduced thioredoxin  -> H2O H2O + L-Methionine + Oxidized thioredoxin 
METSR_S1	L methionine S oxide reductase  trdrd	1.8.4.13; 1.8.4.14	L Methionine S oxide C5H11NO3S + Reduced thioredoxin  -> H2O H2O + L-Methionine + Oxidized thioredoxin 
METSRabc	L methionine R oxide transport via ABC system		ATP C10H12N5O13P3 + H2O H2O + L methionine R oxide C5H11NO3S  -> ADP C10H12N5O10P2 + H+ + L methionine R oxide C5H11NO3S + Phosphate 
METSabc	L methionine S oxide transport via ABC system		ATP C10H12N5O13P3 + H2O H2O + L Methionine S oxide C5H11NO3S  -> ADP C10H12N5O10P2 + H+ + L Methionine S oxide C5H11NO3S + Phosphate 
METabc	L-methionine transport via ABC system		ATP C10H12N5O13P3 + H2O H2O + L-Methionine  -> ADP C10H12N5O10P2 + H+ + L-Methionine + Phosphate 
METabcpp	L-methionine transport via ABC system (periplasm)		ATP C10H12N5O13P3 + H2O H2O + L-Methionine  -> ADP C10H12N5O10P2 + H+ + L-Methionine + Phosphate 
METt3pp	L-methionine tranport out via proton antiport (periplasm)		H+ + L-Methionine  -> H+ + L-Methionine 
METte	Methionine antiporter		H+ + D-Methionine  <=> H+ + D-Methionine 
METtex	L-methionine transport via diffusion (extracellular to periplasm)		L-Methionine  -> L-Methionine 
MG2tex	Magnesium (Mg+2) transport via diffusion (extracellular to periplasm)		Magnesium  -> Magnesium 
MG2tpp	Magnesium (+2) transport in via diffusion		Magnesium  -> Magnesium 
MG2uabcpp	Magnesium (Mg+2) ABC transporter (ubtake, periplasm)	3.6.3.2	ATP C10H12N5O13P3 + H2O H2O + Magnesium  -> ADP C10H12N5O10P2 + H+ + Magnesium + Phosphate 
MGCH	Methylglutaconyl-CoA hydratase	4.2.1.18	3-Methylglutaconyl-CoA + H2O H2O  <=> Hydroxymethylglutaryl CoA C27H39N7O20P3S 
MGSA	Methylglyoxal synthase	4.2.3.3	Dihydroxyacetone phosphate  -> Methylglyoxal + Phosphate 
MGt2pp	Magnesium transport in via proton symport (periplasm)		H+ + Magnesium  -> H+ + Magnesium 
MGt5	Magnesium transport in/out via permease (no H+)		Magnesium  -> Magnesium 
MI1PP	Myo-inositol 1-phosphatase	3.1.3.25	H2O H2O + 1D-myo-Inositol 1-phosphate  -> Myo-Inositol + Phosphate 
MICITDr	2-methylisocitrate dehydratase	4.2.1.99	Cis-2-Methylaconitate + H2O H2O  -> Methylisocitrate 
MLDCP1App	Murein L,D-carboxypeptidase (murein5px4p) (periplasm)	3.4.17.13	H2O H2O + Two disacharide linked murein units, pentapeptide crosslinked tetrapeptide (A2pm->D-ala) (middle of chain)  -> D-Alanyl-D-alanine + Two disacharide linked murein units, tripeptide crosslinked tetrapeptide (A2pm->D-ala) (middle of chain) 
MLDCP1Bpp	Murein L,D-carboxypeptidase (murein4p4p) (periplasm)	3.4.17.13	H2O H2O + Two linked disacharide tetrapeptide murein units (uncrosslinked, middle of chain)  -> D-Alanine + Two linked disacharide tetrapeptide and tripeptide murein units (uncrosslinked, middle of chain) 
MLDCP2App	Murein L,D-carboxypeptidase (murein5p5p) (periplasm)	3.4.17.13	H2O H2O + Two linked disacharide pentapeptide murein units (uncrosslinked, middle of chain)  -> D-Alanyl-D-alanine + Two linked disacharide pentapeptide and tripeptide murein units (uncrosslinked, middle of chain) 
MLDCP2Bpp	Murein L,D-carboxypeptidase (murein4p3p) (periplasm)	3.4.17.13	H2O H2O + Two linked disacharide tetrapeptide and tripeptide murein units (uncrosslinked, middle of chain)  -> D-Alanine + Two linked disacharide tripeptide murein units (uncrosslinked, middle of chain) 
MLDCP3App	Murein L,D-carboxypeptidase (murein5px3p) (periplasm)	3.4.17.13	H2O H2O + Two disacharide linked murein units, pentapeptide corsslinked tripeptide (A2pm->A2pm) (middle of chain)  -> D-Alanyl-D-alanine + Two disacharide linked murein units, tripeptide crosslinked tripeptide (A2pm->A2pm) (middle of chain) 
MLDEP1pp	Murein L,D-endopeptidase (murein3px3p) (periplasm)		H2O H2O + Two disacharide linked murein units, tripeptide crosslinked tripeptide (A2pm->A2pm) (middle of chain)  -> Two linked disacharide tripeptide murein units (uncrosslinked, middle of chain) 
MLDEP2pp	Murein L,D-endopeptidase (murein5px3p) (periplasm)		H2O H2O + Two disacharide linked murein units, pentapeptide corsslinked tripeptide (A2pm->A2pm) (middle of chain)  -> Two linked disacharide pentapeptide and tripeptide murein units (uncrosslinked, middle of chain) 
MLTG1	Maltodextrin glucosidase (maltotriose)	3.2.1.20	H2O H2O + Maltotriose C18H32O16  -> D-Glucose + Maltose C12H22O11 
MLTG2	Maltodextrin glucosidase (maltotetraose)		H2O H2O + Maltotetraose  -> D-Glucose + Maltotriose C18H32O16 
MLTG3	Maltodextrin glucosidase (maltopentaose)	3.2.1.20; 3.2.1.74	H2O H2O + Maltopentaose  -> D-Glucose + Maltotetraose 
MLTG4	Maltodextrin glucosidase (maltohexaose)	3.2.1.20	H2O H2O + Maltohexaose  -> D-Glucose + Maltopentaose 
MLTG5	Maltodextrin glucosidase (maltoheptaose)	3.2.1.20	H2O H2O + Maltoheptaose  -> D-Glucose + Maltohexaose 
MLTGY1pp	Murein lytic transglycosylase (murein4p4p) (periplasm)		Two linked disacharide tetrapeptide murein units (uncrosslinked, middle of chain)  -> 2 N-Acetyl-D-glucosamine(anhydrous)N-Acetylmuramyl-tetrapeptide 
MLTGY2pp	Murein lytic transglycosylase (murein4p3p) (periplasm)		Two linked disacharide tetrapeptide and tripeptide murein units (uncrosslinked, middle of chain)  -> N-Acetyl-D-glucosamine(anhydrous)N-Acetylmuramyl-tripeptide + N-Acetyl-D-glucosamine(anhydrous)N-Acetylmuramyl-tetrapeptide 
MLTGY3pp	Murein lytic transglycosylase (murein3p3p) (periplasm)		Two linked disacharide tripeptide murein units (uncrosslinked, middle of chain)  -> 2 N-Acetyl-D-glucosamine(anhydrous)N-Acetylmuramyl-tripeptide 
MLTGY4pp	Murein lytic transglycosylase (murein4px4p4p) (periplasm)		Three disacharide linked murein units (tetrapeptide crosslinked tetrapeptide (A2pm->D-ala), one uncrosslinked tetrapaptide) (middle of chain)  -> N-Acetyl-D-glucosamine(anhydrous)N-Acetylmuramyl-tetrapeptide + Two disacharide linked murein units, tetrapeptide corsslinked tetrapeptide (A2pm->D-ala) (middle of chain) 
MLTP1	Maltodextrin phosphorylase (maltopentaose)	2.4.1.1	Maltopentaose + Phosphate  <=> D-Glucose 1-phosphate + Maltotetraose 
MLTP2	Maltodextrin phosphorylase (maltohexaose)	2.4.1.1	Maltohexaose + Phosphate  <=> D-Glucose 1-phosphate + Maltopentaose 
MLTP3	Maltodextrin phosphorylase (maltoheptaose)	2.4.1.1	Maltoheptaose + Phosphate  <=> D-Glucose 1-phosphate + Maltohexaose 
MMCD	Methylmalonyl-CoA decarboxylase	4.1.1.41; 4.1.1.9	H+ + (S)-Methylmalonyl-CoA  -> CO2 CO2 + Propanoyl-CoA 
MME	Methylmalonyl-CoA epimerase	5.1.99.1	(R)-Methylmalonyl-CoA  <=> (S)-Methylmalonyl-CoA 
MMETt2pp	S-methylmethionine permease (periplasm)		H+ + S-Methyl-L-methionine  -> H+ + S-Methyl-L-methionine 
MMETtex	S-methyl-L-methionine transport via diffusion (extracellular to periplasm)		S-Methyl-L-methionine  -> S-Methyl-L-methionine 
MMM2	Methylmalonyl-CoA mutase	5.4.99.2	Succinyl-CoA  -> (R)-Methylmalonyl-CoA 
MMSAD1	Methylmalonate semialdehyde dehydrogenase	1.2.1.27	2-Methyl-3-oxopropanoate + Coenzyme A + Nicotinamide adenine dinucleotide  -> CO2 CO2 + Nicotinamide adenine dinucleotide - reduced + Propanoyl-CoA 
MMTSAO	(S)-Methylmalonate semialdehyde:NAD+ oxidoreductase (CoA-propanoylating)	1.2.1.27	Coenzyme A + (S)-Methylmalonate semialdehyde + Nicotinamide adenine dinucleotide  -> CO2 CO2 + Nicotinamide adenine dinucleotide - reduced + Propanoyl-CoA 
MN2t3pp	Manganese (Mn+2) transport out via proton antiport (periplasm)		H+ + Manganese  -> H+ + Manganese 
MN2tipp	Manganese transport in via permease (no H+)		Manganese  -> Manganese 
MN2tpp	Manganese transport in via permease (no H+)		Manganese  -> Manganese 
MN6PP	Mannose 6-phosphate phosphatase		H2O H2O + D-Mannose 6-phosphate  -> D-Mannose + Phosphate 
MNL1P_Et	D-Mannitol 1-phosphate transport (transport mechanism unknown - evidence from biolog data)		D-Mannitol 1-phosphate  <=> D-Mannitol 1-phosphate 
MNLpts	Mannitol transport via PEP:Pyr PTS		D-Mannitol + Phosphoenolpyruvate  -> D-Mannitol 1-phosphate + Pyruvate 
MNLptspp	Mannitol transport via PEP:Pyr PTS (periplasm)		D-Mannitol + Phosphoenolpyruvate  -> D-Mannitol 1-phosphate + Pyruvate 
MNLtex	Mannitol transport via diffusion (extracellular to periplasm)		D-Mannitol  -> D-Mannitol 
MNNH	D-mannonate hydrolyase	4.2.1.8	D-Mannonate  -> 2-Dehydro-3-deoxy-D-gluconate + H2O H2O 
MNabc	Manganese transport via ABC system	3.6.3.35	ATP C10H12N5O13P3 + H2O H2O + Manganese  -> ADP C10H12N5O10P2 + H+ + Manganese + Phosphate 
MNabc_1	Manganese Mn2 transport via ABC system periplasm	3.6.3.35	ATP C10H12N5O13P3 + H2O H2O + Manganese  -> ADP C10H12N5O10P2 + H+ + Manganese + Phosphate 
MNt2pp	Manganese (Mn+2) transport in via proton symport (periplasm)		H+ + Manganese  -> H+ + Manganese 
MNtex	Manganese (Mn+2) transport via diffusion (extracellular to periplasm)		Manganese  -> Manganese 
MOBDabcpp	Molybdate transport via ABC system (periplasm)	3.6.3.29	ATP C10H12N5O13P3 + H2O H2O + Molybdate  -> ADP C10H12N5O10P2 + H+ + Molybdate + Phosphate 
MOBDtex	Molybdate transport via diffusion (extracellular to periplasm)		Molybdate  -> Molybdate 
MOHMT	3-methyl-2-oxobutanoate hydroxymethyltransferase	2.1.2.11	3-Methyl-2-oxobutanoate + H2O H2O + 5,10-Methylenetetrahydrofolate  -> 2-Dehydropantoate + 5,6,7,8-Tetrahydrofolate 
MOTH1	Maltooligosyltrehalose trehalohydrolase (maltosyltrehalose)		H2O H2O + Maltosyltrehalose  -> Maltose C12H22O11 + Trehalose 
MOTH2	Maltooligosyltrehalose trehalohydrolase (maltotriosyltrehalose)		H2O H2O + Maltotriosyltrehalose  -> Maltotriose C18H32O16 + Trehalose 
MOTH3	Maltooligosyltrehalose trehalohydrolase (maltotetraosyltrehalose)		H2O H2O + Maltotetraosyltrehalose  -> Maltotetraose + Trehalose 
MOTH4	Maltooligosyltrehalose trehalohydrolase (maltopentaosyltrehalose)		H2O H2O + Maltopentaosyltrehalose  -> Maltopentaose + Trehalose 
MOTS1	Maltooligosyltrehalose synthase (maltotetraose)		Maltotetraose  -> Maltosyltrehalose 
MOTS2	Maltooligosyltrehalose synthase (maltopentaose)		Maltopentaose  -> Maltotriosyltrehalose 
MOTS3	Maltooligosyltrehalose synthase (maltohexaose)		Maltohexaose  -> Maltotetraosyltrehalose 
MOTS4	Maltooligosyltrehalose synthase (maltoheptaose)		Maltoheptaose  -> Maltopentaosyltrehalose 
MPTG	Murein polymerizing transglycosylase		2 Undecaprenyl-diphospho-N-acetylmuramoyl-(N-acetylglucosamine)-L-ala-D-glu-meso-2,6-diaminopimeloyl-D-ala-D-ala  -> 2 H+ + Two linked disacharide pentapeptide murein units (uncrosslinked, middle of chain) + 2 Undecaprenyl diphosphate 
MPTG2	Murein polymerizing transglycosylase 2 (three linked units)		Two linked disacharide pentapeptide murein units (uncrosslinked, middle of chain) + Undecaprenyl-diphospho-N-acetylmuramoyl-(N-acetylglucosamine)-L-ala-D-glu-meso-2,6-diaminopimeloyl-D-ala-D-ala  -> H+ + Three linked disacharide pentapeptide murein units (uncrosslinked, middle of chain) + Undecaprenyl diphosphate 
MSO3abcpp	Methanesulfonate transport via ABC system (periplasm)		ATP C10H12N5O13P3 + H2O H2O + Methanesulfonate  -> ADP C10H12N5O10P2 + H+ + Methanesulfonate + Phosphate 
MSO3tex	Methanesulfonate transport via diffusion (extracellular to periplasm)		Methanesulfonate  -> Methanesulfonate 
MTAN	Methylthioadenosine nucleosidase	3.2.2.16; 3.2.2.9	5-Methylthioadenosine + H2O H2O  -> 5-Methylthio-D-ribose + Adenine 
MTHFC	Methenyltetrahydrofolate cyclohydrolase	1.5.1.15; 3.5.4.9	H2O H2O + 5,10-Methenyltetrahydrofolate  <=> 10-Formyltetrahydrofolate + H+ 
MTHFD	Methylenetetrahydrofolate dehydrogenase (NADP)	1.5.1.5	5,10-Methylenetetrahydrofolate + Nicotinamide adenine dinucleotide phosphate  <=> 5,10-Methenyltetrahydrofolate + Nicotinamide adenine dinucleotide phosphate - reduced 
MTHFR2	5,10-methylenetetrahydrofolate reductase (NADH)	1.5.1.20	2 H+ + 5,10-Methylenetetrahydrofolate + Nicotinamide adenine dinucleotide - reduced  -> 5-Methyltetrahydrofolate + Nicotinamide adenine dinucleotide 
MTHTHFSs	(2R,4S)-2-methyl-2,3,3,4-tetrahydroxytetrahydrofuran synthesis (spontaneous)		H2O H2O + (2R,4S)-2-methyl-2,4-dihydroxydihydrofuran-3-one  -> (2R,4S)-2-methyl-2,3,3,4-tetrahydroxytetrahydrofuran 
MTRI	5-methylthioribose-1-phosphate isomerase	5.3.1.23	5-Methylthio-5-deoxy-D-ribose 1-phosphate  <=> 5-Methylthio-5-deoxy-D-ribulose 1-phosphate 
MTRK	5-methylthioribose kinase	2.7.1.100	5-Methylthio-D-ribose + ATP C10H12N5O13P3  -> 5-Methylthio-5-deoxy-D-ribose 1-phosphate + ADP C10H12N5O10P2 + H+ 
MUCCY_kt	3 carboxy cis cis muconate cycloisomerase	5.5.1.2	Cis,cis-Butadiene-1,2,4-tricarboxylate + H+  -> 4-Carboxymuconolactone 
MXYLt5	M xylene  transport out via proton antiport  cytosolexternal		H+ + M-Xylene  -> H+ + M-Xylene 
MXYLt6	M xylene transport out via proton antiport  periplasmexternal		H+ + M-Xylene  -> H+ + M-Xylene 
M_XYLtpp	Passive diffusion		M-Xylene  -> M-Xylene 
M_Xylt1	M xylene  outer membrane porin transport		M-Xylene  <=> M-Xylene 
N2OR	Nitrous oxide reductase (nadh)	1.7.99.6	H+ + Nitrous oxide + Nicotinamide adenine dinucleotide - reduced  -> H2O H2O + Nitrogen + Nicotinamide adenine dinucleotide 
N2Otex	Nitrious oxide transport via diffusion (extracellular to periplasm)		Nitrous oxide  -> Nitrous oxide 
N2Otpp	Nitrious oxide transport (diffusion)		Nitrous oxide  -> Nitrous oxide 
N2tex	Nitrogen exchange, diffusion (extra-organism to periplasm)		Nitrogen  -> Nitrogen 
N2trpp	Nitrogen exchange, diffusion (periplasm)		Nitrogen  -> Nitrogen 
NACODA	N-acetylornithine deacetylase		N-Acetyl-L-glutamate 5-semialdehyde + H2O H2O  -> Acetate + L-Glutamate 5-semialdehyde 
NACtex	Nicotinic acid transport via diffusion (extracellular to periplasm)		Nicotinate  -> Nicotinate 
NACtpp	Nicotinic acid uptake (periplasm)		Nicotinate  -> Nicotinate 
NADDP	NAD diphosphatase	3.6.1.22; 3.6.1.9	H2O H2O + Nicotinamide adenine dinucleotide  -> AMP C10H12N5O7P + 2 H+ + NMN C11H14N2O8P 
NADDPp_1	NAD diphosphatase, peroxisomal		H2O H2O + Nicotinamide adenine dinucleotide  -> AMP C10H12N5O7P + 2 H+ + NMN C11H14N2O8P 
NADH10	NADH dehydrogenase (menaquinone-8 & 0 protons)		H+ + Menaquinone 8 + Nicotinamide adenine dinucleotide - reduced  -> Menaquinol 8 + Nicotinamide adenine dinucleotide 
NADH16pp	NADH dehydrogenase (ubiquinone-8 & 3 protons) (periplasm)	1.6.5.3	4 H+ + Nicotinamide adenine dinucleotide - reduced + Ubiquinone-8  -> 3 H+ + Nicotinamide adenine dinucleotide + Ubiquinol-8 
NADH17pp	NADH dehydrogenase (menaquinone-8 & 3 protons) (periplasm)	1.6.5.3	4 H+ + Menaquinone 8 + Nicotinamide adenine dinucleotide - reduced  -> 3 H+ + Menaquinol 8 + Nicotinamide adenine dinucleotide 
NADH18pp	NADH dehydrogenase (demethylmenaquinone-8 & 3 protons) (periplasm)	1.6.5.3	2-Demethylmenaquinone 8 + 4 H+ + Nicotinamide adenine dinucleotide - reduced  -> 2-Demethylmenaquinol 8 + 3 H+ + Nicotinamide adenine dinucleotide 
NADH5	NADH dehydrogenase (ubiquinone-8 )		H+ + Nicotinamide adenine dinucleotide - reduced + Ubiquinone-8  -> Nicotinamide adenine dinucleotide + Ubiquinol-8 
NADH9	NADH dehydrogenase (demethylmenaquinone-8 & 0 protons)		2-Demethylmenaquinone 8 + H+ + Nicotinamide adenine dinucleotide - reduced  -> 2-Demethylmenaquinol 8 + Nicotinamide adenine dinucleotide 
NADHHR	NADH hydratase		H2O H2O + Nicotinamide adenine dinucleotide - reduced  -> (R)-NADHX 
NADHHS	NADH hydratase		H2O H2O + Nicotinamide adenine dinucleotide - reduced  -> Adenosine 5'-(3-{5-[(2S)-5-carbamoyl-2-hydroxy-3,4-dihydropyridin-1-yl]-5-deoxy-?-D-ribofuranosyl} dihydrogen diphosphate) 
NADHNQR	NADH: quinone oxidoreductas, NQR-type		4 H+ + Sodium + Nicotinamide adenine dinucleotide - reduced + Ubiquinone-8  -> 3 H+ + Sodium + Nicotinamide adenine dinucleotide + Ubiquinol-8 
NADHPO	NADH peroxidase	1.11.1.1	Hydrogen peroxide + H+ + Nicotinamide adenine dinucleotide - reduced  -> 2 H2O H2O + Nicotinamide adenine dinucleotide 
NADHXD	NADHX dehydratase		ADP C10H12N5O10P2 + Adenosine 5'-(3-{5-[(2S)-5-carbamoyl-2-hydroxy-3,4-dihydropyridin-1-yl]-5-deoxy-?-D-ribofuranosyl} dihydrogen diphosphate)  -> AMP C10H12N5O7P + H+ + Nicotinamide adenine dinucleotide - reduced + Phosphate 
NADHXE	NADHX epimerase		Adenosine 5'-(3-{5-[(2S)-5-carbamoyl-2-hydroxy-3,4-dihydropyridin-1-yl]-5-deoxy-?-D-ribofuranosyl} dihydrogen diphosphate)  <=> (R)-NADHX 
NADK	NAD kinase	2.7.1.23	ATP C10H12N5O13P3 + Nicotinamide adenine dinucleotide  -> ADP C10H12N5O10P2 + H+ + Nicotinamide adenine dinucleotide phosphate 
NADPHHR	NADPH hydratase		H2O H2O + Nicotinamide adenine dinucleotide phosphate - reduced  -> (R)-NADPHX 
NADPHHS	NADPH hydratase		H2O H2O + Nicotinamide adenine dinucleotide phosphate - reduced  -> (S)-NADPHX 
NADPHQR2	NADPH Quinone Reductase (Ubiquinone-8)		H+ + Nicotinamide adenine dinucleotide phosphate - reduced + Ubiquinone-8  -> Nicotinamide adenine dinucleotide phosphate + Ubiquinol-8 
NADPHQR3	NADPH Quinone Reductase (Menaquinone-8)		H+ + Menaquinone 8 + Nicotinamide adenine dinucleotide phosphate - reduced  -> Menaquinol 8 + Nicotinamide adenine dinucleotide phosphate 
NADPHQR4	NADPH Quinone Reductase (2-Demethylmenaquinone-8)		2-Demethylmenaquinone 8 + H+ + Nicotinamide adenine dinucleotide phosphate - reduced  -> 2-Demethylmenaquinol 8 + Nicotinamide adenine dinucleotide phosphate 
NADPHXD	NADPHX dehydratase		ADP C10H12N5O10P2 + (S)-NADPHX  -> AMP C10H12N5O7P + H+ + Nicotinamide adenine dinucleotide phosphate - reduced + Phosphate 
NADPHXE	NADPHX epimerase		(R)-NADPHX  <=> (S)-NADPHX 
NADS1	NAD synthase (nh3)	6.3.1.5; 6.3.5.1	ATP C10H12N5O13P3 + Deamino-NAD+ + Ammonium  -> AMP C10H12N5O7P + H+ + Nicotinamide adenine dinucleotide + Diphosphate 
NADTRHD	NAD transhydrogenase	1.6.1.1; 1.6.1.2; 1.6.1.3	Nicotinamide adenine dinucleotide + Nicotinamide adenine dinucleotide phosphate - reduced  -> Nicotinamide adenine dinucleotide - reduced + Nicotinamide adenine dinucleotide phosphate 
NAMNPP	Nicotinic acid mononucleotide pyrophosphorylase	6.3.4.21	ATP C10H12N5O13P3 + H2O H2O + Nicotinate + 5-Phospho-alpha-D-ribose 1-diphosphate  -> ADP C10H12N5O10P2 + Nicotinate D-ribonucleotide + Phosphate + Diphosphate 
NAabc	R_NAabc		ATP C10H12N5O13P3 + H2O H2O + Sodium  -> ADP C10H12N5O10P2 + H+ + Sodium + Phosphate 
NAabcO	Sodium transport out via ABC system	3.6.3.15; 3.6.3.7	ATP C10H12N5O13P3 + H2O H2O + Sodium  -> ADP C10H12N5O10P2 + H+ + Sodium + Phosphate 
NAt3_1	Sodium proton antiporter  HNA is 11		H+ + Sodium  -> H+ + Sodium 
NAt3_2pp	Sodium proton antiporter (H:NA is 2) (periplasm)		2 H+ + Sodium  -> 2 H+ + Sodium 
NAt3pp	Sodium transport out via proton antiport (cytoplasm to periplasm)		H+ + Sodium  -> H+ + Sodium 
NAtex	Sodium transport via diffusion (extracellular to periplasm)		Sodium  -> Sodium 
NBAHH_ir	Nalpha-(beta-alanyl)-L-histidine hydrolase IR		L-Carnosine + H2O H2O  -> Beta-Alanine + L-Histidine 
NDP3	Nucleoside diphosphatase  GDP	3.6.1.42; 3.6.1.5; 3.6.1.6	GDP C10H12N5O11P2 + H2O H2O  -> GMP C10H12N5O8P + H+ + Phosphate 
NDP7	Nucleoside diphosphatase  UDP	3.1.3.2; 3.6.1.5; 3.6.1.6; 3.6.1.9	H2O H2O + UDP C9H11N2O12P2  -> H+ + Phosphate + UMP C9H11N2O9P 
NDPK1	Nucleoside-diphosphate kinase (ATP:GDP)	2.7.4.6	ATP C10H12N5O13P3 + GDP C10H12N5O11P2  <=> ADP C10H12N5O10P2 + GTP C10H12N5O14P3 
NDPK10	Nucleoside-diphosphate kinase (ATP dIDP)	2.7.4.6	ATP C10H12N5O13P3 + DIDP; 2'-deoxyinosine-5'-diphosphate(3-)  <=> ADP C10H12N5O10P2 + DITP(4-) 
NDPK2	Nucleoside-diphosphate kinase (ATP:UDP)	2.7.4.6	ATP C10H12N5O13P3 + UDP C9H11N2O12P2  -> ADP C10H12N5O10P2 + UTP C9H11N2O15P3 
NDPK3	Nucleoside-diphosphate kinase (ATP:CDP)	2.7.4.6	ATP C10H12N5O13P3 + CDP C9H12N3O11P2  -> ADP C10H12N5O10P2 + CTP C9H12N3O14P3 
NDPK4	Nucleoside-diphosphate kinase (ATP:dTDP)	2.7.4.6	ATP C10H12N5O13P3 + DTDP C10H13N2O11P2  <=> ADP C10H12N5O10P2 + DTTP C10H13N2O14P3 
NDPK5	Nucleoside-diphosphate kinase (ATP:dGDP)	2.7.4.6	ATP C10H12N5O13P3 + DGDP C10H12N5O10P2  <=> ADP C10H12N5O10P2 + DGTP C10H12N5O13P3 
NDPK6	Nucleoside-diphosphate kinase (ATP:dUDP)	2.7.4.6	ATP C10H12N5O13P3 + DUDP C9H11N2O11P2  <=> ADP C10H12N5O10P2 + DUTP C9H11N2O14P3 
NDPK7	Nucleoside-diphosphate kinase (ATP:dCDP)	2.7.4.6	ATP C10H12N5O13P3 + DCDP C9H12N3O10P2  <=> ADP C10H12N5O10P2 + DCTP C9H12N3O13P3 
NDPK8	Nucleoside-diphosphate kinase (ATP:dADP)	2.7.4.6	ATP C10H12N5O13P3 + DADP C10H12N5O9P2  <=> ADP C10H12N5O10P2 + DATP C10H12N5O12P3 
NFLGLNH	N Formimino L glutamate formiminohydrolase		H2O H2O + N-Formimino-L-glutamate  -> Formamide + L-Glutamate 
NH3c	Ammomnium proton dissociation		H+ + Ammonia  <=> Ammonium 
NH4t3pp	Ammonia transport out via proton antiport		H+ + Ammonium  -> H+ + Ammonium 
NH4tex	Ammonia transport via diffusion (extracellular to periplasm)		Ammonium  -> Ammonium 
NH4tpp	Ammonia reversible transport (periplasm)		Ammonium  -> Ammonium 
NHFRBO	NADH:flavorubredoxin oxidoreductase	1.7.1.14	H+ + Nicotinamide adenine dinucleotide - reduced + 2 Nitric oxide  -> H2O H2O + Nitrous oxide + Nicotinamide adenine dinucleotide 
NI2abcpp	Nickle (Ni+2) ABC transporter (periplasm)	3.6.3.24	ATP C10H12N5O13P3 + H2O H2O + Nickel  -> ADP C10H12N5O10P2 + H+ + Nickel + Phosphate 
NI2t3pp	Nickle (Ni+2) transport out via proton antiport (periplasm)		H+ + Nickel  -> H+ + Nickel 
NI2t4pp	Nickel transport out via antiport (periplasm)		H+ + Potassium + Nickel  -> H+ + Potassium + Nickel 
NI2tex	Nickel transport via diffusion (extracellular to periplasm)		Nickel  -> Nickel 
NI2tpp	Nickel (+2) transport in via permease (no H+)		Nickel  -> Nickel 
NI2uabcpp	Nickel transport via ABC system (uptake, periplasm)	3.6.3.24	ATP C10H12N5O13P3 + H2O H2O + Nickel  -> ADP C10H12N5O10P2 + H+ + Nickel + Phosphate 
NIabc	Nickel transport via ABC system	3.6.3.24	ATP C10H12N5O13P3 + H2O H2O + Nickel  -> ADP C10H12N5O10P2 + H+ + Nickel + Phosphate 
NMNAT	Nicotinamide-nucleotide adenylyltransferase	2.7.7.1; 2.7.7.18	ATP C10H12N5O13P3 + H+ + NMN C11H14N2O8P  -> Nicotinamide adenine dinucleotide + Diphosphate 
NMNDA	Nicotinamide-nucleotide amidase	3.5.1.42	H2O H2O + NMN C11H14N2O8P  -> Ammonium + Nicotinate D-ribonucleotide 
NMNPtpp	NMN permease (periplasm)		NMN C11H14N2O8P  -> NMN C11H14N2O8P 
NMNR	Nmn hydrolysis	3.1.3.-; 3.1.3.5	H2O H2O + NMN C11H14N2O8P  -> Phosphate + N Ribosylnicotinamide C11H15N2O5 
NMNS	NMN synthetase	2.4.2.12	H+ + Nicotinamide + 5-Phospho-alpha-D-ribose 1-diphosphate  -> NMN C11H14N2O8P + Diphosphate 
NMNtex	NMN transport via diffusion (extracellular to periplasm)		NMN C11H14N2O8P  -> NMN C11H14N2O8P 
NNAM	Nicotinamidase	3.5.1.19	H2O H2O + Nicotinamide  -> Nicotinate + Ammonium 
NNATr	Nicotinate-nucleotide adenylyltransferase	2.7.7.1; 2.7.7.18	ATP C10H12N5O13P3 + H+ + Nicotinate D-ribonucleotide  <=> Deamino-NAD+ + Diphosphate 
NNDPR	Nicotinate-nucleotide diphosphorylase (carboxylating)	2.4.2.19	2 H+ + 5-Phospho-alpha-D-ribose 1-diphosphate + Quinolinate  -> CO2 CO2 + Nicotinate D-ribonucleotide + Diphosphate 
NO2t2rpp	Nitrite transport in via proton symport, reversible (periplasm)		H+ + Nitrite  -> H+ + Nitrite 
NO2tex	Nitrite transport via diffusion (extracellular to periplasm)		Nitrite  -> Nitrite 
NO3R1pp	Nitrate reductase (Ubiquinol-8) (periplasm)		2 H+ + Nitrate + Ubiquinol-8  -> H2O H2O + 2 H+ + Nitrite + Ubiquinone-8 
NO3R2	Nitrate reductase (Menaquinol-8)		2 H+ + Menaquinol 8 + Nitrate  -> H2O H2O + 2 H+ + Menaquinone 8 + Nitrite 
NO3R2pp	Nitrate reductase (Menaquinol-8) (periplasm)		2 H+ + Menaquinol 8 + Nitrate  -> H2O H2O + 2 H+ + Menaquinone 8 + Nitrite 
NO3abcpp	Nitrate transport via ABC system (periplasm)	3.6.3.26	ATP C10H12N5O13P3 + H2O H2O + Nitrate  -> ADP C10H12N5O10P2 + H+ + Nitrate + Phosphate 
NO3t7pp	Nitrate transport in via nitrite antiport (periplasm)		Nitrite + Nitrate  -> Nitrite + Nitrate 
NO3tex	Nitrate transport via diffusion (extracellular to periplasm)		Nitrate  -> Nitrate 
NODOx	Nitric oxide dioxygenase	1.14.12.17	Nicotinamide adenine dinucleotide - reduced + 2 Nitric oxide + 2 O2 O2  -> H+ + Nicotinamide adenine dinucleotide + 2 Nitrate 
NODOy	Nitric oxide dioxygenase	1.14.12.17	Nicotinamide adenine dinucleotide phosphate - reduced + 2 Nitric oxide + 2 O2 O2  -> H+ + Nicotinamide adenine dinucleotide phosphate + 2 Nitrate 
NOVBCNtex	Novobiocin transport via diffusion (extracellular to periplasm)		Novobiocin  -> Novobiocin 
NOVBCNtpp	Novobiocin transport via TolC system		H+ + Novobiocin  -> H+ + Novobiocin 
NOtex	Nitric oxide transport via diffusion (extracellular to periplasm)		Nitric oxide  -> Nitric oxide 
NOtpp	NO transport (diffusion)		Nitric oxide  -> Nitric oxide 
NPHS	Naphthoate synthase	4.1.3.36	O-Succinylbenzoyl-CoA  -> Coenzyme A + 1,4-Dihydroxy-2-naphthoate 
NTD1	5'-nucleotidase (dUMP)	3.1.3.5; 3.1.3.89	DUMP C9H11N2O8P + H2O H2O  -> Deoxyuridine + Phosphate 
NTD10	5'-nucleotidase (XMP)	3.1.3.5	H2O H2O + Xanthosine 5'-phosphate  -> Phosphate + Xanthosine 
NTD10pp	5'-nucleotidase (XMP)	3.1.3.5	H2O H2O + Xanthosine 5'-phosphate  -> Phosphate + Xanthosine 
NTD11	5'-nucleotidase (IMP)	3.1.3.5; 3.1.3.99	H2O H2O + IMP C10H11N4O8P  -> Inosine + Phosphate 
NTD11pp	5'-nucleotidase (IMP)	3.1.3.5; 3.1.3.99	H2O H2O + IMP C10H11N4O8P  -> Inosine + Phosphate 
NTD12	5'-nucleotidase (dIMP)		DIMP C10H12N4O7P + H2O H2O  -> Deoxyinosine + Phosphate 
NTD12pp	5'-nucleotidase (dIMP) (periplasm)		DIMP C10H12N4O7P + H2O H2O  -> Deoxyinosine + Phosphate 
NTD1pp	5'-nucleotidase (dUMP)	3.1.3.5; 3.1.3.89	DUMP C9H11N2O8P + H2O H2O  -> Deoxyuridine + Phosphate 
NTD2	5'-nucleotidase (UMP)	3.1.3.5	H2O H2O + UMP C9H11N2O9P  -> Phosphate + Uridine 
NTD2pp	5'-nucleotidase (UMP)	3.1.3.5	H2O H2O + UMP C9H11N2O9P  -> Phosphate + Uridine 
NTD3	5'-nucleotidase (dCMP)	3.1.3.5; 3.1.3.89	DCMP C9H12N3O7P + H2O H2O  -> Deoxycytidine + Phosphate 
NTD3pp	5'-nucleotidase (dCMP)	3.1.3.5; 3.1.3.89	DCMP C9H12N3O7P + H2O H2O  -> Deoxycytidine + Phosphate 
NTD4	5'-nucleotidase (CMP)	3.1.3.5; 3.1.3.91	CMP C9H12N3O8P + H2O H2O  -> Cytidine + Phosphate 
NTD4pp	5'-nucleotidase (CMP)	3.1.3.5; 3.1.3.91	CMP C9H12N3O8P + H2O H2O  -> Cytidine + Phosphate 
NTD5	5'-nucleotidase (dTMP)	3.1.3.35; 3.1.3.5; 3.1.3.89	DTMP C10H13N2O8P + H2O H2O  -> Phosphate + Thymidine C10H14N2O5 
NTD5pp	5'-nucleotidase (dTMP)	3.1.3.35; 3.1.3.5; 3.1.3.89	DTMP C10H13N2O8P + H2O H2O  -> Phosphate + Thymidine C10H14N2O5 
NTD6	5'-nucleotidase (dAMP)	3.1.3.5; 3.1.3.89	DAMP C10H12N5O6P + H2O H2O  -> Deoxyadenosine + Phosphate 
NTD6pp	5'-nucleotidase (dAMP)	3.1.3.5; 3.1.3.89	DAMP C10H12N5O6P + H2O H2O  -> Deoxyadenosine + Phosphate 
NTD7	5'-nucleotidase (AMP)	3.1.3.5	AMP C10H12N5O7P + H2O H2O  -> Adenosine + Phosphate 
NTD7pp	5'-nucleotidase (AMP)	3.1.3.5	AMP C10H12N5O7P + H2O H2O  -> Adenosine + Phosphate 
NTD8	5'-nucleotidase (dGMP)	3.1.3.5; 3.1.3.89	DGMP C10H12N5O7P + H2O H2O  -> Deoxyguanosine + Phosphate 
NTD8pp	5'-nucleotidase (dGMP)	3.1.3.5; 3.1.3.89	DGMP C10H12N5O7P + H2O H2O  -> Deoxyguanosine + Phosphate 
NTD9	5'-nucleotidase (GMP)	3.1.3.5	GMP C10H12N5O8P + H2O H2O  -> Guanosine + Phosphate 
NTD9pp	5'-nucleotidase (GMP)	3.1.3.5	GMP C10H12N5O8P + H2O H2O  -> Guanosine + Phosphate 
NTP1	Nucleoside-triphosphatase (ATP)	3.6.1.15; 3.6.1.3; 3.6.1.5; 3.6.1.8; 3.6.3.1; 3.6.3.10; 3.6.3.11; 3.6.3.12; 3.6.3.14; 3.6.3.15; 3.6.3.16; 3.6.3.17; 3.6.3.18; 3.6.3.19; 3.6.3.2; 3.6.3.20; 3.6.3.21; 3.6.3.22; 3.6.3.23; 3.6.3.24; 3.6.3.25; 3.6.3.26; 3.6.3.27; 3.6.3.28; 3.6.3.29; 3.6.3.3; 3.6.3.30; 3.6.3.31; 3.6.3.32; 3.6.3.33; 3.6.3.34; 3.6.3.35; 3.6.3.36; 3.6.3.37; 3.6.3.38; 3.6.3.39; 3.6.3.4; 3.6.3.40; 3.6.3.41; 3.6.3.42; 3.6.3.43; 3.6.3.44; 3.6.3.46; 3.6.3.47; 3.6.3.48; 3.6.3.49; 3.6.3.5; 3.6.3.50; 3.6.3.51; 3.6.3.52; 3.6.3.53; 3.6.3.54; 3.6.3.6; 3.6.3.7; 3.6.3.8; 3.6.3.9; 3.6.4.1; 3.6.4.10; 3.6.4.11; 3.6.4.12; 3.6.4.13; 3.6.4.2; 3.6.4.3; 3.6.4.4; 3.6.4.5; 3.6.4.6; 3.6.4.7; 3.6.4.8; 3.6.4.9	ATP C10H12N5O13P3 + H2O H2O  -> ADP C10H12N5O10P2 + H+ + Phosphate 
NTP10	Nucleoside-triphosphatase (ITP)	3.6.1; 3.6.1.5	H2O H2O + ITP C10H11N4O14P3  -> H+ + IDP C10H11N4O11P2 + Phosphate 
NTP11	Nucleoside-triphosphatase (dITP)		DITP(4-) + H2O H2O  -> DIDP; 2'-deoxyinosine-5'-diphosphate(3-) + H+ + Phosphate 
NTP3	Nucleoside-triphosphatase (GTP)	3.6.1.15; 3.6.1.5; 3.6.5.1; 3.6.5.2; 3.6.5.3; 3.6.5.4; 3.6.5.5; 3.6.5.6	GTP C10H12N5O14P3 + H2O H2O  -> GDP C10H12N5O11P2 + H+ + Phosphate 
NTP3pp	Nucleoside-triphosphatase (GTP) (periplasm)	3.6.1.15; 3.6.1.5; 3.6.5.1; 3.6.5.2; 3.6.5.3; 3.6.5.4; 3.6.5.5; 3.6.5.6	GTP C10H12N5O14P3 + H2O H2O  -> GDP C10H12N5O11P2 + H+ + Phosphate 
NTP5	Nucleoside-triphosphatase (CTP)	3.6.1.15; 3.6.1.5	CTP C9H12N3O14P3 + H2O H2O  -> CDP C9H12N3O11P2 + H+ + Phosphate 
NTP7	Nucleoside-triphosphatase (UTP)	3.1.3.2; 3.6.1.15; 3.6.1.39; 3.6.1.5	H2O H2O + UTP C9H11N2O15P3  -> H+ + Phosphate + UDP C9H11N2O12P2 
NTPP1	Nucleoside triphosphate pyrophosphorylase (dgtp)	3.6.1.-; 3.6.1.19; 3.6.1.9	DGTP C10H12N5O13P3 + H2O H2O  -> DGMP C10H12N5O7P + H+ + Diphosphate 
NTPP10	Nucleoside triphosphate pyrophosphorylase (ditp)	3.6.1.-; 3.6.1.66	DITP(4-) + H2O H2O  -> DIMP C10H12N4O7P + H+ + Diphosphate 
NTPP11	Nucleoside triphosphate pyrophosphorylase (xtp)	3.6.1.-; 3.6.1.66	H2O H2O + XTP  -> H+ + Diphosphate + Xanthosine 5'-phosphate 
NTPP2	Nucleoside triphosphate pyrophosphorylase (gtp)	3.6.1.-; 3.6.1.8; 3.6.1.9	GTP C10H12N5O14P3 + H2O H2O  -> GMP C10H12N5O8P + H+ + Diphosphate 
NTPP3	Nucleoside triphosphate pyrophosphorylase (dctp)	3.6.1.12; 3.6.1.65; 3.6.1.9	DCTP C9H12N3O13P3 + H2O H2O  -> DCMP C9H12N3O7P + H+ + Diphosphate 
NTPP4	Nucleoside triphosphate pyrophosphorylase (ctp)	3.6.1.65; 3.6.1.8; 3.6.1.9	CTP C9H12N3O14P3 + H2O H2O  -> CMP C9H12N3O8P + H+ + Diphosphate 
NTPP5	Nucleoside triphosphate pyrophosphorylase (datp)	3.6.1.19; 3.6.1.9	DATP C10H12N5O12P3 + H2O H2O  -> DAMP C10H12N5O6P + H+ + Diphosphate 
NTPP6	Nucleoside triphosphate pyrophosphorylase (atp)	3.6.1.8; 3.6.1.9	ATP C10H12N5O13P3 + H2O H2O  -> AMP C10H12N5O7P + H+ + Diphosphate 
NTPP7	Nucleoside triphosphate pyrophosphorylase (dttp)	3.6.1.19; 3.6.1.9	DTTP C10H13N2O14P3 + H2O H2O  -> DTMP C10H13N2O8P + H+ + Diphosphate 
NTPP8	Nucleoside triphosphate pyrophosphorylase (utp)	3.6.1.8; 3.6.1.9	H2O H2O + UTP C9H11N2O15P3  -> H+ + Diphosphate + UMP C9H11N2O9P 
NTPP9	Nucleoside triphosphate pyrophosphorylase (itp)	3.6.1.-; 3.6.1.8; 3.6.1.9	H2O H2O + ITP C10H11N4O14P3  -> H+ + IMP C10H11N4O8P + Diphosphate 
NTPTP1	Nucleoside triphosphate tripolyhydrolase	3.1.5.1	DGTP C10H12N5O13P3 + H2O H2O  -> Deoxyguanosine + Inorganic triphosphate 
NTPTP2	Nucleoside triphosphate tripolyhydrolase		GTP C10H12N5O14P3 + H2O H2O  -> Guanosine + Inorganic triphosphate 
NTRIR2x	Nitrite Reductase (NADH)	1.7.1.15; 1.7.1.4	5 H+ + 3 Nicotinamide adenine dinucleotide - reduced + Nitrite  -> 2 H2O H2O + 3 Nicotinamide adenine dinucleotide + Ammonium 
NTRIR2y	Nitrite Reductase (NADPH)	1.7.1.4	5 H+ + 3 Nicotinamide adenine dinucleotide phosphate - reduced + Nitrite  -> 2 H2O H2O + 3 Nicotinamide adenine dinucleotide phosphate + Ammonium 
O2Stex	Superoxide anion transport via diffusion (extracellular to periplasm)		Superoxide anion  -> Superoxide anion 
O2tex	Oxygen transport via diffusion (extracellular to periplasm)		O2 O2  -> O2 O2 
O2tpp	O2 transport via diffusion (periplasm)		O2 O2  -> O2 O2 
OAADC	Oxaloacetate decarboxylase	1.1.1.38; 1.1.1.40; 4.1.1.3	H+ + Oxaloacetate  -> CO2 CO2 + Pyruvate 
OAAt2_2pp	Oxaloacetate transport via proton symport 2 H  periplasm		2 H+ + Oxaloacetate  -> 2 H+ + Oxaloacetate 
OAAtex	Oxaloacetate transport via diffusion extracellular to periplasm	5.3.2.2	Oxaloacetate  -> Oxaloacetate 
OBTFL	2-Oxobutanoate formate lyase	2.3.1; 2.3.1.54	2-Oxobutanoate + Coenzyme A  -> Formate + Propanoyl-CoA 
OCBT	Ornithine carbamoyltransferase	2.1.3.3	Carbamoyl phosphate + Ornithine  <=> L-Citrulline + H+ + Phosphate 
OCBT_1	Ornithine carbamoyltransferase	2.1.3.3	Carbamoyl phosphate + L Ornithine C5H13N2O2  <=> L-Citrulline + H+ + Phosphate 
OCDCAt2pp	Octadecanoate transport via proton symport		H+ + Octadecanoate (n-C18:0)  -> H+ + Octadecanoate (n-C18:0) 
OCDCAtexi	Octadecanoate transport via facilitated irreversible diffusion (extracellular to periplasm)		Octadecanoate (n-C18:0)  -> Octadecanoate (n-C18:0) 
OCDCEAt2pp	Octadecenoate transport via proton symport		H+ + Octadecenoate (n-C18:1)  -> H+ + Octadecenoate (n-C18:1) 
OCDCEAtexi	Octadecenoate (n-C18:1) transport via facilitated irreversible diffusion (extracellular to periplasm)		Octadecenoate (n-C18:1)  -> Octadecenoate (n-C18:1) 
OCOAT4	3 oxoacid CoA transferase  Succinyl CoA dehydrocarnitine		3 dehydrocarnitine + Succinyl-CoA  -> 3 dehydrocarnitine coenzyme A + Succinate 
OCTAtex	Octanoate transport via diffusion (extracellular to periplasm)		Octanoate (n-C8:0)  -> Octanoate (n-C8:0) 
OCTDPS	Octaprenyl pyrophosphate synthase	2.5.1.90	Farnesyl diphosphate + 5 Isopentenyl diphosphate  -> All-trans-Octaprenyl diphosphate + 5 Diphosphate 
OGDE1	R_OGDE1		2 Oxoadipate C6H6O5 + H+ + Lipoamide C8H15NOS2  -> S-Glutaryldihydrolipoamide + CO2 CO2 
OHEDH	2-oxo-hept-3-ene-1,7-dioate hydratase	4.2.1.-	2-Oxohept-3-ene-1,7-dioate + H2O H2O  -> 2,4-Dihydroxyhept-2-enedioate 
OHPBAT	O-Phospho-4-hydroxy-L-threonine:2-oxoglutarate aminotransferase	2.6.1.52	L-Glutamate + 2-Oxo-3-hydroxy-4-phosphobutanoate  <=> 2-Oxoglutarate + O-Phospho-4-hydroxy-L-threonine 
OMCDC	2-Oxo-4-methyl-3-carboxypentanoate decarboxylation	1.1.1.85	3-Carboxy-4-methyl-2-oxopentanoate + H+  -> 4-Methyl-2-oxopentanoate + CO2 CO2 
OMPDC	Orotidine-5'-phosphate decarboxylase	4.1.1.23	H+ + Orotidine 5'-phosphate  -> CO2 CO2 + UMP C9H11N2O9P 
OP4ENH	2-oxopent-4-enoate hydratase	4.2.1.80	H2O H2O + 2-Oxopent-4-enoate  -> 4-Hydroxy-2-oxopentanoate 
OPETDC	OPET decarboxylase		5-Carboxy-2-oxohept-3-enedioate + H+  -> 2-Hydroxyhepta-2-4-dienedioate + CO2 CO2 
OPHBDC	Octaprenyl-hydroxybenzoate decarboxylase	4.1.1.98	3-Octaprenyl-4-hydroxybenzoate + H+  -> 2-Octaprenylphenol + CO2 CO2 
OPHHX	2-Octaprenylphenol hydroxylase		2-Octaprenylphenol + 0.5 O2 O2  -> 2-Octaprenyl-6-hydroxyphenol 
OPHHXy	2-Octaprenylphenol hydroxylase (NADPH)		2-Octaprenylphenol + H+ + Nicotinamide adenine dinucleotide phosphate - reduced + O2 O2  -> 2-Octaprenyl-6-hydroxyphenol + H2O H2O + Nicotinamide adenine dinucleotide phosphate 
OPTCCL	5 carboxy 2 oxohept 3 enedioate decarboxylation		5-Carboxy-2-oxohept-3-enedioate + H+  -> 2-Hydroxyhepta-2-4-dienedioate + CO2 CO2 
ORNDC	Ornithine Decarboxylase	4.1.1.17	H+ + Ornithine  -> CO2 CO2 + Putrescine 
ORNabc	Ornithine transport via ABC system	3.6.3.21	ATP C10H12N5O13P3 + H2O H2O + Ornithine  -> ADP C10H12N5O10P2 + H+ + Ornithine + Phosphate 
ORNabcpp	Ornithine transport via ABC system (periplasm)	3.6.3.21	ATP C10H12N5O13P3 + H2O H2O + Ornithine  -> ADP C10H12N5O10P2 + H+ + Ornithine + Phosphate 
ORNtex	Ornithine transport via diffusion (extracellular to periplasm)		Ornithine  -> Ornithine 
OROTt2_2pp	Orotate transport via proton symport (2 H) (periplasm)		2 H+ + Orotate C5H3N2O4  -> 2 H+ + Orotate C5H3N2O4 
OROTtex	Orotate transport via diffusion (extracellular to periplasm)		Orotate C5H3N2O4  -> Orotate C5H3N2O4 
ORPT	Orotate phosphoribosyltransferase	2.4.2.10	Orotidine 5'-phosphate + Diphosphate  <=> Orotate C5H3N2O4 + 5-Phospho-alpha-D-ribose 1-diphosphate 
OXACOAL	OXACOAL	6.2.1.8	ATP C10H12N5O13P3 + Coenzyme A + Oxalate  <=> AMP C10H12N5O7P + Oxalyl-CoA + Diphosphate 
OXCOAHDH	Oxepin-CoA hydrolase/ 3-oxo-5,6-dehydrosuberyl-CoA semialdehyde dehydrogenase (NADP+)		2-oxepin-2(3H)-ylideneacetyl-CoA + 2 H2O H2O + Nicotinamide adenine dinucleotide phosphate  -> 3-oxo-5,6-dehydrosuberyl-CoA + 2 H+ + Nicotinamide adenine dinucleotide phosphate - reduced 
OXDHCOAT	3-oxo-5,6-dehydrosuberyl-CoA thiolase	2.3.1.223	3-oxo-5,6-dehydrosuberyl-CoA + Coenzyme A  -> 2,3-dehydroadipyl-CoA + Acetyl-CoA 
OXFOt4pp	Oxalate:Formate antiporter (periplasm)		Formate + Oxalate  <=> Formate + Oxalate 
OXFOtex	Oxalate:Formate antiporter (extracellular to periplasm)		Oxalate  -> Oxalate 
OXGDC2	2-oxoglutarate decarboxylase	4.1.1.71	2-Oxoglutarate + H+ + Thiamine diphosphate  -> CO2 CO2 + Succinate semialdehyde-thiamin diphosphate anion 
OXOAEL	3-oxoadipate enol-lactone hydrolase	3.1.1.24	5-Oxo-4,5-dihydrofuran-2-acetate + H2O H2O  -> 3-Oxoadipate + H+ 
OXPTNDH	Glutarate-semialdehyde:NAD+ oxidoreductase	1.2.1.20	H2O H2O + Nicotinamide adenine dinucleotide + 5-Oxopentanoate  <=> Glutarate + 2 H+ + Nicotinamide adenine dinucleotide - reduced 
P5CD	1-pyrroline-5-carboxylate dehydrogenase	1.2.1.88; 1.5.1.12	1-Pyrroline-5-carboxylate + 2 H2O H2O + Nicotinamide adenine dinucleotide  -> L-Glutamate + H+ + Nicotinamide adenine dinucleotide - reduced 
P5CR	Pyrroline-5-carboxylate reductase	1.5.1.2	1-Pyrroline-5-carboxylate + 2 H+ + Nicotinamide adenine dinucleotide phosphate - reduced  -> Nicotinamide adenine dinucleotide phosphate + L-Proline 
PA120abcpp	Phosphatidate transport via ABC system (n-C12:0, periplasm)		ATP C10H12N5O13P3 + H2O H2O + 1,2-didodecanoyl-sn-glycerol 3-phosphate  -> ADP C10H12N5O10P2 + H+ + 1,2-didodecanoyl-sn-glycerol 3-phosphate + Phosphate 
PA140abcpp	Phosphatidate transport via ABC system (n-C14:0, periplasm)		ATP C10H12N5O13P3 + H2O H2O + 1,2-ditetradecanoyl-sn-glycerol 3-phosphate  -> ADP C10H12N5O10P2 + H+ + 1,2-ditetradecanoyl-sn-glycerol 3-phosphate + Phosphate 
PA141abcpp	Phosphatidate transport via ABC system (n-C14:1, periplasm)		ATP C10H12N5O13P3 + H2O H2O + 1,2-ditetradec-7-enoyl-sn-glycerol 3-phosphate  -> ADP C10H12N5O10P2 + H+ + 1,2-ditetradec-7-enoyl-sn-glycerol 3-phosphate + Phosphate 
PA160abcpp	Phosphatidate transport via ABC system (n-C16:0, periplasm)		ATP C10H12N5O13P3 + H2O H2O + 1,2-dihexadecanoyl-sn-glycerol 3-phosphate  -> ADP C10H12N5O10P2 + H+ + 1,2-dihexadecanoyl-sn-glycerol 3-phosphate + Phosphate 
PA161abcpp	Phosphatidate transport via ABC system (n-C16:1, periplasm)		ATP C10H12N5O13P3 + H2O H2O + 1,2-dihexadec-9-enoyl-sn-glycerol 3-phosphate  -> ADP C10H12N5O10P2 + H+ + 1,2-dihexadec-9-enoyl-sn-glycerol 3-phosphate + Phosphate 
PA180abcpp	Phosphatidate transport via ABC system (n-C18:0, periplasm)		ATP C10H12N5O13P3 + H2O H2O + 1,2-dioctadecanoyl-sn-glycerol 3-phosphate  -> ADP C10H12N5O10P2 + H+ + 1,2-dioctadecanoyl-sn-glycerol 3-phosphate + Phosphate 
PA181abcpp	Phosphatidate transport via ABC system (n-C18:1, periplasm)		ATP C10H12N5O13P3 + H2O H2O + 1,2-dioctadec-11-enoyl-sn-glycerol 3-phosphate  -> ADP C10H12N5O10P2 + H+ + 1,2-dioctadec-11-enoyl-sn-glycerol 3-phosphate + Phosphate 
PACALDt	Phenylacetaldehyde transport  extracellular		Phenylacetaldehyde  <=> Phenylacetaldehyde 
PACALDtex	Phenethylacetaldehyde transport via diffusion (extracellular to periplasm)		Phenylacetaldehyde  -> Phenylacetaldehyde 
PACALtabcpp	Phenylacetaldehyde transport via ABC system  periplasm		ATP C10H12N5O13P3 + H2O H2O + Phenylacetaldehyde  -> ADP C10H12N5O10P2 + H+ + Phenylacetaldehyde + Phosphate 
PACCOAE	Ring 1,2-phenylacetyl-CoA epoxidase (NADPH)		H+ + Nicotinamide adenine dinucleotide phosphate - reduced + O2 O2 + Phenylacetyl-CoA  -> H2O H2O + Nicotinamide adenine dinucleotide phosphate + Ring 1,2-epoxyphenylacetyl-CoA 
PACL	Phenylacetate---CoA ligase		ATP C10H12N5O13P3 + Coenzyme A + Phenylacetic acid  -> AMP C10H12N5O7P + Phenylacetyl-CoA + Diphosphate 
PACt1	Phenylacetic acid transport via outer membrane porin		Phenylacetic acid  <=> Phenylacetic acid 
PACt2r	PACt2r		H+ + Phenylacetic acid  -> H+ + Phenylacetic acid 
PALDO2	Phosphonoaldehyde dehydrogenase   NADH		Nicotinamide adenine dinucleotide - reduced + O2 O2 + Phosphonoacetaldehyde  <=> H2O H2O + Nicotinamide adenine dinucleotide + Phosphonoacetate 
PANTS	Pantothenate synthase	6.3.2.1	Beta-Alanine + ATP C10H12N5O13P3 + (R)-Pantoate  -> AMP C10H12N5O7P + H+ + (R)-Pantothenate + Diphosphate 
PAPA120	Phosphatidate phosphatase (n-C12:0)		H2O H2O + 1,2-didodecanoyl-sn-glycerol 3-phosphate  -> 1,2-Diacyl-sn-glycerol (didodecanoyl, n-C12:0) + Phosphate 
PAPA140	Phosphatidate phosphatase (n-C14:0)		H2O H2O + 1,2-ditetradecanoyl-sn-glycerol 3-phosphate  -> 1,2-Diacyl-sn-glycerol (ditetradecanoyl, n-C14:0) + Phosphate 
PAPA140pp	Phosphatidate phosphatase (periplasmic, n-C14:0)		H2O H2O + 1,2-ditetradecanoyl-sn-glycerol 3-phosphate  -> 1,2-Diacyl-sn-glycerol (ditetradecanoyl, n-C14:0) + Phosphate 
PAPA141	Phosphatidate phosphatase (n-C14:1)		H2O H2O + 1,2-ditetradec-7-enoyl-sn-glycerol 3-phosphate  -> 1,2-Diacyl-sn-glycerol (ditetradec-7-enoyl, n-C14:1) + Phosphate 
PAPA160	Phosphatidate phosphatase (n-C16:0)	3.1.3.4	H2O H2O + 1,2-dihexadecanoyl-sn-glycerol 3-phosphate  -> 1,2-Diacyl-sn-glycerol (dihexadecanoyl, n-C16:0) + Phosphate 
PAPA160pp	Phosphatidate phosphatase (periplasmic, n-C16:0)	3.1.3.4	H2O H2O + 1,2-dihexadecanoyl-sn-glycerol 3-phosphate  -> 1,2-Diacyl-sn-glycerol (dihexadecanoyl, n-C16:0) + Phosphate 
PAPA161	Phosphatidate phosphatase (n-C16:1)		H2O H2O + 1,2-dihexadec-9-enoyl-sn-glycerol 3-phosphate  -> 1,2-Diacyl-sn-glycerol (dihexadec-9-enoyl, n-C16:1) + Phosphate 
PAPA180	Phosphatidate phosphatase (n-C18:0)		H2O H2O + 1,2-dioctadecanoyl-sn-glycerol 3-phosphate  -> 1,2-Diacyl-sn-glycerol (dioctadecanoyl, n-C18:0) + Phosphate 
PAPA180pp	Phosphatidate phosphatase (periplasmic, n-C18:0)		H2O H2O + 1,2-dioctadecanoyl-sn-glycerol 3-phosphate  -> 1,2-Diacyl-sn-glycerol (dioctadecanoyl, n-C18:0) + Phosphate 
PAPA181	Phosphatidate phosphatase (n-C18:1)		H2O H2O + 1,2-dioctadec-11-enoyl-sn-glycerol 3-phosphate  -> 1,2-Diacyl-sn-glycerol (dioctadec-11-enoyl, n-C18:1) + Phosphate 
PAPA181pp	Phosphatidate phosphatase (periplasmic, n-C18:1)		H2O H2O + 1,2-dioctadec-11-enoyl-sn-glycerol 3-phosphate  -> 1,2-Diacyl-sn-glycerol (dioctadec-11-enoyl, n-C18:1) + Phosphate 
PAPPT3	Phospho-N-acetylmuramoyl-pentapeptide-transferase (meso-2,6-diaminopimelate)	2.7.8.13	Undecaprenyl phosphate + UDP-N-acetylmuramoyl-L-alanyl-D-glutamyl-meso-2,6-diaminopimeloyl-D-alanyl-D-alanine  -> Undecaprenyl-diphospho-N-acetylmuramoyl-L-alanyl-D-glutamyl-meso-2,6-diaminopimeloyl-D-alanyl-D-alanine + UMP C9H11N2O9P 
PAPSR	Phosphoadenylyl-sulfate reductase (thioredoxin)	1.8.4.8	3'-Phosphoadenylyl sulfate + Reduced thioredoxin  -> 2 H+ + Adenosine 3',5'-bisphosphate + Sulfite + Oxidized thioredoxin 
PAPSR2	Phosphoadenylyl-sulfate reductase (glutaredoxin)	1.8.4.8	Glutaredoxin (reduced) + 3'-Phosphoadenylyl sulfate  -> Glutaredoxin (oxidized) + 2 H+ + Adenosine 3',5'-bisphosphate + Sulfite 
PCADYOX	Protocatechuate 3 4 dioxygenase	1.13.11.3	3,4-Dihydroxybenzoate + O2 O2  -> Cis,cis-Butadiene-1,2,4-tricarboxylate + 2 H+ 
PCMEH3pp	P-cresol methylhydroxylase / 4-hydroxybenzyl alcohol dehydrogenase(membrane bound, enzyme)		4-Hydroxy-benzyl alcohol + Menaquinone 8  -> 4-Hydroxybenzaldehyde + Menaquinol 8 
PCNO	Propanoyl-CoA:NADP+ 2-oxidoreductase	1.3.1.-; 1.3.1.84	Nicotinamide adenine dinucleotide phosphate + Propanoyl-CoA  -> H+ + Nicotinamide adenine dinucleotide phosphate - reduced + Propenoyl-CoA 
PDC	R_PDC		2-(alpha-Hydroxyethyl)thiamine diphosphate  -> Acetaldehyde + Thiamine diphosphate 
PDE1	3',5'-cyclic-nucleotide phosphodiesterase	3.1.4.17; 3.1.4.53	CAMP C10H11N5O6P + H2O H2O  -> AMP C10H12N5O7P + H+ 
PDE4	3',5'-cyclic-nucleotide phosphodiesterase	3.1.4.17; 3.1.4.35	3',5'-Cyclic GMP + H2O H2O  -> GMP C10H12N5O8P + H+ 
PDH	Pyruvate dehydrogenase	1.2.1; 1.2.1.51; 1.2.4.1; 1.8.1.4; 2.3.1.12	Coenzyme A + Nicotinamide adenine dinucleotide + Pyruvate  -> Acetyl-CoA + CO2 CO2 + Nicotinamide adenine dinucleotide - reduced 
PDHbr	Pyruvate dehydrogenase (dihydrolipoamide) reversible	2.3.1.12; 2.3.1.168	S-Acetyldihydrolipoamide + Coenzyme A  <=> Acetyl-CoA + Dihydrolipoamide C8H17NOS2 
PDHcr	Pyruvate dehydrogenase (dihydrolipoamide dehydrogenase) reversible	1.8.1; 1.8.1.4	Dihydrolipoamide C8H17NOS2 + Nicotinamide adenine dinucleotide  -> H+ + Lipoamide C8H15NOS2 + Nicotinamide adenine dinucleotide - reduced 
PDX5POi	Pyridoxine 5'-phosphate oxidase	1.4.3.5	O2 O2 + Pyridoxine 5'-phosphate  -> Hydrogen peroxide + Pyridoxal 5'-phosphate 
PDX5PS	Pyridoxine 5'-phosphate synthase		1-deoxy-D-xylulose 5-phosphate + Nicotinamide adenine dinucleotide + O-Phospho-4-hydroxy-L-threonine  -> CO2 CO2 + 2 H2O H2O + H+ + Nicotinamide adenine dinucleotide - reduced + Pyridoxine 5'-phosphate + Phosphate 
PDXPP	Pyridoxine 5-phosphate phosphatase	3.1.3.74	H2O H2O + Pyridoxine 5'-phosphate  -> Phosphate + Pyridoxine 
PE120abcpp	Phosphatidylethanolamine transport via ABC system (n-C12:0, periplasm)		ATP C10H12N5O13P3 + H2O H2O + Phosphatidylethanolamine (didodecanoyl, n-C12:0)  -> ADP C10H12N5O10P2 + H+ + Phosphatidylethanolamine (didodecanoyl, n-C12:0) + Phosphate 
PE140abcpp	Phosphatidylethanolamine transport via ABC system (n-C14:0, periplasm)		ATP C10H12N5O13P3 + H2O H2O + Phosphatidylethanolamine (ditetradecanoyl, n-C14:0)  -> ADP C10H12N5O10P2 + H+ + Phosphatidylethanolamine (ditetradecanoyl, n-C14:0) + Phosphate 
PE141abcpp	Phosphatidylethanolamine transport via ABC system (n-C14:1, periplasm)		ATP C10H12N5O13P3 + H2O H2O + Phosphatidylethanolamine (ditetradec-7-enoyl, n-C14:1)  -> ADP C10H12N5O10P2 + H+ + Phosphatidylethanolamine (ditetradec-7-enoyl, n-C14:1) + Phosphate 
PE160abcpp	Phosphatidylethanolamine transport via ABC system (n-C16:0, periplasm)		ATP C10H12N5O13P3 + H2O H2O + Phosphatidylethanolamine (dihexadecanoyl, n-C16:0)  -> ADP C10H12N5O10P2 + H+ + Phosphatidylethanolamine (dihexadecanoyl, n-C16:0) + Phosphate 
PE161abcpp	Phosphatidylethanolamine transport via ABC system (n-C16:1, periplasm)		ATP C10H12N5O13P3 + H2O H2O + Phosphatidylethanolamine (dihexadec-9enoyl, n-C16:1)  -> ADP C10H12N5O10P2 + H+ + Phosphatidylethanolamine (dihexadec-9enoyl, n-C16:1) + Phosphate 
PE180abcpp	Phosphatidylethanolamine transport via ABC system (n-C18:0, periplasm)		ATP C10H12N5O13P3 + H2O H2O + Phosphatidylethanolamine (dioctadecanoyl, n-C18:0)  -> ADP C10H12N5O10P2 + H+ + Phosphatidylethanolamine (dioctadecanoyl, n-C18:0) + Phosphate 
PE181abcpp	Phosphatidylethanolamine transport via ABC system (n-C18:1, periplasm)		ATP C10H12N5O13P3 + H2O H2O + Phosphatidylethanolamine (dioctadec-11-enoyl, n-C18:1)  -> ADP C10H12N5O10P2 + H+ + Phosphatidylethanolamine (dioctadec-11-enoyl, n-C18:1) + Phosphate 
PEAMNO	Phenethylamine oxidase	1.4.3.21; 1.4.3.22; 1.4.3.4; 1.4.3.6	H2O H2O + O2 O2 + Phenethylamine  -> Hydrogen peroxide + Ammonium + Phenylacetaldehyde 
PEAMNOpp	Phenethylamine oxidase	1.4.3.21; 1.4.3.22; 1.4.3.4; 1.4.3.6	H2O H2O + O2 O2 + Phenethylamine  -> Hydrogen peroxide + Ammonium + Phenylacetaldehyde 
PEAMNtex	Phenethylamine transport via diffusion (extracellular to periplasm)		Phenethylamine  -> Phenethylamine 
PEAtabcpp	Phenyl ethylamine transport via ABC system  periplasm		ATP C10H12N5O13P3 + H2O H2O + Phenethylamine  -> ADP C10H12N5O10P2 + H+ + Phenethylamine + Phosphate 
PENAM	Penicillin Amidase	3.5.1.11	H2O H2O + Penicillin G C16H18N2O4S  <=> 6 Aminopenicillanic acid C8H12N2O3S + Phenylacetic acid 
PENGt1	Penicillin transport via outer membrane porin		Penicillin G C16H18N2O4S  <=> Penicillin G C16H18N2O4S 
PEPA	MNXR86162		Maltose C12H22O11 + Phosphate  -> H2O H2O + Maltose 6'-phosphate 
PEPt6pp	Phosphoenolpyruvate phosphate antiporter periplasm		Phosphoenolpyruvate + Phosphate  -> Phosphoenolpyruvate + Phosphate 
PEPtex	Phosphoenolpyruvate transport via diffusion extracellular to periplasm		Phosphoenolpyruvate  -> Phosphoenolpyruvate 
PERD	Erythronate 4-phosphate (4per) dehydrogenase	1.1.1.290	4-Phospho-D-erythronate + Nicotinamide adenine dinucleotide  <=> H+ + Nicotinamide adenine dinucleotide - reduced + 2-Oxo-3-hydroxy-4-phosphobutanoate 
PFK	Phosphofructokinase	2.7.1.11	ATP C10H12N5O13P3 + D-Fructose 6-phosphate  -> ADP C10H12N5O10P2 + D-Fructose 1,6-bisphosphate + H+ 
PFK_2	Phosphofructokinase	2.7.1.11; 2.7.1.144; 2.7.1.56	ATP C10H12N5O13P3 + D-Tagatose 6-phosphate  -> ADP C10H12N5O10P2 + H+ + D-Tagatose 1,6-biphosphate 
PFK_3	Phosphofructokinase (s7p)	2.7.1; 2.7.1.11	ATP C10H12N5O13P3 + Sedoheptulose 7-phosphate  -> ADP C10H12N5O10P2 + H+ + Sedoheptulose 1,7-bisphosphate 
PFL	Pyruvate formate lyase	2.3.1.54	Coenzyme A + Pyruvate  -> Acetyl-CoA + Formate 
PFOR	Pyruvate flavodoxin oxidoreductase	1.2.7.-; 1.2.7.1	Coenzyme A + Flavodoxin (oxidized) - obsolete + H+ + Pyruvate  -> Acetyl-CoA + CO2 CO2 + Flavodoxin (reduced) - obsolete 
PG120abcpp	Phosphatidylglycerol transport via ABC system (n-C12:0, periplasm)		ATP C10H12N5O13P3 + H2O H2O + Phosphatidylglycerol (didodecanoyl, n-C12:0)  -> ADP C10H12N5O10P2 + H+ + Phosphatidylglycerol (didodecanoyl, n-C12:0) + Phosphate 
PG140abcpp	Phosphatidylglycerol transport via ABC system (n-C14:0, periplasm)		ATP C10H12N5O13P3 + H2O H2O + Phosphatidylglycerol (ditetradecanoyl, n-C14:0)  -> ADP C10H12N5O10P2 + H+ + Phosphatidylglycerol (ditetradecanoyl, n-C14:0) + Phosphate 
PG141abcpp	Phosphatidylglycerol transport via ABC system (n-C14:1, periplasm)		ATP C10H12N5O13P3 + H2O H2O + Phosphatidylglycerol (ditetradec-7-enoyl, n-C14:1)  -> ADP C10H12N5O10P2 + H+ + Phosphatidylglycerol (ditetradec-7-enoyl, n-C14:1) + Phosphate 
PG160abcpp	Phosphatidylglycerol transport via ABC system (n-C16:0, periplasm)		ATP C10H12N5O13P3 + H2O H2O + Phosphatidylglycerol (dihexadecanoyl, n-C16:0)  -> ADP C10H12N5O10P2 + H+ + Phosphatidylglycerol (dihexadecanoyl, n-C16:0) + Phosphate 
PG161abcpp	Phosphatidylglycerol transport via ABC system (n-C16:1, periplasm)		ATP C10H12N5O13P3 + H2O H2O + Phosphatidylglycerol (dihexadec-9-enoyl, n-C16:1)  -> ADP C10H12N5O10P2 + H+ + Phosphatidylglycerol (dihexadec-9-enoyl, n-C16:1) + Phosphate 
PG180abcpp	Phosphatidylglycerol transport via ABC system (n-C18:0, periplasm)		ATP C10H12N5O13P3 + H2O H2O + Phosphatidylglycerol (dioctadecanoyl, n-C18:0)  -> ADP C10H12N5O10P2 + H+ + Phosphatidylglycerol (dioctadecanoyl, n-C18:0) + Phosphate 
PG181abcpp	Phosphatidylglycerol transport via ABC system (n-C18:1, periplasm)		ATP C10H12N5O13P3 + H2O H2O + Phosphatidylglycerol (dioctadec-11-enoyl, n-C18:1)  -> ADP C10H12N5O10P2 + H+ + Phosphatidylglycerol (dioctadec-11-enoyl, n-C18:1) + Phosphate 
PGAMT	Phosphoglucosamine mutase	5.4.2.10	D-Glucosamine 1-phosphate  <=> D-Glucosamine 6-phosphate 
PGCD	Phosphoglycerate dehydrogenase	1.1.1.95	3-Phospho-D-glycerate + Nicotinamide adenine dinucleotide  -> 3-Phosphohydroxypyruvate + H+ + Nicotinamide adenine dinucleotide - reduced 
PGI	Glucose-6-phosphate isomerase	5.3.1.9	D-Glucose 6-phosphate  -> D-Fructose 6-phosphate 
PGI1c	Glucose-6-phosphateisomerase,glycosome		Alpha-D-glucose 6 phosphate  <=> D-Fructose 6-phosphate 
PGK	Phosphoglycerate kinase	2.7.2.3	3-Phospho-D-glycerate + ATP C10H12N5O13P3  <=> 3-Phospho-D-glyceroyl phosphate + ADP C10H12N5O10P2 
PGL	6-phosphogluconolactonase	3.1.1.31	6-phospho-D-glucono-1,5-lactone + H2O H2O  -> 6-Phospho-D-gluconate + H+ 
PGLCNDH	Phosphogluconate 2 dehydrogenase	1.1.1.43	6-Phospho-2-dehydro-D-gluconate + Nicotinamide adenine dinucleotide phosphate - reduced  <=> 6-Phospho-D-gluconate + 2 H+ + Nicotinamide adenine dinucleotide phosphate 
PGLYCP	Phosphoglycolate phosphatase	3.1.3.18	2-Phosphoglycolate + H2O H2O  -> Glycolate C2H3O3 + Phosphate 
PGM	Phosphoglycerate mutase	5.4.2.1; 5.4.2.11; 5.4.2.12	D-Glycerate 2-phosphate  <=> 3-Phospho-D-glycerate 
PGMT	Phosphoglucomutase	5.4.2.2; 5.4.2.5; 5.4.2.8	D-Glucose 1-phosphate  <=> D-Glucose 6-phosphate 
PGP120abcpp	Phosphatidylglycerophosphate transport via ABC system (n-C12:0, periplasm)		ATP C10H12N5O13P3 + H2O H2O + Phosphatidylglycerophosphate (didodecanoyl, n-C12:0)  -> ADP C10H12N5O10P2 + H+ + Phosphatidylglycerophosphate (didodecanoyl, n-C12:0) + Phosphate 
PGP140abcpp	Phosphatidylglycerophosphate transport via ABC system (n-C14:0, periplasm)		ATP C10H12N5O13P3 + H2O H2O + Phosphatidylglycerophosphate (ditetradecanoyl, n-C14:0)  -> ADP C10H12N5O10P2 + H+ + Phosphatidylglycerophosphate (ditetradecanoyl, n-C14:0) + Phosphate 
PGP141abcpp	Phosphatidylglycerophosphate transport via ABC system (n-C14:1, periplasm)		ATP C10H12N5O13P3 + H2O H2O + Phosphatidylglycerophosphate (ditetradec-7-enoyl, n-C14:1)  -> ADP C10H12N5O10P2 + H+ + Phosphatidylglycerophosphate (ditetradec-7-enoyl, n-C14:1) + Phosphate 
PGP160abcpp	Phosphatidylglycerophosphate transport via ABC system (n-C16:0, periplasm)		ATP C10H12N5O13P3 + H2O H2O + Phosphatidylglycerophosphate (dihexadecanoyl, n-C16:0)  -> ADP C10H12N5O10P2 + H+ + Phosphatidylglycerophosphate (dihexadecanoyl, n-C16:0) + Phosphate 
PGP161abcpp	Phosphatidylglycerophosphate transport via ABC system (n-C16:1, periplasm)		ATP C10H12N5O13P3 + H2O H2O + Phosphatidylglycerophosphate (dihexadec-9-enoyl, n-C16:1)  -> ADP C10H12N5O10P2 + H+ + Phosphatidylglycerophosphate (dihexadec-9-enoyl, n-C16:1) + Phosphate 
PGP180abcpp	Phosphatidylglycerophosphate transport via ABC system (n-C18:0, periplasm)		ATP C10H12N5O13P3 + H2O H2O + Phosphatidylglycerophosphate (dioctadecanoyl, n-C18:0)  -> ADP C10H12N5O10P2 + H+ + Phosphatidylglycerophosphate (dioctadecanoyl, n-C18:0) + Phosphate 
PGP181abcpp	Phosphatidylglycerophosphate transport via ABC system (n-C18:1, periplasm)		ATP C10H12N5O13P3 + H2O H2O + Phosphatidylglycerophosphate (dioctadec-11-enoyl, n-C18:1)  -> ADP C10H12N5O10P2 + H+ + Phosphatidylglycerophosphate (dioctadec-11-enoyl, n-C18:1) + Phosphate 
PGPP120	Phosphatidylglycerol phosphate phosphatase (n-C14:0)	3.1.3.27	H2O H2O + Phosphatidylglycerophosphate (didodecanoyl, n-C12:0)  -> Phosphatidylglycerol (didodecanoyl, n-C12:0) + Phosphate 
PGPP120pp	Phosphatidylglycerol phosphate phosphatase (periplasm, n-C14:0)	3.1.3.27	H2O H2O + Phosphatidylglycerophosphate (didodecanoyl, n-C12:0)  -> Phosphatidylglycerol (didodecanoyl, n-C12:0) + Phosphate 
PGPP140	Phosphatidylglycerol phosphate phosphatase (n-C14:0)		H2O H2O + Phosphatidylglycerophosphate (ditetradecanoyl, n-C14:0)  -> Phosphatidylglycerol (ditetradecanoyl, n-C14:0) + Phosphate 
PGPP140pp	Phosphatidylglycerol phosphate phosphatase (periplasm, n-C14:0)		H2O H2O + Phosphatidylglycerophosphate (ditetradecanoyl, n-C14:0)  -> Phosphatidylglycerol (ditetradecanoyl, n-C14:0) + Phosphate 
PGPP141	Phosphatidylglycerol phosphate phosphatase (n-C14:1)		H2O H2O + Phosphatidylglycerophosphate (ditetradec-7-enoyl, n-C14:1)  -> Phosphatidylglycerol (ditetradec-7-enoyl, n-C14:1) + Phosphate 
PGPP141pp	Phosphatidylglycerol phosphate phosphatase (periplasm, n-C14:1)		H2O H2O + Phosphatidylglycerophosphate (ditetradec-7-enoyl, n-C14:1)  -> Phosphatidylglycerol (ditetradec-7-enoyl, n-C14:1) + Phosphate 
PGPP160	Phosphatidylglycerol phosphate phosphatase (n-C16:0)	3.1.3.27	H2O H2O + Phosphatidylglycerophosphate (dihexadecanoyl, n-C16:0)  -> Phosphatidylglycerol (dihexadecanoyl, n-C16:0) + Phosphate 
PGPP160pp	Phosphatidylglycerol phosphate phosphatase (periplasm, n-C16:0)	3.1.3.27	H2O H2O + Phosphatidylglycerophosphate (dihexadecanoyl, n-C16:0)  -> Phosphatidylglycerol (dihexadecanoyl, n-C16:0) + Phosphate 
PGPP161	Phosphatidylglycerol phosphate phosphatase (n-C16:1)	3.1.3.27	H2O H2O + Phosphatidylglycerophosphate (dihexadec-9-enoyl, n-C16:1)  -> Phosphatidylglycerol (dihexadec-9-enoyl, n-C16:1) + Phosphate 
PGPP161pp	Phosphatidylglycerol phosphate phosphatase (periplasm, n-C16:1)	3.1.3.27	H2O H2O + Phosphatidylglycerophosphate (dihexadec-9-enoyl, n-C16:1)  -> Phosphatidylglycerol (dihexadec-9-enoyl, n-C16:1) + Phosphate 
PGPP180	Phosphatidylglycerol phosphate phosphatase (n-C18:0)	3.1.3.27	H2O H2O + Phosphatidylglycerophosphate (dioctadecanoyl, n-C18:0)  -> Phosphatidylglycerol (dioctadecanoyl, n-C18:0) + Phosphate 
PGPP180pp	Phosphatidylglycerol phosphate phosphatase (periplasm, n-C18:0)	3.1.3.27	H2O H2O + Phosphatidylglycerophosphate (dioctadecanoyl, n-C18:0)  -> Phosphatidylglycerol (dioctadecanoyl, n-C18:0) + Phosphate 
PGPP181	Phosphatidylglycerol phosphate phosphatase (n-C18:1)	3.1.3.27	H2O H2O + Phosphatidylglycerophosphate (dioctadec-11-enoyl, n-C18:1)  -> Phosphatidylglycerol (dioctadec-11-enoyl, n-C18:1) + Phosphate 
PGPP181pp	Phosphatidylglycerol phosphate phosphatase (periplasm, n-C18:1)	3.1.3.27	H2O H2O + Phosphatidylglycerophosphate (dioctadec-11-enoyl, n-C18:1)  -> Phosphatidylglycerol (dioctadec-11-enoyl, n-C18:1) + Phosphate 
PGSA120	Phosphatidylglycerol synthase (n-C12:0)	2.7.8.5	CDP-1,2-didodecanoylglycerol + Glycerol 3-phosphate  -> CMP C9H12N3O8P + H+ + Phosphatidylglycerophosphate (didodecanoyl, n-C12:0) 
PGSA140	Phosphatidylglycerol synthase (n-C14:0)		CDP-1,2-ditetradecanoylglycerol + Glycerol 3-phosphate  -> CMP C9H12N3O8P + H+ + Phosphatidylglycerophosphate (ditetradecanoyl, n-C14:0) 
PGSA141	Phosphatidylglycerol synthase (n-C14:1)		CDP-1,2-ditetradec-7-enoylglycerol + Glycerol 3-phosphate  -> CMP C9H12N3O8P + H+ + Phosphatidylglycerophosphate (ditetradec-7-enoyl, n-C14:1) 
PGSA160	Phosphatidylglycerol synthase (n-C16:0)	2.7.8.5	CDP-1,2-dihexadecanoylglycerol + Glycerol 3-phosphate  -> CMP C9H12N3O8P + H+ + Phosphatidylglycerophosphate (dihexadecanoyl, n-C16:0) 
PGSA161	Phosphatidylglycerol synthase (n-C16:1)	2.7.8.5	CDP-1,2-dihexadec-9-enoylglycerol + Glycerol 3-phosphate  -> CMP C9H12N3O8P + H+ + Phosphatidylglycerophosphate (dihexadec-9-enoyl, n-C16:1) 
PGSA180	Phosphatidylglycerol synthase (n-C18:0)	2.7.8.5	CDP-1,2-dioctadecanoylglycerol + Glycerol 3-phosphate  -> CMP C9H12N3O8P + H+ + Phosphatidylglycerophosphate (dioctadecanoyl, n-C18:0) 
PGSA181	Phosphatidylglycerol synthase (n-C18:1)	2.7.8.5	CDP-1,2-dioctadec-11-enoylglycerol + Glycerol 3-phosphate  -> CMP C9H12N3O8P + H+ + Phosphatidylglycerophosphate (dioctadec-11-enoyl, n-C18:1) 
PHEME2abcpp	Protoheme transport via ABC system  periplasm to cytosol		ATP C10H12N5O13P3 + H2O H2O + Protoheme C34H30FeN4O4  -> ADP C10H12N5O10P2 + H+ + Protoheme C34H30FeN4O4 + Phosphate 
PHEMEt	Heme transport		Protoheme C34H30FeN4O4  <=> Protoheme C34H30FeN4O4 
PHEMEtonex	Heme ton dependend transport system  extracellular to periplasm		H+ + Protoheme C34H30FeN4O4  -> H+ + Protoheme C34H30FeN4O4 
PHETA1	Phenylalanine transaminase	2.6.1.1; 2.6.1.5; 2.6.1.57; 2.6.1.9	2-Oxoglutarate + L-Phenylalanine  <=> L-Glutamate + Phenylpyruvate 
PHETHPTOX3	L Phenylalanine tetrahydrobiopterinoxygen oxidoreductase  Tetrahydromonapterin		O2 O2 + L-Phenylalanine + Tetrahydromonapterin  -> Dihydromonapterin + H2O H2O + L-Tyrosine 
PHEabc	R_PHEabc		ATP C10H12N5O13P3 + H2O H2O + L-Phenylalanine  -> ADP C10H12N5O10P2 + H+ + L-Phenylalanine + Phosphate 
PHEt2rpp	L-phenylalanine reversible transport via proton symport (periplasm)		H+ + L-Phenylalanine  -> H+ + L-Phenylalanine 
PHEtex	L-phenylalanine transport via diffusion (extracellular to periplasm)		L-Phenylalanine  -> L-Phenylalanine 
PHEtipp	L-phenylalanine transport out (periplasm)		L-Phenylalanine  -> L-Phenylalanine 
PHHL	R_PHHL		H2O H2O + Phosphonoacetate  <=> Acetate + 3 H+ + Phosphate 
PHHL2	R_PHHL2		Phosphonoacetaldehyde + H2O H2O + H+ + Nicotinamide adenine dinucleotide  -> Nicotinamide adenine dinucleotide - reduced + Phosphonoacetate 
PHNACH	Phosphonoacetate hydrolase		H2O H2O + Phosphonoacetate  -> Acetate + Phosphate 
PICH	Phenylitaconyl-CoA hydratase	4.2.1.-	H2O H2O + E-Phenylitaconyl-CoA  <=> (Hydroxymethylphenyl)succinyl-CoA 
PIMEtr	PIMEtr		Pimelate  -> Pimelate 
PIt2rpp	Phosphate reversible transport via symport (periplasm)		H+ + Phosphate  -> H+ + Phosphate 
PIt7	Phosphate transport in/out via three Na+ symporter		3 Sodium + Phosphate  -> 3 Sodium + Phosphate 
PItex	Phosphate transport via diffusion (extracellular to periplasm)		Phosphate  -> Phosphate 
PItpp	Phosphate export via facillated diffusion (periplasm)		Phosphate  -> Phosphate 
PIuabcpp	Phosphate transport via ABC system (uptake, periplasm)	3.6.3.27	ATP C10H12N5O13P3 + H2O H2O + Phosphate  -> ADP C10H12N5O10P2 + H+ + 2 Phosphate 
PKETF	Phosphoketolase (fructose-6-phosphate utilizing)		D-Fructose 6-phosphate + Phosphate  -> Acetyl phosphate + D-Erythrose 4-phosphate + H2O H2O 
PKETX	Phosphoketolase (xylulose-5-phosphate utilizing)		Phosphate + D-Xylulose 5-phosphate  -> Acetyl phosphate + Glyceraldehyde 3-phosphate + H2O H2O 
PLCD	PLCD		H2O H2O + Phosphatidyl 1D myo inositol  -> 1,2-Diacyl-sn-glycerol (dihexadecanoyl, n-C16:0) + H+ + 1D-myo-Inositol 1-phosphate 
PLIPA1A120pp	Phospholipase A1 (phosphatidate, n-C12:0) (periplasm)	3.1.1.32	H2O H2O + 1,2-didodecanoyl-sn-glycerol 3-phosphate  -> 2-dodecanoyl-sn-glycerol 3-phosphate + Dodecanoate (n-C12:0) 
PLIPA1A141pp	Phospholipase A1 (phosphatidate, n-C14:1) (periplasm)	3.1.1.32	H2O H2O + 1,2-ditetradec-7-enoyl-sn-glycerol 3-phosphate  -> 2-tetradec-7-enoyl-sn-glycerol 3-phosphate + Tetradecenoate (n-C14:1) 
PLIPA1A161pp	Phospholipase A1 (phosphatidate, n-C16:1) (periplasm)		H2O H2O + 1,2-dihexadec-9-enoyl-sn-glycerol 3-phosphate  -> 2-hexadec-9-enoyl-sn-glycerol 3-phosphate + Hexadecenoate (n-C16:1) 
PLIPA1E120pp	Phospholipase A1 (phosphatidylethanolamine, n-C12:0) (periplasm)		H2O H2O + Phosphatidylethanolamine (didodecanoyl, n-C12:0)  -> 2-Acyl-sn-glycero-3-phosphoethanolamine (n-C12:0) + Dodecanoate (n-C12:0) + H+ 
PLIPA1E140pp	Phospholipase A1 (phosphatidylethanolamine, n-C14:0) (periplasm)		H2O H2O + Phosphatidylethanolamine (ditetradecanoyl, n-C14:0)  -> 2-Acyl-sn-glycero-3-phosphoethanolamine (n-C14:0) + H+ + Tetradecanoate (n-C14:0) 
PLIPA1E141pp	Phospholipase A1 (phosphatidylethanolamine, n-C14:1) (periplasm)		H2O H2O + Phosphatidylethanolamine (ditetradec-7-enoyl, n-C14:1)  -> 2-Acyl-sn-glycero-3-phosphoethanolamine (n-C14:1) + H+ + Tetradecenoate (n-C14:1) 
PLIPA1E160pp	Phospholipase A1 (phosphatidylethanolamine, n-C16:0) (periplasm)	3.1.1.32	H2O H2O + Phosphatidylethanolamine (dihexadecanoyl, n-C16:0)  -> 2-Acyl-sn-glycero-3-phosphoethanolamine (n-C16:0) + H+ + Hexadecanoate (n-C16:0) 
PLIPA1E161pp	Phospholipase A1 (phosphatidylethanolamine, n-C16:1) (periplasm)		H2O H2O + Phosphatidylethanolamine (dihexadec-9enoyl, n-C16:1)  -> 2-Acyl-sn-glycero-3-phosphoethanolamine (n-C16:1) + H+ + Hexadecenoate (n-C16:1) 
PLIPA1E180pp	Phospholipase A1 (phosphatidylethanolamine, n-C18:0) (periplasm)	3.1.1.32	H2O H2O + Phosphatidylethanolamine (dioctadecanoyl, n-C18:0)  -> 2-Acyl-sn-glycero-3-phosphoethanolamine (n-C18:0) + H+ + Octadecanoate (n-C18:0) 
PLIPA1E181pp	Phospholipase A1 (phosphatidylethanolamine, n-C18:1) (periplasm)		H2O H2O + Phosphatidylethanolamine (dioctadec-11-enoyl, n-C18:1)  -> 2-Acyl-sn-glycero-3-phosphoethanolamine (n-C18:1) + H+ + Octadecenoate (n-C18:1) 
PLIPA1G120pp	Phospholipase A1 (phosphatidylglycerol, n-C12:0) (periplasm)		H2O H2O + Phosphatidylglycerol (didodecanoyl, n-C12:0)  -> 2-Acyl-sn-glycero-3-phosphoglycerol (n-C12:0) + Dodecanoate (n-C12:0) + H+ 
PLIPA1G140pp	Phospholipase A1 (phosphatidylglycerol, n-C14:0) (periplasm)		H2O H2O + Phosphatidylglycerol (ditetradecanoyl, n-C14:0)  -> 2-Acyl-sn-glycero-3-phosphoglycerol (n-C14:0) + H+ + Tetradecanoate (n-C14:0) 
PLIPA1G141pp	Phospholipase A1 (phosphatidylglycerol, n-C14:1) (periplasm)		H2O H2O + Phosphatidylglycerol (ditetradec-7-enoyl, n-C14:1)  -> 2-Acyl-sn-glycero-3-phosphoglycerol (n-C14:1) + H+ + Tetradecenoate (n-C14:1) 
PLIPA1G160pp	Phospholipase A1 (phosphatidylglycerol, n-C16:0) (periplasm)		H2O H2O + Phosphatidylglycerol (dihexadecanoyl, n-C16:0)  -> 2-Acyl-sn-glycero-3-phosphoglycerol (n-C16:0) + H+ + Hexadecanoate (n-C16:0) 
PLIPA1G161pp	Phospholipase A1 (phosphatidylglycerol, n-C16:1) (periplasm)		H2O H2O + Phosphatidylglycerol (dihexadec-9-enoyl, n-C16:1)  -> 2-Acyl-sn-glycero-3-phosphoglycerol (n-C16:1) + H+ + Hexadecenoate (n-C16:1) 
PLIPA1G180pp	Phospholipase A1 (phosphatidylglycerol, n-C18:0) (periplasm)		H2O H2O + Phosphatidylglycerol (dioctadecanoyl, n-C18:0)  -> 2-Acyl-sn-glycero-3-phosphoglycerol (n-C18:0) + H+ + Octadecanoate (n-C18:0) 
PLIPA1G181pp	Phospholipase A1 (phosphatidylglycerol, n-C18:1) (periplasm)		H2O H2O + Phosphatidylglycerol (dioctadec-11-enoyl, n-C18:1)  -> 2-Acyl-sn-glycero-3-phosphoglycerol (n-C18:1) + H+ + Octadecenoate (n-C18:1) 
PLIPA2A120pp	Phospholipase A2 (phosphatidate, n-C12:0) (periplasm)	3.1.1.4	H2O H2O + 1,2-didodecanoyl-sn-glycerol 3-phosphate  -> 1-dodecanoyl-sn-glycerol 3-phosphate + Dodecanoate (n-C12:0) + H+ 
PLIPA2A141pp	Phospholipase A2 (phosphatidate, n-C14:1) (periplasm)	3.1.1.4	H2O H2O + 1,2-ditetradec-7-enoyl-sn-glycerol 3-phosphate  -> 1-tetradec-7-enoyl-sn-glycerol 3-phosphate + H+ + Tetradecenoate (n-C14:1) 
PLIPA2A161pp	Phospholipase A2 (phosphatidate, n-C16:1) (periplasm)		H2O H2O + 1,2-dihexadec-9-enoyl-sn-glycerol 3-phosphate  -> 1-hexadec-9-enoyl-sn-glycerol 3-phosphate + H+ + Hexadecenoate (n-C16:1) 
PLIPA2E120pp	Phospholipase A2 (phosphatidylethanolamine, n-C12:0) (periplasm)		H2O H2O + Phosphatidylethanolamine (didodecanoyl, n-C12:0)  -> 1-Acyl-sn-glycero-3-phosphoethanolamine (n-C12:0) + Dodecanoate (n-C12:0) + H+ 
PLIPA2E141pp	Phospholipase A2 (phosphatidylethanolamine, n-C14:1) (periplasm)		H2O H2O + Phosphatidylethanolamine (ditetradec-7-enoyl, n-C14:1)  -> 1-Acyl-sn-glycero-3-phosphoethanolamine (n-C14:1) + H+ + Tetradecenoate (n-C14:1) 
PLIPA2E161pp	Phospholipase A2 (phosphatidylethanolamine, n-C16:1) (periplasm)		H2O H2O + Phosphatidylethanolamine (dihexadec-9enoyl, n-C16:1)  -> 1-Acyl-sn-glycero-3-phosphoethanolamine (n-C16:1) + H+ + Hexadecenoate (n-C16:1) 
PLIPA2G120pp	Phospholipase A2 (phosphatidylglycerol, n-C12:0) (periplasm)		H2O H2O + Phosphatidylglycerol (didodecanoyl, n-C12:0)  -> 1-Acyl-sn-glycero-3-phosphoglycerol (n-C12:0) + Dodecanoate (n-C12:0) + H+ 
PLIPA2G141pp	Phospholipase A2 (phosphatidylglycerol, n-C14:1) (periplasm)		H2O H2O + Phosphatidylglycerol (ditetradec-7-enoyl, n-C14:1)  -> 1-Acyl-sn-glycero-3-phosphoglycerol (n-C14:1) + H+ + Tetradecenoate (n-C14:1) 
PLIPA2G161pp	Phospholipase A2 (phosphatidylglycerol, n-C16:1) (periplasm)		H2O H2O + Phosphatidylglycerol (dihexadec-9-enoyl, n-C16:1)  -> 1-Acyl-sn-glycero-3-phosphoglycerol (n-C16:1) + H+ + Hexadecenoate (n-C16:1) 
PMANM	Phosphomannomutase	5.4.2.8	D-Mannose 1-phosphate  <=> D-Mannose 6-phosphate 
PMDPHT	Pyrimidine phosphatase	3.1.3.-; 3.1.3.104	5-Amino-6-(5'-phosphoribitylamino)uracil + H2O H2O  -> 4-(1-D-Ribitylamino)-5-aminouracil + Phosphate 
PMPK	Phosphomethylpyrimidine kinase	2.7.4.7	4-Amino-2-methyl-5-phosphomethylpyrimidine + ATP C10H12N5O13P3  -> 2-Methyl-4-amino-5-hydroxymethylpyrimidine diphosphate + ADP C10H12N5O10P2 
PNTK	Pantothenate kinase	2.7.1.33	ATP C10H12N5O13P3 + (R)-Pantothenate  -> D-4'-Phosphopantothenate + ADP C10H12N5O10P2 + H+ 
PNTOt4pp	Pantothenate sodium symporter (periplasm)		Sodium + (R)-Pantothenate  -> Sodium + (R)-Pantothenate 
PNTOtex	Pantothenate transport via diffusion (extracellular to periplasm)		(R)-Pantothenate  -> (R)-Pantothenate 
POX	Pyruvate oxidase		H2O H2O + Pyruvate + Ubiquinone-8  -> Acetate + CO2 CO2 + Ubiquinol-8 
PPA	Inorganic diphosphatase	3.6.1.1	H2O H2O + Diphosphate  -> H+ + 2 Phosphate 
PPA2	Inorganic triphosphatase	3.6.1.25	H2O H2O + Inorganic triphosphate  -> H+ + Phosphate + Diphosphate 
PPAKr	Propionate kinase	2.7.2.15	ADP C10H12N5O10P2 + Propanoyl phosphate  -> ATP C10H12N5O13P3 + Propionate (n-C3:0) 
PPALtex	Propanal transport via diffusion (extracellular to periplasm)		Propanal  -> Propanal 
PPALtpp	Propanal transport via channel (periplasm)		Propanal  -> Propanal 
PPAP_Et	Propanoyl phosphate transport (transport mechanism unknown - evidence from biolog data)		Propanoyl phosphate  <=> Propanoyl phosphate 
PPAt4pp	Na+/Propionate symporter (periplasm)		Sodium + Propionate (n-C3:0)  -> Sodium + Propionate (n-C3:0) 
PPAtex	Propionate transport via diffusion		Propionate (n-C3:0)  -> Propionate (n-C3:0) 
PPBNGS	Porphobilinogen synthase	4.2.1.24	2 5-Amino-4-oxopentanoate  -> 2 H2O H2O + H+ + Porphobilinogen 
PPC	Phosphoenolpyruvate carboxylase	4.1.1.31	CO2 CO2 + H2O H2O + Phosphoenolpyruvate  -> H+ + Oxaloacetate + Phosphate 
PPCDC	Phosphopantothenoylcysteine decarboxylase	4.1.1.36	N-((R)-4-Phosphopantothenoyl)-L-cysteine + H+  -> CO2 CO2 + Pantetheine 4'-phosphate 
PPCK	Phosphoenolpyruvate carboxykinase	4.1.1.49	ATP C10H12N5O13P3 + Oxaloacetate  -> ADP C10H12N5O10P2 + CO2 CO2 + Phosphoenolpyruvate 
PPDOy	Propane-1,2-diol:NADP+ 1-oxidoreductase	1.1.1	H+ + D-Lactaldehyde + Nicotinamide adenine dinucleotide phosphate - reduced  -> (R)-Propane-1,2-diol + Nicotinamide adenine dinucleotide phosphate 
PPGPPDP	Guanosine-3',5'-bis(diphosphate) 3'-diphosphatase	3.1.7.2	H2O H2O + Guanosine 3',5'-bis(diphosphate)  -> GDP C10H12N5O11P2 + Diphosphate 
PPK	Polyphosphate kinase		ATP C10H12N5O13P3 + Phosphate  -> ADP C10H12N5O10P2 + Diphosphate 
PPK2	Polyphosphate kinase		ATP C10H12N5O13P3 + Diphosphate  -> ADP C10H12N5O10P2 + Inorganic triphosphate 
PPM	Phosphopentomutase	5.4.2; 5.4.2.2; 5.4.2.7	Alpha-D-Ribose 1-phosphate  <=> Alpha-D-Ribose 5-phosphate 
PPM2	Phosphopentomutase 2 (deoxyribose)	5.4.2.7	2-Deoxy-D-ribose 1-phosphate  <=> 2-Deoxy-D-ribose 5-phosphate 
PPNCL2	Phosphopantothenate-cysteine ligase	6.3.2.5	D-4'-Phosphopantothenate + CTP C9H12N3O14P3 + L-Cysteine  -> N-((R)-4-Phosphopantothenoyl)-L-cysteine + CMP C9H12N3O8P + H+ + Diphosphate 
PPND	Prephenate dehydrogenase	1.3.1.12	Nicotinamide adenine dinucleotide + Prephenate  -> 3-(4-Hydroxyphenyl)pyruvate + CO2 CO2 + Nicotinamide adenine dinucleotide - reduced 
PPNDH	Prephenate dehydratase	4.2.1.51; 4.2.1.91	H+ + Prephenate  -> CO2 CO2 + H2O H2O + Phenylpyruvate 
PPNDH2	R_PPNDH2		Flavin adenine dinucleotide oxidized + Propanoyl-CoA  <=> Flavin adenine dinucleotide reduced + Propenoyl-CoA 
PPOHt2pp	Propanol transport in via proton symport (periplasm)		H+ + 1-Propanol  -> H+ + 1-Propanol 
PPOHtex	Propanol transport via diffusion (extracellular to periplasm)		1-Propanol  -> 1-Propanol 
PPPGO	Protoporphyrinogen oxidase (aerobic)	1.3.3.4	1.5 O2 O2 + Protoporphyrinogen IX  -> 3 H2O H2O + Protoporphyrin 
PPPGO3	Protoporphyrinogen oxidase (anaerobic)	1.3.3.4	3 Fumarate + Protoporphyrinogen IX  -> Protoporphyrin + 3 Succinate 
PPPNDO	Phenylpropanoate Dioxygenase	1.14.12.19	H+ + Nicotinamide adenine dinucleotide - reduced + O2 O2 + Phenylpropanoate  -> Cis-3-(3-carboxyethyl)-3,5-cyclohexadiene-1,2-diol + Nicotinamide adenine dinucleotide 
PPPNt2rpp	3-phenylpropionate transport via proton symport, reversible (periplasm)		H+ + Phenylpropanoate  -> H+ + Phenylpropanoate 
PPPNtex	3-phenylpropionate transport via diffusion (extracellular to periplasm)		Phenylpropanoate  -> Phenylpropanoate 
PPRDNDH	Piperideine dehydrogenase	1.5.1	2 H2O H2O + Nicotinamide adenine dinucleotide + Piperideine  -> 5-Aminopentanoate + H+ + Nicotinamide adenine dinucleotide - reduced 
PPRGL	Phosphoribosylamine---glycine ligase	6.3.4.13	ATP C10H12N5O13P3 + Glycine + 5-Phospho-beta-D-ribosylamine  <=> ADP C10H12N5O10P2 + N1-(5-Phospho-D-ribosyl)glycinamide + H+ + Phosphate 
PPS	Phosphoenolpyruvate synthase	2.7.9.2	ATP C10H12N5O13P3 + H2O H2O + Pyruvate  -> AMP C10H12N5O7P + 2 H+ + Phosphoenolpyruvate + Phosphate 
PPTHpp	Phosphonate hydrogenase (periplasm)		H2O H2O + Phosphonate  -> Hydrogen + Phosphate 
PPTtex	Phosphonate transport via diffusion (extracellular to periplasm)		Phosphonate  -> Phosphonate 
PPYRDC	Phenylpyruvate decarboxylase	4.1.1.-; 4.1.1.43	H+ + Phenylpyruvate  -> CO2 CO2 + Phenylacetaldehyde 
PQQH2tpp	Pyrrolo quinoline quinone transport inner membrane		Reduced pyrroloquinoline-quinone  -> Reduced pyrroloquinoline-quinone 
PQQtpp	Pyrrolo quinoline quinone transport inner membrane		Pyrroloquinoline-quinone  -> Pyrroloquinoline-quinone 
PRAGSr	Phosphoribosylglycinamide synthase	6.3.4.13	ATP C10H12N5O13P3 + Glycine + 5-Phospho-beta-D-ribosylamine  -> ADP C10H12N5O10P2 + N1-(5-Phospho-D-ribosyl)glycinamide + H+ + Phosphate 
PRAIS	Phosphoribosylaminoimidazole synthase	6.3.3.1	ATP C10H12N5O13P3 + 2-(Formamido)-N1-(5-phospho-D-ribosyl)acetamidine  -> ADP C10H12N5O10P2 + 5-amino-1-(5-phospho-D-ribosyl)imidazole + H+ + Phosphate 
PRAIi	Phosphoribosylanthranilate isomerase (irreversible)	5.3.1.24	N-(5-Phospho-D-ribosyl)anthranilate  -> 1-(2-Carboxyphenylamino)-1-deoxy-D-ribulose 5-phosphate 
PRAMPC	Phosphoribosyl-AMP cyclohydrolase	3.5.4.19	H2O H2O + 1-(5-Phosphoribosyl)-AMP  -> 1-(5-Phosphoribosyl)-5-[(5-phosphoribosylamino)methylideneamino]imidazole-4-carboxamide 
PRASCSi	Phosphoribosylaminoimidazolesuccinocarboxamide synthase	6.3.2.6	5-amino-1-(5-phospho-D-ribosyl)imidazole-4-carboxylate + L-Aspartate + ATP C10H12N5O13P3  -> (S)-2-[5-Amino-1-(5-phospho-D-ribosyl)imidazole-4-carboxamido]succinate + ADP C10H12N5O10P2 + H+ + Phosphate 
PRATPP	Phosphoribosyl-ATP pyrophosphatase	3.6.1.31	H2O H2O + 1-(5-Phosphoribosyl)-ATP  -> H+ + Diphosphate + 1-(5-Phosphoribosyl)-AMP 
PRCOA1	MNXR76960		CoA-20-hydroxy-cholest-4-en-3-one C5 side chain  -> Androst-4-ene-3,17-dione + 4 H+ + Propanoyl-CoA 
PRFGS	Phosphoribosylformylglycinamidine synthase	6.3.5.3	ATP C10H12N5O13P3 + N2-Formyl-N1-(5-phospho-D-ribosyl)glycinamide + L-Glutamine + H2O H2O  -> ADP C10H12N5O10P2 + 2-(Formamido)-N1-(5-phospho-D-ribosyl)acetamidine + L-Glutamate + 2 H+ + Phosphate 
PRMICI	1-(5-phosphoribosyl)-5-[(5-phosphoribosylamino)methylideneamino)imidazole-4-carboxamide isomerase	5.3.1.16	1-(5-Phosphoribosyl)-5-[(5-phosphoribosylamino)methylideneamino]imidazole-4-carboxamide  <=> 5-[(5-phospho-1-deoxyribulos-1-ylamino)methylideneamino]-1-(5-phosphoribosyl)imidazole-4-carboxamide 
PROD2	Proline dehydrogenase	1.5.-.-; 1.5.99.8	Flavin adenine dinucleotide oxidized + L-Proline  -> 1-Pyrroline-5-carboxylate + Flavin adenine dinucleotide reduced + H+ 
PROD3	Proline dehydrogenase (q8)		L-Proline + Ubiquinone-8  -> 1-Pyrroline-5-carboxylate + H+ + Ubiquinol-8 
PROGLYabcpp	L-Prolinylglycine (Pro-Gly) transport via ABC system (periplasm)		ATP C10H12N5O13P3 + H2O H2O + L-Prolinylglycine  -> ADP C10H12N5O10P2 + H+ + Phosphate + L-Prolinylglycine 
PROGLYtex	L-Prolinylglycine transport via diffusion (extracellular to periplasm)		L-Prolinylglycine  -> L-Prolinylglycine 
PROHISGLUtr	Tripeptide Opp3 transport		ATP C10H12N5O13P3 + H2O H2O + Proline-histidine-glutamine tripeptide  -> ADP C10H12N5O10P2 + H+ + Phosphate + Proline-histidine-glutamine tripeptide 
PROabc	L-proline transport via ABC system		ATP C10H12N5O13P3 + H2O H2O + L-Proline  -> ADP C10H12N5O10P2 + H+ + Phosphate + L-Proline 
PROabcpp	L-proline transport via ABC system (periplasm)		ATP C10H12N5O13P3 + H2O H2O + L-Proline  -> ADP C10H12N5O10P2 + H+ + Phosphate + L-Proline 
PROt2r	L proline reversible transport via proton symport		H+ + L-Proline  -> H+ + L-Proline 
PROt2rpp	L-proline reversible transport via proton symport (periplasm)		H+ + L-Proline  -> H+ + L-Proline 
PROt4pp	Na+/Proline-L symporter (periplasm)		Sodium + L-Proline  -> Sodium + L-Proline 
PROtex	L-proline transport via diffusion (extracellular to periplasm)		L-Proline  -> L-Proline 
PRPPS	Phosphoribosylpyrophosphate synthetase	2.7.6.1	ATP C10H12N5O13P3 + Alpha-D-Ribose 5-phosphate  -> AMP C10H12N5O7P + H+ + 5-Phospho-alpha-D-ribose 1-diphosphate 
PSCLYSt2pp	Psicoselysine transport via proton symport (periplasm)		H+ + Psicoselysine  -> H+ + Psicoselysine 
PSCLYStex	Psicoselysine transporter via diffusion (extracellular)		Psicoselysine  -> Psicoselysine 
PSCVT	3-phosphoshikimate 1-carboxyvinyltransferase	2.5.1.19	Phosphoenolpyruvate + Shikimate 5-phosphate  <=> 5-O-(1-Carboxyvinyl)-3-phosphoshikimate + Phosphate 
PSCVT_1	3-phosphoshikimate 1-carboxyvinyltransferase		Phosphoenolpyruvate + Shikimate 5-phosphate  <=> 5-O-(1-Carboxyvinyl)-3-phosphoshikimate + Phosphate 
PSD120	Phosphatidylserine decarboxylase (n-C12:0)	4.1.1.65	H+ + Phosphatidylserine (didodecanoyl, n-C12:0)  -> CO2 CO2 + Phosphatidylethanolamine (didodecanoyl, n-C12:0) 
PSD141	Phosphatidylserine decarboxylase (n-C14:1)		H+ + Phosphatidylserine (ditetradec-7-enoyl, n-C14:1)  -> CO2 CO2 + Phosphatidylethanolamine (ditetradec-7-enoyl, n-C14:1) 
PSD161	Phosphatidylserine decarboxylase (n-C16:1)	4.1.1.65	H+ + Phosphatidylserine (dihexadec-9-enoyl, n-C16:1)  -> CO2 CO2 + Phosphatidylethanolamine (dihexadec-9enoyl, n-C16:1) 
PSERT	Phosphoserine transaminase	2.6.1.52	3-Phosphohydroxypyruvate + L-Glutamate  -> 2-Oxoglutarate + O-Phospho-L-serine 
PSERtex	Phospho-L-serine transport via diffusion (extracellular to periplasm)		O-Phospho-L-serine  -> O-Phospho-L-serine 
PSP_L	Phosphoserine phosphatase (L-serine)	3.1.3.3	H2O H2O + O-Phospho-L-serine  -> Phosphate + L-Serine 
PSP_Lpp	Phospho-L-serine phosphatase (periplasmic)	3.1.3.3	H2O H2O + O-Phospho-L-serine  -> Phosphate + L-Serine 
PSSA120	Phosphatidylserine syntase (n-C12:0)	2.7.8.8	CDP-1,2-didodecanoylglycerol + L-Serine  -> CMP C9H12N3O8P + H+ + Phosphatidylserine (didodecanoyl, n-C12:0) 
PSSA141	Phosphatidylserine syntase (n-C14:1)		CDP-1,2-ditetradec-7-enoylglycerol + L-Serine  -> CMP C9H12N3O8P + H+ + Phosphatidylserine (ditetradec-7-enoyl, n-C14:1) 
PSSA161	Phosphatidylserine syntase (n-C16:1)	2.7.8.8	CDP-1,2-dihexadec-9-enoylglycerol + L-Serine  -> CMP C9H12N3O8P + H+ + Phosphatidylserine (dihexadec-9-enoyl, n-C16:1) 
PSUDS	Pseudouridylate synthase		Alpha-D-Ribose 5-phosphate + Uracil  -> H2O H2O + Pseudouridine 5  phosphate C9H11N2O9P 
PSURIK	Pseudouridine kinase		ATP C10H12N5O13P3 + Pseudouridine  -> ADP C10H12N5O10P2 + H+ + Pseudouridine 5  phosphate C9H11N2O9P 
PSURItex	Pseudouridine transport via diffusion (extracellular to periplasm)		Pseudouridine  -> Pseudouridine 
PSURItpp	Pseudouridine transport via permease		Pseudouridine  -> Pseudouridine 
PTA2	Phosphate acetyltransferase	2.3.1.222; 2.3.1.8	Phosphate + Propanoyl-CoA  -> Coenzyme A + Propanoyl phosphate 
PTAr	Phosphotransacetylase	2.3.1.8	Acetyl-CoA + Phosphate  -> Acetyl phosphate + Coenzyme A 
PTAtex	Pentanoate transport via diffusion (extracellular to periplasm)		Pentanoate  -> Pentanoate 
PTHRP	Phospho-threonine phosphatase		H2O H2O + L-Threonine O-3-phosphate  <=> Phosphate + L-Threonine 
PTHRpp	Phospho-L-threonine phosphatase (periplasmic)	3.1.3	H2O H2O + L-Threonine O-3-phosphate  -> Phosphate + L-Threonine 
PTPATi	Pantetheine-phosphate adenylyltransferase	2.7.7.3	ATP C10H12N5O13P3 + H+ + Pantetheine 4'-phosphate  -> Dephospho-CoA + Diphosphate 
PTRCTA	Putrescine Transaminase	2.6.1.29; 2.6.1.82	2-Oxoglutarate + Putrescine  -> 4-Aminobutanal + L-Glutamate 
PTRCabc	Putrescine transport via ABC system	3.6.3.31	ATP C10H12N5O13P3 + H2O H2O + Putrescine  -> ADP C10H12N5O10P2 + H+ + Phosphate + Putrescine 
PTRCabcpp	Putrescine transport via ABC system (periplasm)	3.6.3.31	ATP C10H12N5O13P3 + H2O H2O + Putrescine  -> ADP C10H12N5O10P2 + H+ + Phosphate + Putrescine 
PTRCt2pp	Putrescine transport in via proton symport		H+ + Putrescine  -> H+ + Putrescine 
PTRCtex	Putrescine transport via diffusion (extracellular to periplasm)		Putrescine  -> Putrescine 
PUNP1	Purine-nucleoside phosphorylase (Adenosine)	2.4.2.1	Adenosine + Phosphate  <=> Adenine + Alpha-D-Ribose 1-phosphate 
PUNP2	Purine-nucleoside phosphorylase (Deoxyadenosine)	2.4.2.1	Deoxyadenosine + Phosphate  <=> 2-Deoxy-D-ribose 1-phosphate + Adenine 
PUNP3	Purine-nucleoside phosphorylase (Guanosine)	2.4.2.1; 2.4.2.15	Guanosine + Phosphate  <=> Guanine + Alpha-D-Ribose 1-phosphate 
PUNP4	Purine-nucleoside phosphorylase (Deoxyguanosine)	2.4.2.1; 2.4.2.4	Deoxyguanosine + Phosphate  -> 2-Deoxy-D-ribose 1-phosphate + Guanine 
PUNP4_1	Purine-nucleoside phosphorylase (Deoxyguanosine)		Deoxyguanosine + Phosphate  <=> 2-Deoxy-D-ribose 1-phosphate + Guanine 
PUNP5	Purine-nucleoside phosphorylase (Inosine)	2.4.2.1; 2.4.2.15	Inosine + Phosphate  <=> Hypoxanthine + Alpha-D-Ribose 1-phosphate 
PUNP6	Purine-nucleoside phosphorylase (Deoxyinosine)	2.4.2.1; 2.4.2.4	Deoxyinosine + Phosphate  -> 2-Deoxy-D-ribose 1-phosphate + Hypoxanthine 
PUNP6_1	Purine-nucleoside phosphorylase (Deoxyinosine)		Deoxyinosine + Phosphate  -> 2-Deoxy-D-ribose 1-phosphate + Hypoxanthine 
PXYLt5	P xylene  transport out via proton antiport  cytosolexternal		H+ + P-methyltoluene  -> H+ + P-methyltoluene 
PXYLt6	P xylene transport out via proton antiport  periplasmexternal		H+ + P-methyltoluene  -> H+ + P-methyltoluene 
PYAM5PO	Pyridoxamine 5'-phosphate oxidase	1.4.3.5	H2O H2O + O2 O2 + Pyridoxamine 5'-phosphate  -> Hydrogen peroxide + Ammonium + Pyridoxal 5'-phosphate 
PYDAMK	Pyridoxamine kinase	2.7.1.35	ATP C10H12N5O13P3 + Pyridoxamine  -> ADP C10H12N5O10P2 + H+ + Pyridoxamine 5'-phosphate 
PYDAMtex	Pyridoxamine transport via diffusion (extracellular)		Pyridoxamine  -> Pyridoxamine 
PYDAMtpp	Pyridoxamine import		Pyridoxamine  -> Pyridoxamine 
PYDXK	Pyridoxal kinase	2.7.1.35	ATP C10H12N5O13P3 + Pyridoxal  -> ADP C10H12N5O10P2 + H+ + Pyridoxal 5'-phosphate 
PYDXNK	Pyridoxine kinase	2.7.1.35	ATP C10H12N5O13P3 + Pyridoxine  -> ADP C10H12N5O10P2 + H+ + Pyridoxine 5'-phosphate 
PYDXNtex	Pyridoxine transport via diffusion (extracellular)		Pyridoxine  -> Pyridoxine 
PYDXNtpp	Pyridoxine import		Pyridoxine  -> Pyridoxine 
PYDXPP	Pyridoxal 5-phosphate phosphatase	3.1.3.74	H2O H2O + Pyridoxal 5'-phosphate  -> Phosphate + Pyridoxal 
PYDXtex	Pyridoxal transport via diffusion (extracellular)		Pyridoxal  -> Pyridoxal 
PYDXtpp	Pyridoxal import		Pyridoxal  -> Pyridoxal 
PYK	Pyruvate kinase	2.7.1.40	ADP C10H12N5O10P2 + H+ + Phosphoenolpyruvate  -> ATP C10H12N5O13P3 + Pyruvate 
PYK2	Pyruvate kinase(2)	2.7.1.40	H+ + Phosphoenolpyruvate + UDP C9H11N2O12P2  -> Pyruvate + UTP C9H11N2O15P3 
PYK3	Pyruvate kinase(3)	2.7.1.40	GDP C10H12N5O11P2 + H+ + Phosphoenolpyruvate  -> GTP C10H12N5O14P3 + Pyruvate 
PYK4	Pyruvate kinase(4)	2.7.1.40	CDP C9H12N3O11P2 + H+ + Phosphoenolpyruvate  -> CTP C9H12N3O14P3 + Pyruvate 
PYK6	RE2954		DTDP C10H13N2O11P2 + H+ + Phosphoenolpyruvate  -> DTTP C10H13N2O14P3 + Pyruvate 
PYNP2r	Pyrimidine-nucleoside phosphorylase (uracil)	2.4.2.2; 2.4.2.3	Phosphate + Uridine  <=> Alpha-D-Ribose 1-phosphate + Uracil 
PYOVD2tex	Pyoverdine export system		ATP C10H12N5O13P3 + H2O H2O + Pyoverdine  P putida specific  -> ADP C10H12N5O10P2 + H+ + Phosphate + Pyoverdine  P putida specific 
PYRt4pp	Pyruvate transport via sodium symport		Sodium + Pyruvate  -> Sodium + Pyruvate 
PYRtex	Pyruvate transport via diffusion (extracellular to periplasm)		Pyruvate  -> Pyruvate 
P_XYLtpp	P methyltoluene passive diffusion		P-methyltoluene  -> P-methyltoluene 
P_Xylt1	P xylene  outer membrane porin transport		P-methyltoluene  -> P-methyltoluene 
QMO2	Quinol monooxygenase (Ubiquinol-8)		2 O2 O2 + Ubiquinol-8  -> 2 H+ + 2 Superoxide anion + Ubiquinone-8 
QMO3	Quinol monooxygenase (menaquinol 8)		Menaquinol 8 + 2 O2 O2  -> 2 H+ + Menaquinone 8 + 2 Superoxide anion 
QSDH	R_QSDH		Pyrroloquinoline-quinone + Shikimate  <=> 3-Dehydroshikimate + Reduced pyrroloquinoline-quinone 
QUIN2tex	Quinate transport via diffusion (extracellular to periplasm)		Quinate  -> Quinate 
QUIN2tpp	Quinate transport (periplasm)		Quinate  -> Quinate 
QUINtpp	Quinateproton symport transport		H+ + Quinate  -> H+ + Quinate 
QULNS	Quinolinate synthase	2.5.1.72	Dihydroxyacetone phosphate + Iminoaspartate  -> 2 H2O H2O + Phosphate + Quinolinate 
R15BPK	Ribose-1,5-bisphosphokinase	2.7.4.23	ATP C10H12N5O13P3 + D-Ribose 1,5-bisphosphate  -> ADP C10H12N5O10P2 + 5-Phospho-alpha-D-ribose 1-diphosphate 
R1PK	Ribose 1-phosphokinase		ATP C10H12N5O13P3 + Alpha-D-Ribose 1-phosphate  -> ADP C10H12N5O10P2 + H+ + D-Ribose 1,5-bisphosphate 
R5PP	Ribose 5-phosphate phosphatase		H2O H2O + Alpha-D-Ribose 5-phosphate  -> Phosphate + D-Ribose 
R5PPpp	Ribose 5-phosphate phosphatase		H2O H2O + Alpha-D-Ribose 5-phosphate  -> Phosphate + D-Ribose 
R5Ptex	Ribose 5-phosphate transport via diffusion (extracellular to periplasm)		Alpha-D-Ribose 5-phosphate  -> Alpha-D-Ribose 5-phosphate 
RAFFabc	Raffinose transport via ABC system (import)		ATP C10H12N5O13P3 + H2O H2O + Raffinose C18H32O16  -> ADP C10H12N5O10P2 + H+ + Phosphate + Raffinose C18H32O16 
RAFFtex	Raffinose transport transport via diffusion extracellular to periplasm		Raffinose C18H32O16  -> Raffinose C18H32O16 
RAFH	Raffinose hydrolyzing enzyme	3.2.1.26	H2O H2O + Raffinose C18H32O16  -> D-Fructose + Melibiose C12H22O11 
RAFHpp	Raffinose hydrolase	3.2.1.26	H2O H2O + Raffinose C18H32O16  -> D-Fructose + Melibiose C12H22O11 
RBFK	Riboflavin kinase	2.7.1.26	ATP C10H12N5O13P3 + Riboflavin C17H20N4O6  -> ADP C10H12N5O10P2 + FMN C17H19N4O9P + H+ 
RBFSa	Riboflavin synthase	2.5.1.78; 2.5.1.9	4-(1-D-Ribitylamino)-5-aminouracil + 3,4-dihydroxy-2-butanone 4-phosphate  -> 6,7-Dimethyl-8-(1-D-ribityl)lumazine + 2 H2O H2O + Phosphate 
RBFSb	Riboflavin synthase	2.5.1.9	2 6,7-Dimethyl-8-(1-D-ribityl)lumazine  -> 4-(1-D-Ribitylamino)-5-aminouracil + Riboflavin C17H20N4O6 
RBK	Ribokinase	2.7.1.15	ATP C10H12N5O13P3 + D-Ribose  -> ADP C10H12N5O10P2 + H+ + Alpha-D-Ribose 5-phosphate 
RBK_Dr	D-ribulokinase (D-ribulose)	2.7.1.16; 2.7.1.47	ATP C10H12N5O13P3 + D-Ribulose  -> ADP C10H12N5O10P2 + H+ + D-Ribulose 5-phosphate 
RBK_L1	L-ribulokinase (L-ribulose)	2.7.1.16	ATP C10H12N5O13P3 + L-Ribulose  -> ADP C10H12N5O10P2 + H+ + L-Ribulose 5-phosphate 
RBP4E	L-ribulose-phosphate 4-epimerase	5.1.3.4	L-Ribulose 5-phosphate  <=> D-Xylulose 5-phosphate 
RBTDG	Ribitol dehydrogenase	1.1.1.56	Nicotinamide adenine dinucleotide + Ribitol  <=> H+ + Nicotinamide adenine dinucleotide - reduced + D-Ribulose 
RECOAH26	3 hydroxyacyl Coa dehydratase   R  3 hydroxy  4Z  decenyl CoA		 3 Hydroxy 4Z decenoyl CoA  <=> 2 trans 4 cis decadienoyl CoA + H2O H2O 
RECOAH3	3 hydroxyacyl Coa dehydratase   3R  3 hydroxyoctanoyl CoA		(R)-Hydroxyoctanoyl-CoA  <=> H2O H2O + Trans-Oct-2-enoyl-CoA 
REPHACCOAI	Ring 1,2-epoxyphenylacetyl-CoA isomerase (oxepin-CoA forming)		Ring 1,2-epoxyphenylacetyl-CoA  <=> 2-oxepin-2(3H)-ylideneacetyl-CoA 
RHA101tex	R 3 Hydroxy acid transport diffusion C101  extracellular to periplasm		 3 Hydroxy 4Z decenic acid  ->  3 Hydroxy 4Z decenic acid 
RHA101tpp	R 3 Hydroxy acid transport diffusion C101   periplasm		 3 Hydroxy 4Z decenic acid  ->  3 Hydroxy 4Z decenic acid 
RHCCE	S-ribosylhomocysteine cleavage enzyme	4.4.1.21	S-Ribosyl-L-homocysteine  -> 4,5-dihydroxy-2,3-pentanedione + L-Homocysteine 
RIBabc	D-ribose transport via ABC system	3.6.3.17	ATP C10H12N5O13P3 + H2O H2O + D-Ribose  -> ADP C10H12N5O10P2 + H+ + Phosphate + D-Ribose 
RIBabc1	D ribose transport out via ABC system		ATP C10H12N5O13P3 + H2O H2O + D-Ribose  -> ADP C10H12N5O10P2 + H+ + Phosphate + D-Ribose 
RIBabcpp	D-ribose transport via ABC system (periplasm)	3.6.3.17	ATP C10H12N5O13P3 + H2O H2O + D-Ribose  -> ADP C10H12N5O10P2 + H+ + Phosphate + D-Ribose 
RIBtex	Ribose transport via diffusion (extracellular to periplasm)		D-Ribose  -> D-Ribose 
RMI	L-rhamnose isomerase	5.3.1.14	L-Rhamnose  <=> L-Rhamnulose 
RMK	Rhamnulokinase	2.7.1.5	ATP C10H12N5O13P3 + L-Rhamnulose  -> ADP C10H12N5O10P2 + H+ + L-Rhamnulose 1-phosphate 
RMNabc	L-rhamnose transport (ATP-dependent)		ATP C10H12N5O13P3 + H2O H2O + L-Rhamnose  -> ADP C10H12N5O10P2 + H+ + Phosphate + L-Rhamnose 
RMNtex	L-rhamnose transport via diffusion (extracellular to periplasm)		L-Rhamnose  -> L-Rhamnose 
RMNtpp	L-rhamnose transport via proton symport (periplasm)		H+ + L-Rhamnose  -> H+ + L-Rhamnose 
RMPA	Rhamnulose-1-phosphate aldolase	4.1.2.19	L-Rhamnulose 1-phosphate  <=> Dihydroxyacetone phosphate + L-Lactaldehyde 
RNAMtex	Nicotinamide riboside transport into periplasm		N Ribosylnicotinamide C11H15N2O5  -> N Ribosylnicotinamide C11H15N2O5 
RNAMtpp	Nicotinamide riboside transport		N Ribosylnicotinamide C11H15N2O5  -> N Ribosylnicotinamide C11H15N2O5 
RNDR1	Ribonucleoside-diphosphate reductase (ADP)	1.17.4.1	ADP C10H12N5O10P2 + Reduced thioredoxin  -> DADP C10H12N5O9P2 + H2O H2O + Oxidized thioredoxin 
RNDR1b	Ribonucleoside-diphosphate reductase (ADP) (glutaredoxin)		ADP C10H12N5O10P2 + Glutaredoxin (reduced)  -> DADP C10H12N5O9P2 + Glutaredoxin (oxidized) + H2O H2O 
RNDR2	Ribonucleoside-diphosphate reductase (GDP)	1.17.4.1	GDP C10H12N5O11P2 + Reduced thioredoxin  -> DGDP C10H12N5O10P2 + H2O H2O + Oxidized thioredoxin 
RNDR2b	Ribonucleoside-diphosphate reductase (GDP) (glutaredoxin)		GDP C10H12N5O11P2 + Glutaredoxin (reduced)  -> DGDP C10H12N5O10P2 + Glutaredoxin (oxidized) + H2O H2O 
RNDR3	Ribonucleoside-diphosphate reductase (CDP)	1.17.4.1	CDP C9H12N3O11P2 + Reduced thioredoxin  -> DCDP C9H12N3O10P2 + H2O H2O + Oxidized thioredoxin 
RNDR3b	Ribonucleoside-diphosphate reductase (CDP) (glutaredoxin)		CDP C9H12N3O11P2 + Glutaredoxin (reduced)  -> DCDP C9H12N3O10P2 + Glutaredoxin (oxidized) + H2O H2O 
RNDR4	Ribonucleoside-diphosphate reductase (UDP)	1.17.4.1	Reduced thioredoxin + UDP C9H11N2O12P2  -> DUDP C9H11N2O11P2 + H2O H2O + Oxidized thioredoxin 
RNDR4b	Ribonucleoside-diphosphate reductase (UDP) (glutaredoxin)		Glutaredoxin (reduced) + UDP C9H11N2O12P2  -> DUDP C9H11N2O11P2 + Glutaredoxin (oxidized) + H2O H2O 
RNMK	Ribosylnicotinamide kinase	2.7.1.22	ATP C10H12N5O13P3 + N Ribosylnicotinamide C11H15N2O5  -> ADP C10H12N5O10P2 + H+ + NMN C11H14N2O8P 
RNTR1	Ribonucleoside triphosphate reductase  ATP	1.17.4.2	ATP C10H12N5O13P3 + Reduced thioredoxin  -> DATP C10H12N5O12P3 + H2O H2O + Oxidized thioredoxin 
RNTR1c	Ribonucleoside-triphosphate reductase (ATP) (flavodoxin)		ATP C10H12N5O13P3 + Flavodoxin (reduced) - obsolete  -> DATP C10H12N5O12P3 + Flavodoxin (oxidized) - obsolete + H2O H2O 
RNTR2	Ribonucleoside triphosphate reductase  GTP	1.17.4.2	GTP C10H12N5O14P3 + Reduced thioredoxin  -> DGTP C10H12N5O13P3 + H2O H2O + Oxidized thioredoxin 
RNTR2c	Ribonucleoside-triphosphate reductase (GTP) (flavodoxin)		Flavodoxin (reduced) - obsolete + GTP C10H12N5O14P3  -> DGTP C10H12N5O13P3 + Flavodoxin (oxidized) - obsolete + H2O H2O 
RNTR3	Ribonucleoside triphosphate reductase  CTP	1.17.4.2	CTP C9H12N3O14P3 + Reduced thioredoxin  -> DCTP C9H12N3O13P3 + H2O H2O + Oxidized thioredoxin 
RNTR3c	Ribonucleoside-triphosphate reductase (CTP) (flavodoxin)		CTP C9H12N3O14P3 + Flavodoxin (reduced) - obsolete  -> DCTP C9H12N3O13P3 + Flavodoxin (oxidized) - obsolete + H2O H2O 
RNTR4	Ribonucleoside triphosphate reductase  UTP	1.17.4.2	Reduced thioredoxin + UTP C9H11N2O15P3  -> DUTP C9H11N2O14P3 + H2O H2O + Oxidized thioredoxin 
RNTR4c	Ribonucleoside-triphosphate reductase (UTP) (flavodoxin)		Flavodoxin (reduced) - obsolete + UTP C9H11N2O15P3  -> DUTP C9H11N2O14P3 + Flavodoxin (oxidized) - obsolete + H2O H2O 
RPE	Ribulose 5-phosphate 3-epimerase	5.1.3.1	D-Ribulose 5-phosphate  <=> D-Xylulose 5-phosphate 
RPI	Ribose-5-phosphate isomerase	5.3.1.6	Alpha-D-Ribose 5-phosphate  <=> D-Ribulose 5-phosphate 
RU5PP	Ribulose-5-Phosphate Phosphatase		H2O H2O + D-Ribulose 5-phosphate  -> Phosphate + D-Ribulose 
Rbtt2	Ribitol transport in via proton symporter		H+ + Ribitol  -> H+ + Ribitol 
S6PG	Salicin 6 phosphate glucohydrolase	3.2.1.86	H2O H2O + Salicin 6-phosphate  -> 2  Hydroxymethyl phenol C7H8O2 + D-Glucose 6-phosphate 
SADH	Succinylarginine dihydrolase	3.5.3.23	2 H2O H2O + 2 H+ + N2-Succinyl-L-arginine  -> CO2 CO2 + 2 Ammonium + N2-Succinyl-L-ornithine 
SADT2	Sulfate adenyltransferase	2.7.7.4	ATP C10H12N5O13P3 + GTP C10H12N5O14P3 + H2O H2O + Sulfate  -> Adenosine 5'-phosphosulfate + GDP C10H12N5O11P2 + Phosphate + Diphosphate 
SALADC2	Sulfinoalanine decarboxylase	4.1.1.15; 4.1.1.29	L-Cysteate + H+  -> CO2 CO2 + Taurine C2H7NO3S 
SALCHS1H	Salmochelin s1 hydrolase		H2O H2O + Salmochelin-S1  -> 2,3-dihydroxybenzoylserine + H+ + Salmochelin-SX 
SALCHS2FER3	Salmochelin s2 Fe III reduction and offloading		Reduced riboflavin + 2 Salmochelin-S2-Fe-III  -> 2 Fe2+ mitochondria + 4 H+ + Riboflavin C17H20N4O6 + 2 Salmochelin-S2 
SALCHS2FEabcpp	Salmochelin s2 Fe III transport via ABC system periplasm		ATP C10H12N5O13P3 + H2O H2O + Salmochelin-S2-Fe-III  -> ADP C10H12N5O10P2 + H+ + Phosphate + Salmochelin-S2-Fe-III 
SALCHS2H	Salmochelin s2 hydrolase		H2O H2O + Salmochelin-S2  -> Salmochelin-S1 + Salmochelin-SX 
SALCHS2tex	Salmochelin s2 secretion		Salmochelin-S2  -> Salmochelin-S2 
SALCHS4FEHpp	Salmochelin s4 fe3 hydrolase		H2O H2O + Salmochelin-S4-Fe-III  -> Salmochelin-S2-Fe-III 
SALCHS4FER1	Salmochelin S4 Fe III reduction Fe III unloading		Flavin adenine dinucleotide reduced + 2 Salmochelin-S4-Fe-III  -> Flavin adenine dinucleotide oxidized + 2 Fe2+ mitochondria + 4 H+ + 2 Salmochelin-S4 
SALCHS4FEabcpp	Salmochelin S4 Fe III transport via ABC system periplasm		ATP C10H12N5O13P3 + H2O H2O + Salmochelin-S4-Fe-III  -> ADP C10H12N5O10P2 + Phosphate + Salmochelin-S4-Fe-III 
SALCHS4FEtonex	Salmochelin S4 Fe III transport via ton system extracellular		H+ + Salmochelin-S4-Fe-III  -> H+ + Salmochelin-S4-Fe-III 
SALCHS4Hpp	Salmochelin s4 hydrolase		H2O H2O + Salmochelin-S4  -> Salmochelin-S2 
SALCHS4abcpp	Salmochelin S4 transport via ABC system periplasm		ATP C10H12N5O13P3 + H2O H2O + Salmochelin-S4  -> ADP C10H12N5O10P2 + H+ + Phosphate + Salmochelin-S4 
SALCHSXtex	Salmochelin SX via diffusion extracellular to periplasm		Salmochelin-SX  -> Salmochelin-SX 
SALCHSXtpp	Salmochelin SX facilitated transport periplasm		Salmochelin-SX  -> Salmochelin-SX 
SALCpts	Salicin transport via PEP:Pyr PTS		Phosphoenolpyruvate + Salicin C13H18O7  -> Pyruvate + Salicin 6-phosphate 
SAOR	R_SAOR		Diacetyl C4H6O2 + H+ + Nicotinamide adenine dinucleotide - reduced  -> S-acetoin + Nicotinamide adenine dinucleotide 
SARCOX	Sarcosine oxidase	1.5.3.1	H2O H2O + O2 O2 + Sarcosine C3H7NO2  -> Formaldehyde + Glycine + Hydrogen peroxide 
SBP	Sedoheptulose-bisphosphatase	3.1.3.11; 3.1.3.37	H2O H2O + Sedoheptulose 1,7-bisphosphate  -> Phosphate + Sedoheptulose 7-phosphate 
SBTD_D2	D sorbitol dehydrogenase  D fructose producing	1.1.1.14; 1.1.1.15	Nicotinamide adenine dinucleotide + D-Sorbitol  -> D-Fructose + H+ + Nicotinamide adenine dinucleotide - reduced 
SBTPD	Sorbitol-6-phosphate dehydrogenase	1.1.1.140	Nicotinamide adenine dinucleotide + D-Sorbitol 6-phosphate  <=> D-Fructose 6-phosphate + H+ + Nicotinamide adenine dinucleotide - reduced 
SBTpts	D-sorbitol transport via PEP:Pyr PTS		Phosphoenolpyruvate + D-Sorbitol  -> Pyruvate + D-Sorbitol 6-phosphate 
SBTptspp	D-sorbitol transport via PEP:Pyr PTS (periplasm)		Phosphoenolpyruvate + D-Sorbitol  -> Pyruvate + D-Sorbitol 6-phosphate 
SBTt2	D sorbitol transport in via proton symport		H+ + D-Sorbitol  -> H+ + D-Sorbitol 
SBTtex	D-sorbitol transport via diffusion (extracellular to periplasm)		D-Sorbitol  -> D-Sorbitol 
SCYSSL	S-sulfo-L-cysteine sulfite lyase		2 Reduced glutathione + S-Sulfo-L-cysteine  -> L-Cysteine + Oxidized glutathione + H+ + Sulfite 
SDPDS	Succinyl-diaminopimelate desuccinylase	3.5.1.18	H2O H2O + N-Succinyl-LL-2,6-diaminoheptanedioate  -> LL-2,6-Diaminoheptanedioate + Succinate 
SDPTA	Succinyldiaminopimelate transaminase	2.6.1.17	2-Oxoglutarate + N-Succinyl-LL-2,6-diaminoheptanedioate  <=> L-Glutamate + N-Succinyl-2-L-amino-6-oxoheptanedioate 
SELADT	Selenate adenylyltransferase	2.7.7.4	ATP C10H12N5O13P3 + H+ + Selenate  -> Adenylylselenate + Diphosphate 
SELR	Selenate reductase		Menaquinol 8 + Selenate  -> H2O H2O + Menaquinone 8 + Selenite 
SELTt	Selenite transport via diffusion, cytosol		Selenite  <=> Selenite 
SELabcpp	Selenatenate transport via ABC system (periplasm)		ATP C10H12N5O13P3 + H2O H2O + Selenate  -> ADP C10H12N5O10P2 + H+ + Phosphate + Selenate 
SELtex	Selenate transport via diffusion (extracellular to periplasm)		Selenate  -> Selenate 
SELtpp	Selenate transport via proton symport (periplasm)		2 H+ + Selenate  -> 2 H+ + Selenate 
SEPHCHCS	2-succinyl-5-enolpyruvyl-6-hydroxy-3-cyclohexene-1-carboxylate synthase	2.2.1.9	2-Oxoglutarate + H+ + Isochorismate  -> 2-succinyl-5-enolpyruvyl-6-hydroxy-3-cyclohexene-1-carboxylate + CO2 CO2 
SERASr	(L-seryl)adenylate synthase		ATP C10H12N5O13P3 + H+ + L-Serine  <=> Diphosphate + L-seryl-AMP 
SERAT	Serine O-acetyltransferase	2.3.1.30	Acetyl-CoA + L-Serine  <=> O-Acetyl-L-serine + Coenzyme A 
SERD_L	L-serine deaminase	4.3.1.15; 4.3.1.17; 4.3.1.19	L-Serine  -> Ammonium + Pyruvate 
SERGLUGLNtr	Tripeptide transport		ATP C10H12N5O13P3 + H2O H2O + Serine-glutamine-glycine tripeptide  -> ADP C10H12N5O10P2 + H+ + Phosphate + Serine-glutamine-glycine tripeptide 
SERabc	L-serine transport via ABC system		ATP C10H12N5O13P3 + H2O H2O + L-Serine  -> ADP C10H12N5O10P2 + H+ + Phosphate + L-Serine 
SERt2rpp	L-serine reversible transport via proton symport (periplasm)		H+ + L-Serine  -> H+ + L-Serine 
SERt4pp	L-serine via sodium symport (periplasm)		Sodium + L-Serine  -> Sodium + L-Serine 
SERtex	L-serine transport via diffusion (extracellular to periplasm)		L-Serine  -> L-Serine 
SERtpp	L-serine export via facilitated transport		L-Serine  -> L-Serine 
SFGTHi	S-Formylglutathione hydralase	3.1.2.12	S-Formylglutathione + H2O H2O  -> Formate + Reduced glutathione + H+ 
SGDS	Succinylglutamate desuccinylase	3.5.1.96	H2O H2O + N2-Succinyl-L-glutamate  -> L-Glutamate + Succinate 
SGSAD	Succinylglutamic semialdehyde dehydrogenase	1.2.1.71	H2O H2O + Nicotinamide adenine dinucleotide + N2-Succinyl-L-glutamate 5-semialdehyde  -> 2 H+ + Nicotinamide adenine dinucleotide - reduced + N2-Succinyl-L-glutamate 
SHCHCS2	2-succinyl-6-hydroxy-2,4-cyclohexadiene 1-carboxylate synthase		Isochorismate + Succinate semialdehyde-thiamin diphosphate anion  -> 2-Succinyl-6-hydroxy-2,4-cyclohexadiene-1-carboxylate + Pyruvate + Thiamine diphosphate 
SHCHCS3	2-succinyl-6-hydroxy-2,4-cyclohexadiene 1-carboxylate synthase	4.2.99.20	2-succinyl-5-enolpyruvyl-6-hydroxy-3-cyclohexene-1-carboxylate  -> 2-Succinyl-6-hydroxy-2,4-cyclohexadiene-1-carboxylate + Pyruvate 
SHCHD2	Sirohydrochlorin dehydrogenase (NAD)	1.3.1.76	Dihydrosirohydrochlorin + Nicotinamide adenine dinucleotide  -> H+ + Nicotinamide adenine dinucleotide - reduced + Sirohydrochlorin 
SHCHF	Sirohydrochlorin ferrochelatase	4.99.1.4	Fe2+ mitochondria + Sirohydrochlorin  -> 3 H+ + Siroheme C42H36FeN4O16 
SHEME2abcpp	Siroheme transport via ABC system  periplasm to cytosol		ATP C10H12N5O13P3 + H2O H2O + Siroheme C42H36FeN4O16  -> ADP C10H12N5O10P2 + H+ + Phosphate + Siroheme C42H36FeN4O16 
SHEMEtonex	Siroheme ton dependend transport system  extracellular to periplasm		H+ + Siroheme C42H36FeN4O16  -> H+ + Siroheme C42H36FeN4O16 
SHGO	S-2-hydroxyglutarate oxidase		(S)-2-Hydroxyglutarate + O2 O2  -> 2-Oxoglutarate + Hydrogen peroxide 
SHK3Dr	Shikimate dehydrogenase	1.1.1.25; 1.1.1.282	3-Dehydroshikimate + H+ + Nicotinamide adenine dinucleotide phosphate - reduced  -> Nicotinamide adenine dinucleotide phosphate + Shikimate 
SHKK	Shikimate kinase	2.7.1.71	ATP C10H12N5O13P3 + Shikimate  -> ADP C10H12N5O10P2 + H+ + Shikimate 5-phosphate 
SHSL1	O-succinylhomoserine lyase (L-cysteine)	2.5.1.48	L-Cysteine + O-Succinyl-L-homoserine  -> L-Cystathionine + H+ + Succinate 
SKDH_1	R_SKDH_1		3-Dehydroshikimate + H+ + Nicotinamide adenine dinucleotide - reduced  -> Nicotinamide adenine dinucleotide + Shikimate 
SKMt2	SKMt2		H+ + Shikimate  -> H+ + Shikimate 
SKMt2pp	Shikimate transport in via proton symport (periplasm)		H+ + Shikimate  -> H+ + Shikimate 
SKMtex	Shikimate transport via diffusion (extracellular to periplasm)		Shikimate  -> Shikimate 
SLCYSS	O-acetyl-L-serine sulfhydrylase	2.5.1.47	O-Acetyl-L-serine + Thiosulfate  -> Acetate + S-Sulfo-L-cysteine 
SLNTabcpp	Selenite ABC transporter (periplasm)		ATP C10H12N5O13P3 + H2O H2O + Selenite  -> ADP C10H12N5O10P2 + H+ + Phosphate + Selenite 
SLNTtex	Selenite transport via diffusion (extracellular to periplasm)		Selenite  -> Selenite 
SLNTtpp	Selenite transport via proton symport (periplasm)		H+ + Selenite  -> H+ + Selenite 
SMIA1	Staphyloferrin A Mediated Iron Acquisition		Fe2+ mitochondria + Staphyloferrin A  <=> Iron bound extracellular staphyloferrin A 
SMIA1Eabc	Siderophore Mediated Iron Acquisition: Staphyloferrin A export		ATP C10H12N5O13P3 + H2O H2O + Staphyloferrin A  -> ADP C10H12N5O10P2 + H+ + Phosphate + Staphyloferrin A 
SMIA1abc	Siderophore Mediated Iron Acquisition: Staphyloferrin A transport via ABC		ATP C10H12N5O13P3 + H2O H2O + Iron bound extracellular staphyloferrin B  -> ADP C10H12N5O10P2 + Fe2+ mitochondria + H+ + Phosphate + Staphyloferrin B 
SMIB1	Staphyloferrin B Mediated Iron Acquisition		Fe2+ mitochondria + Staphyloferrin B  <=> Iron bound extracellular staphyloferrin B 
SO3tex	Sulfite transport via diffusion (extracellular to periplasm)		Sulfite  -> Sulfite 
SO4t2	Sulfate transport in via proton symport		H+ + Sulfate  -> H+ + Sulfate 
SO4t2pp	Sulfate transport in via proton symport (periplasm to cytoplasm)		H+ + Sulfate  -> H+ + Sulfate 
SO4t4pp_1	Sulfate transport via sodium symport		Sodium + Sulfate  -> Sodium + Sulfate 
SO4tex	Sulfate transport via diffusion (extracellular to periplasm)		Sulfate  -> Sulfate 
SOTA	Succinylornithine transaminase	2.6.1.81	2-Oxoglutarate + N2-Succinyl-L-ornithine  -> L-Glutamate + N2-Succinyl-L-glutamate 5-semialdehyde 
SPMDabc	Spermidine transport via ABC system	3.6.3.31	ATP C10H12N5O13P3 + H2O H2O + Spermidine  -> ADP C10H12N5O10P2 + H+ + Phosphate + Spermidine 
SPMDabcpp	Spermidine transport via ABC system (periplasm)	3.6.3.31	ATP C10H12N5O13P3 + H2O H2O + Spermidine  -> ADP C10H12N5O10P2 + H+ + Phosphate + Spermidine 
SPMDt3i	Spermidine transport in via proton antiport		H+ + Spermidine  <=> H+ + Spermidine 
SPMDt3pp	Spermidine transport out via proton antiport (periplasm)		H+ + Spermidine  -> H+ + Spermidine 
SPMDtex	Spermidine transport via diffusion (extracellular to periplasm)		Spermidine  -> Spermidine 
SPMS	Spermidine synthase	2.5.1.16	S-Adenosylmethioninamine + Putrescine  -> 5-Methylthioadenosine + H+ + Spermidine 
SPODM	Superoxide dismutase	1.15.1.1	2 H+ + 2 Superoxide anion  -> Hydrogen peroxide + O2 O2 
SPODMpp	Superoxide dismutase	1.15.1.1	2 H+ + 2 Superoxide anion  -> Hydrogen peroxide + O2 O2 
SSALx	Succinate-semialdehyde dehydrogenase (NAD)	1.2.1.16; 1.2.1.24	H2O H2O + Nicotinamide adenine dinucleotide + Succinic semialdehyde  -> 2 H+ + Nicotinamide adenine dinucleotide - reduced + Succinate 
SSALy	Succinate-semialdehyde dehydrogenase (NADP)	1.2.1.16; 1.2.1.79	H2O H2O + Nicotinamide adenine dinucleotide phosphate + Succinic semialdehyde  -> 2 H+ + Nicotinamide adenine dinucleotide phosphate - reduced + Succinate 
SSCOARy	Succinyl-coA reductase (NADPH)	1.2.1.76	H+ + Nicotinamide adenine dinucleotide phosphate - reduced + Succinyl-CoA  <=> Coenzyme A + Nicotinamide adenine dinucleotide phosphate + Succinic semialdehyde 
STAS	Staphyloferrin A synthase		2 ATP C10H12N5O13P3 + 2 Citrate + 3 H+ + Ornithine  -> 2 AMP C10H12N5O7P + 2 Diphosphate + Staphyloferrin A 
STFRNBt	R_STFRNBt		Staphyloferrin B  -> Staphyloferrin B 
SUCASPtpp	Succinate:aspartate antiporter (periplasm)		L-Aspartate + Succinate  -> L-Aspartate + Succinate 
SUCBZL	O-succinylbenzoate-CoA ligase	6.2.1.26	ATP C10H12N5O13P3 + Coenzyme A + O-Succinylbenzoate  -> AMP C10H12N5O7P + Diphosphate + O-Succinylbenzoyl-CoA 
SUCBZS	O-succinylbenzoate-CoA synthase	4.2.1.113	2-Succinyl-6-hydroxy-2,4-cyclohexadiene-1-carboxylate  -> H2O H2O + O-Succinylbenzoate 
SUCCt1pp	Succinate transport via diffusion in (periplasm)		Succinate  <=> Succinate 
SUCCt2_2pp	Succinate transport via proton symport (2 H) (periplasm)		2 H+ + Succinate  -> 2 H+ + Succinate 
SUCCt2_3pp	Succintate transport via proton symport (3 H) (periplasm)		3 H+ + Succinate  -> 3 H+ + Succinate 
SUCCtex	Succinate transport via diffusion (extracellular to periplasm)		Succinate  -> Succinate 
SUCDi	Succinate dehydrogenase (irreversible)		Ubiquinone-8 + Succinate  -> Fumarate + Ubiquinol-8 
SUCFUMtpp	Succinate:fumarate antiporter (periplasm)		Fumarate + Succinate  -> Fumarate + Succinate 
SUCMALtpp	Succinate:malate antiporter (periplasm)		L-Malate + Succinate  -> L-Malate + Succinate 
SUCOAS	Succinyl-CoA synthetase (ADP-forming)	6.2.1.5	ATP C10H12N5O13P3 + Coenzyme A + Succinate  <=> ADP C10H12N5O10P2 + Phosphate + Succinyl-CoA 
SUCR	Sucrose hydrolyzing enzyme	2.4.1.10; 2.4.1.4; 2.4.1.9; 3.2.1.10; 3.2.1.20; 3.2.1.26; 3.2.1.48	H2O H2O + Sucrose C12H22O11  -> D-Fructose + D-Glucose 
SUCRabcpp_syn	Sucrose ABC transporter (periplasm)		ATP C10H12N5O13P3 + H2O H2O + Sucrose C12H22O11  -> ADP C10H12N5O10P2 + H+ + Phosphate + Sucrose C12H22O11 
SUCRtex	Sucrose transport transport via diffusion (extracellular to periplasm)		Sucrose C12H22O11  -> Sucrose C12H22O11 
SUCpts	Sucrose transport via PEP:Pyr PTS		Phosphoenolpyruvate + Sucrose C12H22O11  -> Pyruvate + Sucrose 6-phosphate 
SUCptspp	Sucrose transport via PEP:Pyr  (periplasm)		Phosphoenolpyruvate + Sucrose C12H22O11  -> Pyruvate + Sucrose 6-phosphate 
SUCtpp	Sucrose transport via permease		Sucrose C12H22O11  -> Sucrose C12H22O11 
SULFACabcpp	Sulfoacetate transport via ABC system (periplasm)		ATP C10H12N5O13P3 + H2O H2O + Sulfoacetate  -> ADP C10H12N5O10P2 + H+ + Phosphate + Sulfoacetate 
SULFACtex	Sulfoaceate transport via diffusion (extracellular to periplasm)		Sulfoacetate  -> Sulfoacetate 
SULR	Sulfite reductase (NADPH2)	1.8.1.2	5 H+ + 3 Nicotinamide adenine dinucleotide phosphate - reduced + Sulfite  -> 3 H2O H2O + Hydrogen sulfide + 3 Nicotinamide adenine dinucleotide phosphate 
SULR_1	Sulfite reductase  NADPH2	1.8.1.2	3 H2O H2O + Hydrogen sulfide + 3 Nicotinamide adenine dinucleotide phosphate  -> 5 H+ + 3 Nicotinamide adenine dinucleotide phosphate - reduced + Sulfite 
SULabc	Sulfate transport via ABC system	3.6.3.25	ATP C10H12N5O13P3 + H2O H2O + Sulfate  -> ADP C10H12N5O10P2 + H+ + Phosphate + Sulfate 
SULabcpp	Sulfate transport via ABC system (periplasm)	3.6.3.25	ATP C10H12N5O13P3 + H2O H2O + Sulfate  -> ADP C10H12N5O10P2 + H+ + Phosphate + Sulfate 
St	Sulfur diffusion		Sulfur  <=> Sulfur 
TAG1PK	D Tagatose 1 phosphate kinase		ATP C10H12N5O13P3 + D-Tagatose-1-phosphate  -> ADP C10H12N5O10P2 + 3 H+ + D-Tagatose 1,6-biphosphate 
TAGURr	Tagaturonate reductase	1.1.1.58	D-Altronate + Nicotinamide adenine dinucleotide  <=> H+ + Nicotinamide adenine dinucleotide - reduced + D-Tagaturonate 
TAGabc	ATP-binding cassette transport of triacylglycerol		ATP C10H12N5O13P3 + H2O H2O  -> ADP C10H12N5O10P2 + H+ + Phosphate 
TAGptspp	D Tagatose transport via PEPPyr PTS periplasm		Phosphoenolpyruvate + D-Tagatose  -> Pyruvate + D-Tagatose-1-phosphate 
TAGtex	D Tagatose transport via diffusion extracellular to periplasm		D-Tagatose  -> D-Tagatose 
TALA	Transaldolase	2.2.1.2	Glyceraldehyde 3-phosphate + Sedoheptulose 7-phosphate  <=> D-Erythrose 4-phosphate + D-Fructose 6-phosphate 
TARTRDtex	D-tartrate transport via diffusion (extracellular to periplasm)		D-tartrate  -> D-tartrate 
TARTRDtpp	D Tartrate facilitated transport periplasm		D-tartrate  -> D-tartrate 
TARTR_L_Et	L-tartrate transport (transport mechanism unknown - evidence from biolog data)		L-tartrate  <=> L-tartrate 
TARTRt7pp	Tartrate/succinate antiporter (periplasm)		Succinate + L-tartrate  <=> Succinate + L-tartrate 
TARTRtex	Tartrate transport via diffusion (extracellular to periplasm)		L-tartrate  -> L-tartrate 
TAURabcpp	Taurine transport via ABC system (periplasm)	3.6.3.36	ATP C10H12N5O13P3 + H2O H2O + Taurine C2H7NO3S  -> ADP C10H12N5O10P2 + H+ + Phosphate + Taurine C2H7NO3S 
TAURtex	Taurine transport via diffusion (extracellular to periplasm)		Taurine C2H7NO3S  -> Taurine C2H7NO3S 
TCYNTtex	Thiocyanate transport via diffusion (extracellular to periplasm)		Thiocyanate  -> Thiocyanate 
TCYNTtpp	Thiocyanate transport via diffusion  periplasm to periplasm		Thiocyanate  -> Thiocyanate 
TDP	Thiamin pyrophosphatase	3.6.1; 3.6.1.-; 3.6.1.15	H2O H2O + Thiamine diphosphate  -> H+ + Phosphate + Thiamin monophosphate 
TETDHpp3	Tetrathionate Dehydrogenase ubiquinone 8  periplasm		Ubiquinol-8 + Tetrathionate  -> 2 H+ + Ubiquinone-8 + 2 Thiosulfate 
TETtex	Tetrathionate transport via diffusion extracellular to periplasm		Tetrathionate  -> Tetrathionate 
TGBPA	Tagatose-bisphosphate aldolase	4.1.2.40	D-Tagatose 1,6-biphosphate  <=> Dihydroxyacetone phosphate + Glyceraldehyde 3-phosphate 
THD2pp	NAD(P) transhydrogenase (periplasm)	1.6.1.1	2 H+ + Nicotinamide adenine dinucleotide - reduced + Nicotinamide adenine dinucleotide phosphate  -> 2 H+ + Nicotinamide adenine dinucleotide + Nicotinamide adenine dinucleotide phosphate - reduced 
THDPS	Tetrahydrodipicolinate succinylase	2.3.1.117	H2O H2O + Succinyl-CoA + 2,3,4,5-Tetrahydrodipicolinate  -> Coenzyme A + N-Succinyl-2-L-amino-6-oxoheptanedioate 
THFAT	Tetrahydrofolate aminomethyltransferase	2.1.2.10	H2O H2O + 5,10-Methenyltetrahydrofolate  -> 5-Formyltetrahydrofolate + H+ 
THFOR2	5,6,7,8-Tetrahydrofolate:NADP+ oxidoreductase	1.5.1.3	Folate + 2 H+ + 2 Nicotinamide adenine dinucleotide phosphate - reduced  -> 2 Nicotinamide adenine dinucleotide phosphate + 5,6,7,8-Tetrahydrofolate 
THIORDXi	Hydrogen peroxide reductase (thioredoxin)	1.11.1.15; 1.11.1.16	Hydrogen peroxide + Reduced thioredoxin  -> 2 H2O H2O + Oxidized thioredoxin 
THMDt2pp	Thymidine transport in via proton symport (periplasm)		H+ + Thymidine C10H14N2O5  -> H+ + Thymidine C10H14N2O5 
THMDtex	Thymidine transport via diffusion (extracellular to periplasm)		Thymidine C10H14N2O5  -> Thymidine C10H14N2O5 
THMabcpp	Thiamine transport via ABC system (periplasm)		ATP C10H12N5O13P3 + H2O H2O + Thiamin  -> ADP C10H12N5O10P2 + H+ + Phosphate + Thiamin 
THMt6	Thymine transport inout via proton symport		H+ + Thymine C5H6N2O2  -> H+ + Thymine C5H6N2O2 
THMtex	Thiamine transport via diffusion (extracellular to periplasm)		Thiamin  -> Thiamin 
THRA	Threonine aldolase	4.1.2.48; 4.1.2.5	L-Threonine  -> Acetaldehyde + Glycine 
THRA2	L-allo-Threonine Aldolase		L-Allo-threonine  -> Acetaldehyde + Glycine 
THRD	L-threonine dehydrogenase	1.1.1.103	Nicotinamide adenine dinucleotide + L-Threonine  -> L-2-Amino-3-oxobutanoate + H+ + Nicotinamide adenine dinucleotide - reduced 
THRD_L	L-threonine deaminase	4.3.1.19	L-Threonine  -> 2-Oxobutanoate + Ammonium 
THRPtex	Phospho-L-threonine transport via diffusion (extracellular to periplasm)		L-Threonine O-3-phosphate  -> L-Threonine O-3-phosphate 
THRS	Threonine synthase	4.2.3.1	H2O H2O + O-Phospho-L-homoserine  -> Phosphate + L-Threonine 
THRabc	L-threonine transport via ABC system		ATP C10H12N5O13P3 + H2O H2O + L-Threonine  -> ADP C10H12N5O10P2 + H+ + Phosphate + L-Threonine 
THRabcpp	L-threonine transport via ABC system (periplasm)		ATP C10H12N5O13P3 + H2O H2O + L-Threonine  -> ADP C10H12N5O10P2 + H+ + Phosphate + L-Threonine 
THRt2pp	L-threonine efflux transport via proton antiport (periplasm)		H+ + L-Threonine  -> H+ + L-Threonine 
THRt4pp	L-threonine  via sodium symport (periplasm)		Sodium + L-Threonine  -> Sodium + L-Threonine 
THRtex	L-threonine transport via diffusion (extracellular to periplasm)		L-Threonine  -> L-Threonine 
THYMt	Thymine reversible transport via facilated diffusion		Thymine C5H6N2O2  <=> Thymine C5H6N2O2 
THYMt3pp	Thymine transport out via proton antiport (periplasm)		H+ + Thymine C5H6N2O2  -> H+ + Thymine C5H6N2O2 
THYMtex	Thymine transport via diffusion (extracellular to periplasm)		Thymine C5H6N2O2  -> Thymine C5H6N2O2 
THZPSN	Thiazole phosphate synthesis		ATP C10H12N5O13P3 + L-Cysteine + 1-deoxy-D-xylulose 5-phosphate + L-Tyrosine  -> 4-Hydroxy-benzyl alcohol + 4-Methyl-5-(2-phosphoethyl)-thiazole + L-Alanine + AMP C10H12N5O7P + CO2 CO2 + H2O H2O + H+ + Diphosphate 
TKT1	Transketolase	2.2.1.1	Alpha-D-Ribose 5-phosphate + D-Xylulose 5-phosphate  <=> Glyceraldehyde 3-phosphate + Sedoheptulose 7-phosphate 
TKT2	Transketolase	2.2.1.1	D-Erythrose 4-phosphate + D-Xylulose 5-phosphate  <=> D-Fructose 6-phosphate + Glyceraldehyde 3-phosphate 
TMAOR2pp	Trimethylamine N-oxide reductase (demethylmenaquinol 8) (periplasm)		2-Demethylmenaquinol 8 + H+ + Trimethylamine N-oxide  -> 2-Demethylmenaquinone 8 + H2O H2O + Trimethylamine 
TMAOtex	Trimethylamine N-oxide transport via diffusion (extracellular to periplasm)		Trimethylamine N-oxide  -> Trimethylamine N-oxide 
TMAtex	Trimethylamine transport via diffusion (extracellular to periplasm)		Trimethylamine  -> Trimethylamine 
TMDK1	Thymidine kinase (ATP:thymidine)	2.7.1.145; 2.7.1.21	ATP C10H12N5O13P3 + Thymidine C10H14N2O5  -> ADP C10H12N5O10P2 + DTMP C10H13N2O8P + H+ 
TMDPP	Thymidine phosphorylase	2.4.2.2; 2.4.2.4	Phosphate + Thymidine C10H14N2O5  <=> 2-Deoxy-D-ribose 1-phosphate + Thymine C5H6N2O2 
TMDS	Thymidylate synthase	2.1.1.45	DUMP C9H11N2O8P + 5,10-Methylenetetrahydrofolate  -> 7,8-Dihydrofolate + DTMP C10H13N2O8P 
TMDS3	Thymidylate synthase (FAD dependent)	2.1.1.148	DUMP C9H11N2O8P + H+ + 5,10-Methylenetetrahydrofolate + Nicotinamide adenine dinucleotide phosphate - reduced  -> DTMP C10H13N2O8P + Nicotinamide adenine dinucleotide phosphate + 5,6,7,8-Tetrahydrofolate 
TMK	Thiamine kinase	2.7.1.89	ATP C10H12N5O13P3 + Thiamin  -> ADP C10H12N5O10P2 + H+ + Thiamin monophosphate 
TMN	Thiaminase	3.5.99.2	H2O H2O + Thiamin  -> 4-Amino-5-hydroxymethyl-2-methylpyrimidine + 4-Methyl-5-(2-hydroxyethyl)-thiazole + H+ 
TMPK	Thiamine-phosphate kinase	2.7.4.16	ATP C10H12N5O13P3 + Thiamin monophosphate  -> ADP C10H12N5O10P2 + Thiamine diphosphate 
TMPPP	Thiamine-phosphate diphosphorylase	2.5.1.3	2-Methyl-4-amino-5-hydroxymethylpyrimidine diphosphate + 4-Methyl-5-(2-phosphoethyl)-thiazole + H+  -> Diphosphate + Thiamin monophosphate 
TNTHAC1	2 4 6 dinitrotoluene meisenheimer dihydrideTNT derived hydroxylamines condensation		4 Hydroxylamino 2 6 dinitrotoluene + 2 4 6 trinitrotoluene  Meisenheimer dihydride complex  -> N N bis 3 5 dinitrotolyl  amine + H2O H2O + Nitrite 
TNTHAC2	2 4 6 dinitrotoluene meisenheimer dihydrideTNT derived hydroxylamines condensation		2 Hydroxylamino 4 6 dinitrotoluene + 2 4 6 trinitrotoluene  Meisenheimer dihydride complex  -> N  2 methyl 3 5 dinitrophenyl  4 methyl 3 5 dinitroaniline + H2O H2O + Nitrite 
TNTR1	TNT nitroreductase 4 Hydroxylamino 2 6 dinitrotoluene		H+ + 2 Nicotinamide adenine dinucleotide phosphate - reduced + 2 4 6 Trinitrotoluene  -> 4 Hydroxylamino 2 6 dinitrotoluene + H2O H2O + 2 Nicotinamide adenine dinucleotide phosphate 
TNTR1x	TNT nitroreductase 4 Hydroxylamino 2 6 dinitrotoluene		H+ + 2 Nicotinamide adenine dinucleotide - reduced + 2 4 6 Trinitrotoluene  -> 4 Hydroxylamino 2 6 dinitrotoluene + H2O H2O + 2 Nicotinamide adenine dinucleotide 
TNTR2	TNT nitroreductase 2 Hydroxylamino 4 6 dinitrotoluene		H+ + 2 Nicotinamide adenine dinucleotide phosphate - reduced + 2 4 6 Trinitrotoluene  -> 2 Hydroxylamino 4 6 dinitrotoluene + H2O H2O + 2 Nicotinamide adenine dinucleotide phosphate 
TNTR3	TNT nitroreductase Meisenheimer monohydride complex forming		H+ + Nicotinamide adenine dinucleotide phosphate - reduced + 2 2 4 6 Trinitrotoluene  -> Nicotinamide adenine dinucleotide phosphate + 2 2 4 6 Trinitrotoluene Meisenheimer monohydride complex 
TNTR4	TNT nitroreductase Meisenheimer dihydride complex forming		H+ + Nicotinamide adenine dinucleotide phosphate - reduced + 2 2 4 6 Trinitrotoluene Meisenheimer monohydride complex  -> Nicotinamide adenine dinucleotide phosphate + 2 2 4 6 trinitrotoluene  Meisenheimer dihydride complex 
TNTep	2 4 6 trinitrotoluene extrusion pump		H+ + 2 4 6 Trinitrotoluene  -> H+ + 2 4 6 Trinitrotoluene 
TNTtex	Trinitrotoluene transport via diffusion  extracellular to periplasm  irreversible		2 4 6 Trinitrotoluene  -> 2 4 6 Trinitrotoluene 
TNTtpp	Trinitrotoluene transport via diffusion  periplasm to cytosol  irreversible		2 4 6 Trinitrotoluene  -> 2 4 6 Trinitrotoluene 
TOLt5	Toluene  transport out via proton antiport  cytosolexternal		H+ + Toluene  -> H+ + Toluene 
TOLt6	Toluene transport out via proton antiport  periplasmexternal		H+ + Toluene  -> H+ + Toluene 
TOLt7	Toluene  transport out via proton antiport  cytosolperiplasm		H+ + Toluene  -> H+ + Toluene 
TOLtex	Toluene  outer membrane porin transport		Toluene  -> Toluene 
TPI	Triose-phosphate isomerase	5.3.1.1	Dihydroxyacetone phosphate  <=> Glyceraldehyde 3-phosphate 
TRDR	Thioredoxin reductase (NADPH)	1.6.4.5; 1.8.1.9	H+ + Nicotinamide adenine dinucleotide phosphate - reduced + Oxidized thioredoxin  -> Nicotinamide adenine dinucleotide phosphate + Reduced thioredoxin 
TRE6PH	Trehalose-6-phosphate hydrolase	3.2.1.122; 3.2.1.93	H2O H2O + Alpha,alpha'-Trehalose 6-phosphate  -> D-Glucose 6-phosphate + D-Glucose 
TRE6PP	Trehalose-phosphatase	3.1.3.12	H2O H2O + Alpha,alpha'-Trehalose 6-phosphate  -> Phosphate + Trehalose 
TRE6PS	Alpha,alpha-trehalose-phosphate synthase (UDP-forming)	2.4.1.15	D-Glucose 6-phosphate + UDPglucose  -> H+ + Alpha,alpha'-Trehalose 6-phosphate + UDP C9H11N2O12P2 
TREH	Alpha,alpha-trehalase	3.2.1.28	H2O H2O + Trehalose  -> 2 D-Glucose 
TREHpp	Alpha,alpha-trehalase (periplasm)	3.2.1.28	H2O H2O + Trehalose  -> 2 D-Glucose 
TREabc	Trehalose  transport via ABC system		ATP C10H12N5O13P3 + H2O H2O + Trehalose  -> ADP C10H12N5O10P2 + H+ + Phosphate + Trehalose 
TREpts	Trehalose transport via PEP:Pyr PTS	2.7.1.69	Phosphoenolpyruvate + Trehalose  -> Pyruvate + Alpha,alpha'-Trehalose 6-phosphate 
TREptspp	Trehalose transport via PEP:Pyr PTS (periplasm)	2.7.1.69	Phosphoenolpyruvate + Trehalose  -> Pyruvate + Alpha,alpha'-Trehalose 6-phosphate 
TREtex	Trehalose transport via diffusion (extracellular to periplasm)		Trehalose  -> Trehalose 
TRPS1	Tryptophan synthase (indoleglycerol phosphate)	4.2.1.20	C'-(3-Indolyl)-glycerol 3-phosphate + L-Serine  -> Glyceraldehyde 3-phosphate + H2O H2O + L-Tryptophan 
TRPS2	Tryptophan synthase (indole)	4.2.1.122; 4.2.1.20	Indole + L-Serine  -> H2O H2O + L-Tryptophan 
TRPS3	Tryptophan synthase (indoleglycerol phosphate)	4.1.2.8; 4.2.1.20	C'-(3-Indolyl)-glycerol 3-phosphate  -> Glyceraldehyde 3-phosphate + Indole 
TRPTA	Tryptophan transaminase	2.6.1.27	2-Oxoglutarate + L-Tryptophan  -> L-Glutamate + Indolepyruvate C11H8NO3 
TRPabc	R_TRPabc		ATP C10H12N5O13P3 + H2O H2O + L-Tryptophan  -> ADP C10H12N5O10P2 + H+ + Phosphate + L-Tryptophan 
TRPt2rpp	L-tryptophan reversible transport via proton symport (periplasm)		H+ + L-Tryptophan  -> H+ + L-Tryptophan 
TRPtex	L-tryptophan transport via diffusion (extracellular to periplasm)		L-Tryptophan  -> L-Tryptophan 
TRPtipp	L-tryptophan transport out (periplasm)		L-Tryptophan  -> L-Tryptophan 
TRSARr	Tartronate semialdehyde reductase	1.1.1; 1.1.1.60	2-Hydroxy-3-oxopropanoate + H+ + Nicotinamide adenine dinucleotide - reduced  -> (R)-Glycerate + Nicotinamide adenine dinucleotide 
TRSARyr	Tartronate semialdehyde reductase (NADP)		2-Hydroxy-3-oxopropanoate + H+ + Nicotinamide adenine dinucleotide phosphate - reduced  -> (R)-Glycerate + Nicotinamide adenine dinucleotide phosphate 
TSULDHpp2	Thiosulfate Dehydrogenase Demethylmenaquinol 8  periplasm		2-Demethylmenaquinol 8 + 2 H+ + Thiosulfate  -> 2-Demethylmenaquinone 8 + Hydrogen sulfide + 2 H+ + Sulfite 
TSULP	Thiosulfate permease		H+ + Thiosulfate  -> H+ + Thiosulfate 
TSULR3e	Thiosulfate Reductase	2.8.1.3	2 Reduced glutathione + Thiosulfate  <=> Oxidized glutathione + Hydrogen sulfide + Sulfite 
TSULabcpp	Thiosulfate transport via ABC system (periplasm)	3.6.3.25	ATP C10H12N5O13P3 + H2O H2O + Thiosulfate  -> ADP C10H12N5O10P2 + H+ + Phosphate + Thiosulfate 
TSULtex	Thiosulfate transport via diffusion (extracellular to periplasm)		Thiosulfate  -> Thiosulfate 
TTDCAt2pp	Tetradecanoate transport via proton symport		H+ + Tetradecanoate (n-C14:0)  -> H+ + Tetradecanoate (n-C14:0) 
TTDCAtexi	Tetradecanoate transport via facilitated irreversible diffusion (extracellular to periplasm)		Tetradecanoate (n-C14:0)  -> Tetradecanoate (n-C14:0) 
TTDCEAtexi	Tetradecenoate transport via facilitated irreversible diffusion (extracellular to periplasm)		Tetradecenoate (n-C14:1)  -> Tetradecenoate (n-C14:1) 
TTONR1pp	Trithionate Reductase		Menaquinol 8 + Trithionate  -> 4 H+ + Menaquinone 8 + Sulfite + Thiosulfate 
TTONtex	Trithionate transport		Trithionate  -> Trithionate 
TTRCYCt2pp	Tetracycline transport		H+ + Tetracycline  -> H+ + Tetracycline 
TTRCYCt5	Tetracycline transport via TtgABC  system		H+ + Tetracycline  -> H+ + Tetracycline 
TTRCYCt7pp	Tetracycline Efflux  MSF		H+ + Tetracycline  -> H+ + Tetracycline 
TTRCYCtex	Tetracycline transport via diffusion (extracellular to periplasm)		Tetracycline  -> Tetracycline 
TTRCYCtpp	Tetracycline transport via TolC system		H+ + Tetracycline  -> H+ + Tetracycline 
TYMtex	Tyramine transport via diffusion (extracellular to periplasm)		Tyramine  -> Tyramine 
TYRL	Tyrosine lyase	4.1.99.19	S-Adenosyl-L-methionine + Nicotinamide adenine dinucleotide phosphate - reduced + L-Tyrosine  -> P-Cresol + 5'-Deoxyadenosine + Dehydroglycine + H+ + L-Methionine + Nicotinamide adenine dinucleotide phosphate 
TYROXDApp	Tyramine:oxygen oxidoreductase(deaminating)(flavin-containing) (periplasm)	1.4.3.21; 1.4.3.22; 1.4.3.4; 1.4.9.2; 1.4.99.4	H2O H2O + O2 O2 + Tyramine  -> 4-Hydroxyphenylacetaldehyde + Hydrogen peroxide + Ammonium 
TYRPpp	Phospho-L-tyrosine phosphatase (periplasmic)		H2O H2O + Phosphotyrosine  -> Phosphate + L-Tyrosine 
TYRPtex	Phopho-L-tyrosine transport via diffusion (extracellular to periplasm)		Phosphotyrosine  -> Phosphotyrosine 
TYRTA	Tyrosine transaminase	2.6.1.1; 2.6.1.5; 2.6.1.57; 2.6.1.9	2-Oxoglutarate + L-Tyrosine  <=> 3-(4-Hydroxyphenyl)pyruvate + L-Glutamate 
TYRabc	R_TYRabc		ATP C10H12N5O13P3 + H2O H2O + L-Tyrosine  -> ADP C10H12N5O10P2 + H+ + Phosphate + L-Tyrosine 
TYRt2rpp	L-tyrosine reversible transport via proton symport (periplasm)		H+ + L-Tyrosine  -> H+ + L-Tyrosine 
TYRtex	L-tyrosine transport via diffusion (extracellular to periplasm)		L-Tyrosine  -> L-Tyrosine 
UAAGDS	UDP-N-acetylmuramoyl-L-alanyl-D-glutamyl-meso-2,6-diaminopimelate synthetase	6.3.2.13	Meso-2,6-Diaminoheptanedioate + ATP C10H12N5O13P3 + UDP-N-acetylmuramoyl-L-alanyl-D-glutamate  -> ADP C10H12N5O10P2 + H+ + Phosphate + UDP-N-acetylmuramoyl-L-alanyl-D-gamma-glutamyl-meso-2,6-diaminopimelate 
UACGALPpp	UDP-N-acetyl-D-galactosamine pyrophosphohydrolase (periplasm)	3.6.1.45	H2O H2O + UDP-N-acetyl-D-galactosamine  -> N-Acetyl-D-galactosamine 1-phosphate + 2 H+ + UMP C9H11N2O9P 
UACGAMPpp	UDP-N-acetyl-D-glucosamine pyrophosphohydrolase (periplasm)	3.6.1.45	H2O H2O + UDP-N-acetyl-D-glucosamine  -> N-Acetyl-D-glucosamine 1-phosphate + 2 H+ + UMP C9H11N2O9P 
UACGAMtex	UDP-N-acetyl-D-glucosamine transport via diffusion (extracellular to periplasm)		UDP-N-acetyl-D-glucosamine  -> UDP-N-acetyl-D-glucosamine 
UAG2EMA	UDP-N-acetyl-D-glucosamine 2-epimerase (Hydrolysis)	3.2.1.183; 5.1.3.14; 5.1.3.7	H2O H2O + UDP-N-acetyl-D-glucosamine  <=> N-Acetyl-D-mannosamine + H+ + UDP C9H11N2O12P2 
UAGCVT	UDP-N-acetylglucosamine 1-carboxyvinyltransferase	2.5.1.7	Phosphoenolpyruvate + UDP-N-acetyl-D-glucosamine  -> Phosphate + UDP-N-acetyl-3-O-(1-carboxyvinyl)-D-glucosamine 
UAGDP	UDP-N-acetylglucosamine diphosphorylase	2.7.7.23	N-Acetyl-D-glucosamine 1-phosphate + H+ + UTP C9H11N2O15P3  -> Diphosphate + UDP-N-acetyl-D-glucosamine 
UAGPT3	UDP-N-acetylglucosamine-N-acetylmuramyl-(pentapeptide)pyrophosphoryl-undecaprenol N-acetylglucosamine transferase	2.4.1.227	UDP-N-acetyl-D-glucosamine + Undecaprenyl-diphospho-N-acetylmuramoyl-L-alanyl-D-glutamyl-meso-2,6-diaminopimeloyl-D-alanyl-D-alanine  -> H+ + Undecaprenyl-diphospho-N-acetylmuramoyl-(N-acetylglucosamine)-L-ala-D-glu-meso-2,6-diaminopimeloyl-D-ala-D-ala + UDP C9H11N2O12P2 
UAMAGS	UDP-N-acetylmuramoyl-L-alanyl-D-glutamate synthetase	6.3.2.9	ATP C10H12N5O13P3 + D-Glutamate + UDP-N-acetylmuramoyl-L-alanine  -> ADP C10H12N5O10P2 + H+ + Phosphate + UDP-N-acetylmuramoyl-L-alanyl-D-glutamate 
UAMAS	UDP-N-acetylmuramoyl-L-alanine synthetase	6.3.2.8	L-Alanine + ATP C10H12N5O13P3 + UDP-N-acetylmuramate  -> ADP C10H12N5O10P2 + H+ + Phosphate + UDP-N-acetylmuramoyl-L-alanine 
UAPGR	UDP-N-acetylenolpyruvoylglucosamine reductase	1.3.1.98	H+ + Nicotinamide adenine dinucleotide phosphate - reduced + UDP-N-acetyl-3-O-(1-carboxyvinyl)-D-glucosamine  -> Nicotinamide adenine dinucleotide phosphate + UDP-N-acetylmuramate 
UDCPDP	Undecaprenyl-diphosphatase		H2O H2O + Undecaprenyl diphosphate  -> H+ + Phosphate + Undecaprenyl phosphate 
UDCPDPS	Undecaprenyl diphosphate synthase	2.5.1; 2.5.1.31; 2.5.1.M1	Farnesyl diphosphate + H+ + 8 Isopentenyl diphosphate  -> 8 Diphosphate + Undecaprenyl diphosphate 
UDPACGALtex	UDP-N-acetyl-D-galactosamine transport via diffusion (extracellular to periplasm)		UDP-N-acetyl-D-galactosamine  -> UDP-N-acetyl-D-galactosamine 
UDPG4E	UDPglucose 4-epimerase	5.1.3.2	UDPglucose  <=> UDPgalactose 
UDPGALPpp	UDPgalactose pyrophosphohydrolase	3.6.1.45	H2O H2O + UDPgalactose  -> Alpha-D-Galactose 1-phosphate + 2 H+ + UMP C9H11N2O9P 
UDPGALtex	UDPgalactose transport via diffusion (extracellular to periplasm)		UDPgalactose  -> UDPgalactose 
UDPGLCURtex	UDP-D-glucuronate transport via diffusion (extracellular to periplasm)		UDP-D-glucuronate  -> UDP-D-glucuronate 
UDPGPpp	UDPglucose pyrophosphohydrolase	3.6.1.45; 3.6.1.8; 3.6.1.9	H2O H2O + UDPglucose  -> D-Glucose 1-phosphate + 2 H+ + UMP C9H11N2O9P 
UDPGtex	UDPglucose transport via diffusion (extracellular to periplasm)		UDPglucose  -> UDPglucose 
UGLCURPpp	UDP-D-glucuronate pyrophosphohydrolase (periplasm)		H2O H2O + UDP-D-glucuronate  -> D-Glucuronate 1-phosphate + 2 H+ + UMP C9H11N2O9P 
UGLT	UDPglucose--hexose-1-phosphate uridylyltransferase	2.7.7.12	Alpha-D-Galactose 1-phosphate + UDPglucose  <=> D-Glucose 1-phosphate + UDPgalactose 
UGLYCH	Ureidoglycolate hydrolase	3.5.1.116; 3.5.3.19	H2O H2O + 2 H+ + (-)-Ureidoglycolate  -> CO2 CO2 + Glyoxylate + 2 Ammonium 
UGMDDS	UDP-N-acetylmuramoyl-L-alanyl-D-glutamyl-meso-2,6-diaminopimeloyl-D-alanyl-D-alanine synthetase	6.3.2.10	D-Alanyl-D-alanine + ATP C10H12N5O13P3 + UDP-N-acetylmuramoyl-L-alanyl-D-gamma-glutamyl-meso-2,6-diaminopimelate  -> ADP C10H12N5O10P2 + H+ + Phosphate + UDP-N-acetylmuramoyl-L-alanyl-D-glutamyl-meso-2,6-diaminopimeloyl-D-alanyl-D-alanine 
UHBZ1t_pp	UHBZ1t LPAREN pp RPAREN		4-Hydroxybenzoate + H+  -> 4-Hydroxybenzoate + H+ 
UM3PL	UDP-N-acetylmuramate:L-alanyl-gamma-D-glutamyl-meso-diaminopimelate ligase		L-alanine-D-glutamate-meso-2,6-diaminoheptanedioate + ATP C10H12N5O13P3 + UDP-N-acetylmuramate  -> ADP C10H12N5O10P2 + H+ + Phosphate + UDP-N-acetylmuramoyl-L-alanyl-D-gamma-glutamyl-meso-2,6-diaminopimelate 
UM4PCP	UDP-N-acetylmuramoyl-L-alanyl-D-gamma-glutamyl-meso-2,6-diaminopimelate-D-alanine L,D-carboxypeptidase		H2O H2O + UDP-N-acetylmuramoyl-L-alanyl-D-gamma-glutamyl-meso-2,6-diaminopimelate-D-alanine  -> D-Alanine + UDP-N-acetylmuramoyl-L-alanyl-D-gamma-glutamyl-meso-2,6-diaminopimelate 
UM4PL	UDP-N-acetylmuramate:L-alanyl-gamma-D-glutamyl-meso-diaminopimelate-D-alanine ligase		L-alanine-D-glutamate-meso-2,6-diaminoheptanedioate-D-alanine + ATP C10H12N5O13P3 + UDP-N-acetylmuramate  -> ADP C10H12N5O10P2 + H+ + Phosphate + UDP-N-acetylmuramoyl-L-alanyl-D-gamma-glutamyl-meso-2,6-diaminopimelate-D-alanine 
UMPK	UMP kinase	2.7.4.14; 2.7.4.22; 2.7.4.4	ATP C10H12N5O13P3 + UMP C9H11N2O9P  <=> ADP C10H12N5O10P2 + UDP C9H11N2O12P2 
UMPtex	UMP transport via diffusion (extracellular to periplasm)		UMP C9H11N2O9P  -> UMP C9H11N2O9P 
UNK3	2-keto-4-methylthiobutyrate transamination	2.6.1.5; 2.6.1.57	2-keto-4-methylthiobutyrate + L-Glutamate  -> 2-Oxoglutarate + L-Methionine 
UPP3MT	Uroporphyrinogen methyltransferase	2.1.1.107	2 S-Adenosyl-L-methionine + Uroporphyrinogen III  -> 2 S-Adenosyl-L-homocysteine + Dihydrosirohydrochlorin + H+ 
UPP3S	Uroporphyrinogen-III synthase	4.2.1.75	Hydroxymethylbilane  -> H2O H2O + Uroporphyrinogen III 
UPPDC1	Uroporphyrinogen decarboxylase (uroporphyrinogen III)	4.1.1.37	4 H+ + Uroporphyrinogen III  -> 4 CO2 CO2 + Coproporphyrinogen III 
UPPRT	Uracil phosphoribosyltransferase	2.4.2.9	5-Phospho-alpha-D-ribose 1-diphosphate + Uracil  -> Diphosphate + UMP C9H11N2O9P 
URATEtex	Uric acid transport		Urate C5H4N4O3  -> Urate C5H4N4O3 
URATEtpp	Uric acid transporter		H+ + Urate C5H4N4O3  -> H+ + Urate C5H4N4O3 
URAt	Uracil transport via facilated diffusion		Uracil  -> Uracil 
URAt2	Uracil transport in via proton symport		H+ + Uracil  -> H+ + Uracil 
URAt2pp	Uracil transport in via proton symport (periplasm)		H+ + Uracil  -> H+ + Uracil 
URAtex	Uracil transport via diffusion (extracellular to periplasm)		Uracil  -> Uracil 
URAtpp	Uracil export via facillitated diffusion (periplasm)		Uracil  -> Uracil 
URCN	Urocanase	4.2.1.49	H2O H2O + Urocanate C6H5N2O2  -> 4-Imidazolone-5-propanoate 
UREASE	Urea carboxylase	6.3.4.6	ATP C10H12N5O13P3 + Bicarbonate + Urea CH4N2O  <=> ADP C10H12N5O10P2 + Allophanate C2H3N2O3 + H+ + Phosphate 
UREAabcpp	Urea transport via ABC system (periplasm)		ATP C10H12N5O13P3 + H2O H2O + Urea CH4N2O  -> ADP C10H12N5O10P2 + H+ + Phosphate + Urea CH4N2O 
UREAtex	Urea transport via diffusion (extracellular to periplasm)		Urea CH4N2O  -> Urea CH4N2O 
UREAtpp	Urea transport via facilitate diffusion (periplasm)		Urea CH4N2O  -> Urea CH4N2O 
URIC	Uricase	1.7.3.3	2 H2O H2O + O2 O2 + Urate C5H4N4O3  -> Allantoin + CO2 CO2 + Hydrogen peroxide 
URIDK2r	Uridylate kinase (dUMP)	2.7.4.13; 2.7.4.4; 2.7.4.9	ATP C10H12N5O13P3 + DUMP C9H11N2O8P  <=> ADP C10H12N5O10P2 + DUDP C9H11N2O11P2 
URIH	Uridine hydrolase	3.2.2.3	H2O H2O + Uridine  -> D-Ribose + Uracil 
URIK1	Uridine kinase  ATPUridine	2.7.1.213; 2.7.1.48	ATP C10H12N5O13P3 + Uridine  -> ADP C10H12N5O10P2 + H+ + UMP C9H11N2O9P 
URIK2	Uridine kinase (GTP:Uridine)	2.7.1.48	GTP C10H12N5O14P3 + Uridine  -> GDP C10H12N5O11P2 + H+ + UMP C9H11N2O9P 
URIt2pp	Uridine transport in via proton symport (periplasm)		H+ + Uridine  -> H+ + Uridine 
URItex	Uridine transport via diffusion (extracellular to periplasm)		Uridine  -> Uridine 
VACOAI	Vinylacetyl-CoA Delta-isomerase	5.3.3.3	Vinylacetyl-CoA  <=> Crotonoyl-CoA 
VACOAI_2	R_VACOAI_2		4 H+ + Vinylacetyl-CoA  <=> Crotonyl-CoA 
VALTA	Valine transaminase	2.6.1.42; 2.6.1.6	2-Oxoglutarate + L-Valine  <=> 3-Methyl-2-oxobutanoate + L-Glutamate 
VALabc	L-valine transport via ABC system		ATP C10H12N5O13P3 + H2O H2O + L-Valine  -> ADP C10H12N5O10P2 + H+ + Phosphate + L-Valine 
VALabcpp	L-valine transport via ABC system (periplasm)		ATP C10H12N5O13P3 + H2O H2O + L-Valine  -> ADP C10H12N5O10P2 + H+ + Phosphate + L-Valine 
VALt2rpp	L-valine reversible transport via proton symport (periplasm)		H+ + L-Valine  -> H+ + L-Valine 
VALt3pp	L-valine transport out via proton antiport (periplasm)		H+ + L-Valine  -> H+ + L-Valine 
VALtex	L-valine transport via diffusion (extracellular to periplasm)		L-Valine  -> L-Valine 
VANKpp	Vanillateproton symport transport		H+ + Vanillate  -> H+ + Vanillate 
VANLNtex	Vanillin transport via diffusion  extracellular to periplasm		Vanillin  -> Vanillin 
VANLTtex	Vanillate transport via diffusion  extracellular to periplasm		Vanillate  -> Vanillate 
VCACT	Acetyl-CoA C-acyltransferase (3-oxovaleryl-CoA)		Acetyl-CoA + Propanoyl-CoA  <=> 3-Ocopentanoyl-CoA + Coenzyme A 
VCOAD	Acyl-CoA dehydrogenase (pentanoyl-CoA)		Flavin adenine dinucleotide oxidized + Pentanoyl-CoA  <=> Flavin adenine dinucleotide reduced + Pent-2-enoyl-CoA 
VECOAH	3-hydroxyacyl-CoA dehydratase (3-hydroxypentanoyl-CoA)		3-Hydroxypentoyl-CoA  <=> H2O H2O + Pent-2-enoyl-CoA 
VNDH	VanillinNAD oxidoreductase	1.2.1.67	H2O H2O + Nicotinamide adenine dinucleotide + Vanillin  -> 2 H+ + Nicotinamide adenine dinucleotide - reduced + Vanillate 
VNLNpp	Vanillinproton symport transport		H+ + Vanillin  -> H+ + Vanillin 
VNTDM	Vanillateoxygen oxidoreductase  demethylating	1.14.13.82	H+ + Nicotinamide adenine dinucleotide - reduced + O2 O2 + Vanillate  -> 3,4-Dihydroxybenzoate + Formaldehyde + H2O H2O + Nicotinamide adenine dinucleotide 
VPAMTr	Valine-pyruvate aminotransferase	2.6.1.66	3-Methyl-2-oxobutanoate + L-Alanine  -> Pyruvate + L-Valine 
X5PL3E	L-xylulose 5-phosphate 3-epimerase	5.-.-.-; 5.1.3.22	L-Xylulose 5-phosphate  -> L-Ribulose 5-phosphate 
XAND	Xanthine dehydrogenase	1.17.1.4	H2O H2O + Nicotinamide adenine dinucleotide + Xanthine  -> H+ + Nicotinamide adenine dinucleotide - reduced + Urate C5H4N4O3 
XANt2	Xanthine transport in via proton symport		H+ + Xanthine  -> H+ + Xanthine 
XANt2pp	Xanthine transport in via proton symport (periplasm)		H+ + Xanthine  -> H+ + Xanthine 
XANtex	Xanthine transport via diffusion (extracellular to periplasm)		Xanthine  -> Xanthine 
XANtpp	Xanthine reversible transport (periplasm)		Xanthine  -> Xanthine 
XMPtex	XMP transport via diffusion (extracellular to periplasm)		Xanthosine 5'-phosphate  -> Xanthosine 5'-phosphate 
XPPT	Xanthine phosphoribosyltransferase	2.4.2.22; 2.4.2.8	5-Phospho-alpha-D-ribose 1-diphosphate + Xanthine  -> Diphosphate + Xanthosine 5'-phosphate 
XTSNH	Xanthosine hydrolase	3.2.2.1	H2O H2O + Xanthosine  -> D-Ribose + Xanthine 
XTSNtex	Xanthosine transport via diffusion (extracellular to periplasm)		Xanthosine  -> Xanthosine 
XYLANabc	Oligo-xylan ABC transport		ATP C10H12N5O13P3 + H2O H2O + Xylan (4 backbone units, 1 glcur side chain)  -> ADP C10H12N5O10P2 + H+ + Phosphate + Xylan (4 backbone units, 1 glcur side chain) 
XYLBabc	Xylobiose ABC transport		ATP C10H12N5O13P3 + H2O H2O + Xylobiose  -> ADP C10H12N5O10P2 + H+ + Phosphate + Xylobiose 
XYLI1	Xylose isomerase	5.3.1.5	D-Xylose  <=> D-Xylulose 
XYLI2	Xylose isomerase	5.3.1.5	D-Glucose  <=> D-Fructose 
XYLK	Xylulokinase	2.7.1.17	ATP C10H12N5O13P3 + D-Xylulose  -> ADP C10H12N5O10P2 + H+ + D-Xylulose 5-phosphate 
XYLK2	L-xylulokinase	2.7.1.53	ATP C10H12N5O13P3 + L-Xylulose  -> ADP C10H12N5O10P2 + H+ + L-Xylulose 5-phosphate 
XYLOS1	Exo-xylosidase		3 H2O H2O + Xylotetraose  <=> 4 D-Xylose 
XYLOS3	Exo-xylosidase		H2O H2O + Xylobiose  <=> 2 D-Xylose 
XYLUt2pp	L-xylulose transport in via proton symport (periplasm)		H+ + L-Xylulose  -> H+ + L-Xylulose 
XYLUtex	L-xylulose transport via diffusion (extracellular to periplasm)		L-Xylulose  -> L-Xylulose 
XYLabc	D-xylose transport via ABC system		ATP C10H12N5O13P3 + H2O H2O + D-Xylose  -> ADP C10H12N5O10P2 + H+ + Phosphate + D-Xylose 
XYLabcpp	D-xylose transport via ABC system (periplasm)		ATP C10H12N5O13P3 + H2O H2O + D-Xylose  -> ADP C10H12N5O10P2 + H+ + Phosphate + D-Xylose 
XYLt	D xylose reversible transport		D-Xylose  <=> D-Xylose 
XYLt2	D-xylose transport in via proton symport		H+ + D-Xylose  -> H+ + D-Xylose 
XYLtex	D-xylose transport via diffusion (extracellular to periplasm)		D-Xylose  -> D-Xylose 
YUMPS	YUMP synthetase		Alpha-D-Ribose 5-phosphate + Uracil  <=> H2O H2O + Pseudouridine 5  phosphate C9H11N2O9P 
ZN2abcpp	Zinc (Zn+2) ABC transporter, efflux (periplasm)	3.6.3.5	ATP C10H12N5O13P3 + H2O H2O + Zinc  -> ADP C10H12N5O10P2 + H+ + Phosphate + Zinc 
ZN2t3pp	Zinc (Zn+2) transport out via proton antiport (periplasm)		H+ + Zinc  -> H+ + Zinc 
ZN2t4pp	Zinc transport out via antiport (periplasm)		H+ + Potassium + Zinc  -> H+ + Potassium + Zinc 
ZN2t5	Zinc  Zn2  transport out via proton antiport  cytosolexternal		H+ + Zinc  -> H+ + Zinc 
ZN2t6	Zinc  Zn2  transport out via proton antiport  periplasmexternal		H+ + Zinc  -> H+ + Zinc 
ZN2tpp	Zinc transport in via permease (no H+)		Zinc  -> Zinc 
ZNabc	Zinc transport via ABC system	3.6.3.5	ATP C10H12N5O13P3 + H2O H2O + Zinc  -> ADP C10H12N5O10P2 + H+ + Phosphate + Zinc 
ZNabcpp	Zinc (Zn+2) transport via ABC system (periplasm)	3.6.3.5	ATP C10H12N5O13P3 + H2O H2O + Zinc  -> ADP C10H12N5O10P2 + H+ + Phosphate + Zinc 
Zn2tex	Zinc (Zn+2) transport via diffusion (extracellular to periplasm)		Zinc  -> Zinc 
aratry1	Aromatic amino acid aminotransferase tryptophan		4-Methyl-2-oxopentanoate + L-Tryptophan  <=> Indolepyruvate C11H8NO3 + L-Leucine 
ilvg	Isoleucine biosynthesi step i		2-Oxobutanoate + Hydroxy ethyl Thiamin diphosphate  -> (S)-2-Aceto-2-hydroxybutanoate + Thiamine diphosphate 
r0963	Facilitated diffusion		Folate  -> Folate 
sink_2ohph_c	R_sink_2ohph_c		2-Octaprenyl-6-hydroxyphenol  -> 
sink_4crsol_c	R_sink_4crsol_c		P-Cresol  -> 
sink_4hba_c	R_sink_4hba_c		4-Hydroxy-benzyl alcohol  -> 
sink_5drib_c	R_sink_5drib_c		5'-deoxyribose  -> 
sink_amob_c	R_sink_amob_c		S-Adenosyl-4-methylthio-2-oxobutanoate  -> 
sink_hemeO_c	R_sink_hemeO_c		Heme O C49H56FeN4O5  -> 
sink_lipopb_c	R_sink_lipopb_c		Lipoate (protein bound)  -> 
sink_mobd_c	R_sink_mobd_c		Molybdate  -> 
sink_sheme_c	R_sink_sheme_c		Siroheme C42H36FeN4O16  -> 
Growth	Biomass reaction		0.000223 10-Formyltetrahydrofolate + 0.513689 L-Alanine + 0.000223 S-Adenosyl-L-methionine + 0.295792 L-Arginine + 0.241055 L-Asparagine + 0.241055 L-Aspartate + 54.1248 ATP C10H12N5O13P3 + 0.005205 Calcium + 0.005205 Chloride + 0.000576 Coenzyme A + 0.0001 Co2+ + 0.133508 CTP C9H12N3O14P3 + 0.000709 Copper + 0.09158 L-Cysteine + 0.026166 DATP C10H12N5O12P3 + 0.027017 DCTP C9H12N3O13P3 + 0.027017 DGTP C10H12N5O13P3 + 0.026166 DTTP C10H13N2O14P3 + 0.000223 Flavin adenine dinucleotide oxidized + 0.006715 Fe2+ mitochondria + 0.007808 Iron (Fe3+) + 0.26316 L-Glutamine + 0.26316 L-Glutamate + 0.612638 Glycine + 0.215096 GTP C10H12N5O14P3 + 48.6015 H2O H2O + 0.094738 L-Histidine + 0.290529 L-Isoleucine + 0.195193 Potassium + 0.450531 L-Leucine + 0.343161 L-Lysine + 0.153686 L-Methionine + 0.008675 Magnesium + 0.000223 5,10-Methylenetetrahydrofolate + 0.000691 Manganese + 0.0001 Menaquinol 8 + 0.001831 Nicotinamide adenine dinucleotide + 0.000447 Nicotinamide adenine dinucleotide phosphate + 0.185265 L-Phenylalanine + 0.221055 L-Proline + 0.000223 Pyridoxal 5'-phosphate + 0.000223 Riboflavin C17H20N4O6 + 0.215792 L-Serine + 0.004338 Sulfate + 0.000223 5,6,7,8-Tetrahydrofolate + 0.000223 Thiamine diphosphate + 0.253687 L-Threonine + 0.056843 L-Tryptophan + 0.137896 L-Tyrosine + 0.1 Undecaprenyl-diphospho-N-acetylmuramoyl-(N-acetylglucosamine)-L-ala-D-glu-meso-2,6-diaminopimeloyl-D-ala-D-ala + 0.144104 UTP C9H11N2O15P3 + 0.423162 L-Valine + 0.000341 Zinc  -> 53.95 ADP C10H12N5O10P2 + 53.95 H+ + 53.9457 Phosphate + 0.773903 Diphosphate 
ATPM	ATP maintenance reaction (NGAM)		ATP C10H12N5O13P3 + H2O H2O  -> ADP C10H12N5O10P2 + H+ + Phosphate 
sink_fe3cmcbtt_c	汇反应 铁(III)羧霉菌素B		铁(III)羧霉菌素B  -> 
sink_oh_c	汇反应 氢氧根离子		氢氧根离子  -> 
AGPATr_BS	1-acylglycerol-3-phosphate O-acyltransferase (BS specific)	2.3.1.51	10 Palmitoyl-CoA (n-C16:0CoA) + 3 Tetradecanoyl-CoA (n-C14:0CoA) + 1-酰基甘油-3-磷酸(BS特异性) + 7 脂肪酸11辅酶A + 17 脂肪酸12辅酶A + 脂肪酸1辅酶A + 20 脂肪酸3辅酶A + 34 脂肪酸4辅酶A + 5 脂肪酸6辅酶A + 3 硬脂酸辅酶A  <=> 100 Coenzyme A + 1,2-二酰基甘油-3-磷酸(BS特异性) 
EX_12dag3p_BS_c	交换反应 1,2-二酰基甘油-3-磷酸(BS特异性)		1,2-二酰基甘油-3-磷酸(BS特异性)  -> 
MAN6Gpts	mannose-6-phosphate group transporter via PEP:Pyr PTS	2.7.1.69	H2O H2O + Phosphoenolpyruvate + 甘露糖-6-磷酸(胞外)  -> 3 H+ + 2(alpha-D-Mannosyl-6-phosphate)-D-glycerate + Phosphate + Pyruvate 
sink_12dag3p_BS_c	汇反应 1,2-二酰基甘油-3-磷酸(BS特异性)		1,2-二酰基甘油-3-磷酸(BS特异性)  -> 
EX_man6pglyc_e	交换反应 甘露糖-6-磷酸(胞外)		甘露糖-6-磷酸(胞外)  -> 
GMAND	GDP-mannose dehydratase		GDP-D-mannose  -> H2O H2O + GDP-4-dehydro-6-deoxy-D-mannose 
GDPDDM2GDPOFUC	GDP-4-dehydro-6-deoxy-D-mannose to GDP-4-oxo-L-fucose		GDP-4-dehydro-6-deoxy-D-mannose  -> GDP-4-oxo-L-fucose 
GOFUCR	GDP-L-fucose synthase		H+ + Nicotinamide adenine dinucleotide phosphate - reduced + GDP-4-oxo-L-fucose  -> Nicotinamide adenine dinucleotide phosphate + GDP-L-fucose 
EX_gdpfuc_c	GDP-L-fucose exchange		GDP-L-fucose  -> 
